ID,Edge,R2,R4,ep,as,J,Je,ep1,ep2,ti,to,R1,R3,R5,t1,t2,t3,t4,Convection,Radiation,‚‘t,SAT,ar,ƒ°R
1,Hoka,0.09806,2.83346,0.42383,0.85569,387.45291,103.05183,0.21759,0.70855,26.9718,-1.09739,0.04,0.0382565,0.11,11.61781485,12.10668532,12.29741011,26.42340359,-4.768119753,-0.217302127,-4.985421881,11.41839798,1.139349149,3.1197765
2,Hoka,0.01993,0.62676,0.71891,0.35658,656.27829,89.75796,0.79736,0.50017,5.05431,-4.42987,0.04,0.03632189,0.11,3.04073166,3.091336975,3.183563803,4.775003195,-2.305670699,-0.233482075,-2.539152774,2.939165549,2.531606907,0.83301189
3,Hoka,0.04391,3.66326,0.60311,0.3228,905.61081,8.0854,0.63374,0.15522,-3.90386,-13.94628,0.04,0.03874075,0.11,-1.47345814,-1.501134855,-1.525553364,-3.834526392,0.610462725,0.019842803,0.630305528,-1.448245919,0.8126132,3.89591075
4,Hoka,0.06036,4.65861,0.65733,0.52553,10.26522,73.71079,0.03366,0.28486,39.19433,35.03158,0.04,0.039718691,0.11,33.20868567,33.28289322,33.33172402,39.05909423,-1.220769961,-0.008646154,-1.229416115,33.15950902,0.17706354,4.908688691
5,Hoka,0.00413,0.35409,0.04318,0.34286,667.58387,83.63964,0.68719,0.09189,-2.61706,-11.23634,0.04,0.039210806,0.11,-1.527601006,-1.536468158,-1.620654149,-2.380888905,2.10464978,0.042360177,2.147009958,-1.441720608,0.503173706,0.547430806
6,Hoka,0.01584,2.42897,0.67229,0.3013,223.64742,116.64145,0.63963,0.60919,12.17151,-11.04315,0.04,0.036248527,0.11,-11.16257366,-11.01992466,-10.69348428,11.18089201,-8.161009696,-0.844608439,-9.005618135,-11.52279838,2.587328256,2.631058527
7,Hoka,0.02247,1.55585,0.64006,0.45201,782.18264,0.93348,0.13047,0.2183,3.44923,-13.47201,0.04,0.039204455,0.11,1.909591414,1.929617573,1.964558145,3.35119362,-0.873514295,-0.017725525,-0.89123982,1.873941822,0.507304951,1.767524455
8,Hoka,0.09859,3.14157,0.0823,0.74159,930.47085,55.4039,0.74898,0.62091,20.53607,-5.20406,0.04,0.035801157,0.11,24.55146664,24.43454919,24.39209275,20.66651852,1.061410913,0.124484746,1.185895659,24.59890246,2.932058277,3.425961157
9,Hoka,0.09137,6.01508,0.41454,0.29297,443.48864,132.51825,0.44105,0.83121,-6.77903,25.76872,0.04,0.036617552,0.11,28.80175605,28.2818486,28.07348985,-6.15311537,5.208968569,0.481164434,5.690133003,29.02936137,2.309307626,6.293067552
10,Hoka,0.03959,4.26756,0.8567,0.38063,248.34924,58.67773,0.31823,0.79122,9.99705,34.50105,0.04,0.037488533,0.11,36.19019723,35.95740916,35.73697766,10.64384686,5.510787509,0.369183904,5.879971413,36.42539608,1.674823712,4.494638533
11,Hoka,0.0249,6.85405,0.02428,0.24536,892.61062,35.49623,0.36572,0.724,33.29759,32.44018,0.04,0.037270186,0.11,41.87608614,41.84568508,41.80018093,33.43189188,1.137603642,0.083322533,1.220926175,41.92492319,1.831097628,7.066220186
12,Hoka,0.04198,2.66979,0.88029,0.66404,349.91161,61.51075,0.56304,0.46751,13.4892,39.21275,0.04,0.037096073,0.11,46.49906469,46.01434309,45.58601371,14.75931375,10.70823468,0.838253982,11.54648866,46.96092423,1.957031218,2.898866073
13,Hoka,0.07332,2.70323,0.33454,0.58041,669.97919,81.56295,0.73573,0.83529,11.99741,21.53134,0.04,0.03488518,0.11,36.91094601,36.28568468,35.98818939,12.93547256,7.437382178,1.090459267,8.527841445,37.25205967,3.665467368,2.96143518
14,Hoka,0.04289,5.25026,0.54108,0.38424,732.70454,149.99829,0.75894,0.75525,32.98043,-11.59228,0.04,0.035118531,0.11,-2.618556032,-2.337797459,-2.107911037,32.26036838,-5.747160549,-0.798854204,-6.546014752,-2.880396622,3.47499516,5.478268531
15,Hoka,0.07343,0.53028,0.82216,0.14969,384.76326,65.30498,0.13009,0.31031,19.73903,1.14191,0.04,0.039099624,0.11,2.241377409,3.948120505,4.856918192,17.18228561,-22.71994217,-0.523188661,-23.24313083,1.311652175,0.575693214,0.792809624
16,Hoka,0.05106,2.75136,0.776,0.7491,430.94571,65.12458,0.64069,0.06476,-5.09317,-13.97614,0.04,0.03943762,0.11,-2.177186174,-2.227625644,-2.26658398,-4.984506825,0.973958399,0.013888645,0.987847045,-2.137672292,0.356499964,2.99185762
17,Hoka,0.04314,4.70079,0.77253,0.13328,674.72257,85.77218,0.66639,0.21903,37.16707,11.3738,0.04,0.038275954,0.11,12.60357008,12.82017367,13.01235515,36.61476598,-4.804537009,-0.216408583,-5.020945592,12.40273226,1.126063672,4.932205954
18,Hoka,0.03119,6.8092,0.86414,0.31783,763.9177,36.52163,0.15895,0.6129,5.20271,36.48691,0.04,0.038723576,0.11,45.44080083,45.26123213,45.03829073,5.836007763,5.573535025,0.183717363,5.757252388,45.67109092,0.824061221,7.029113576
19,Hoka,0.06756,2.59737,0.49995,0.80771,713.11399,81.47538,0.33881,0.57267,12.65633,13.56528,0.04,0.037674985,0.11,36.49819465,35.92550265,35.60613967,13.58877701,7.984074333,0.492716676,8.476791009,36.83726629,1.542810899,2.852604985
20,Hoka,0.0664,0.98966,0.20712,0.16623,947.92336,35.46155,0.07557,0.28564,25.82009,9.74147,0.04,0.03942815,0.11,16.57975305,17.08872394,17.39094955,24.97691534,-7.555640242,-0.109583965,-7.665224208,16.27314408,0.362589938,1.24548815
21,Hoka,0.09701,0.7596,0.12608,0.25294,23.49303,135.28278,0.06306,0.40236,5.12195,15.62108,0.04,0.039480532,0.11,14.7548728,13.82604005,13.44802941,6.175156917,9.450265879,0.12434246,9.574608339,15.13785714,0.328939052,1.046090532
22,Hoka,0.04062,2.20297,0.87691,0.12574,889.1423,127.44458,0.9725,0.28209,17.07681,-8.43843,0.04,0.037598859,0.11,-8.01677868,-7.590504708,-7.195935164,15.92244917,-9.864238593,-0.629950767,-10.49418936,-8.436546254,1.596551931,2.431188859
23,Hoka,0.07618,2.58829,0.39943,0.40467,193.35678,35.10564,0.7349,0.20397,7.53415,-12.94041,0.04,0.038337864,0.11,-9.900158941,-9.427981061,-9.190355812,6.852349438,-5.940631209,-0.257555721,-6.19818693,-10.14808642,1.083873549,2.852807864
24,Hoka,0.07019,0.65653,0.4718,0.32338,320.03349,0.08967,0.30348,0.53706,2.57455,-0.5105,0.04,0.037918544,0.11,3.925546119,3.817128284,3.758558025,2.7444597,1.464256482,0.080377158,1.544633641,3.987331465,1.372320344,0.914638544
25,Hoka,0.07266,1.39721,0.30556,0.57856,833.19699,76.95992,0.41709,0.64504,29.89065,22.08579,0.04,0.037126055,0.11,41.72939222,41.19741627,40.92560003,30.69600858,6.795406045,0.526035579,7.321441624,42.02224989,1.935261762,1.656996055
26,Hoka,0.05132,1.21846,0.96352,0.43964,385.38167,77.94405,0.86534,0.26348,23.92334,3.29865,0.04,0.03781588,0.11,7.853335041,8.435103559,8.863788061,22.67636929,-10.71711256,-0.618984828,-11.33609739,7.399891145,1.443916971,1.45759588
27,Hoka,0.03709,1.05761,0.75975,0.38254,323.03951,141.73759,0.1796,0.93279,15.42211,34.85692,0.04,0.038444526,0.11,34.92042021,34.33867584,33.73568618,17.14742357,15.07474149,0.609927346,15.68466884,35.54780696,1.011505481,1.283144526
28,Hoka,0.01185,5.78839,0.3517,0.56278,251.65964,52.24548,0.02474,0.33384,5.57812,34.97159,0.04,0.039785954,0.11,40.09840348,40.0296533,39.79882702,6.216307331,5.770657176,0.031045833,5.80170301,40.3304716,0.134498691,5.990025954
29,Hoka,0.0813,4.74886,0.47068,0.18494,344.21438,83.06878,0.70304,0.05608,3.33691,-2.5178,0.04,0.039506132,0.11,-1.411820504,-1.334290851,-1.296616844,3.23201133,-0.941850163,-0.011774112,-0.953624275,-1.449965475,0.312526149,5.019666132
30,Hoka,0.00641,3.03432,0.8011,0.92211,58.57821,80.1823,0.17534,0.43856,-7.81949,32.30983,0.04,0.038734288,0.11,31.37401084,31.29524202,30.81925853,-6.467762969,11.89958732,0.388840238,12.28842755,31.86554794,0.816919587,3.229464288
31,Hoka,0.00661,0.91653,0.30247,0.34097,533.07121,7.99029,0.70385,0.05546,22.26834,29.82116,0.04,0.039511359,0.11,37.06689593,36.97570278,36.43059457,23.78592644,13.62770513,0.168535186,13.79624032,37.61874554,0.309177488,1.112651359
32,Hoka,0.03493,5.87504,0.68335,0.96068,476.3168,39.20044,0.32802,0.65813,22.49258,25.15141,0.04,0.037595573,0.11,43.74154871,43.61901987,43.48714063,22.87844236,3.296981073,0.210858578,3.507839651,43.88186229,1.598876166,6.097565573
33,Hoka,0.07205,3.64532,0.98759,0.74641,495.57572,2.42606,0.37437,0.14714,31.35918,15.18708,0.04,0.038950297,0.11,31.16761495,31.17118482,31.1731147,31.35372982,-0.048246879,-0.001300244,-0.049547123,31.16563307,0.673745221,3.906320297
34,Hoka,0.04946,4.95179,0.97124,0.43981,534.43395,136.30392,0.9044,0.63165,9.49789,14.56426,0.04,0.035238638,0.11,18.95448134,18.86359938,18.79884894,9.700013257,1.61876098,0.218723178,1.837484158,19.02798071,3.377941232,5.186488638
35,Hoka,0.05484,5.72964,0.77666,0.41788,429.60869,26.26537,0.57177,0.85043,-9.36475,23.66239,0.04,0.03576048,0.11,30.31326336,29.94634025,29.70707427,-8.628762735,5.981649499,0.709143816,6.690793315,30.58089509,2.963830528,5.97024048
36,Hoka,0.09597,6.8699,0.82528,0.80534,355.26701,56.9608,0.33519,0.64387,22.8377,-6.32649,0.04,0.037575417,0.11,4.174202281,4.425998109,4.52458447,22.54909376,-2.464659037,-0.159034072,-2.623693109,4.069254557,1.613144758,7.153445417
37,Hoka,0.0702,3.84608,0.33501,0.46716,709.17107,101.0686,0.98492,0.49889,7.04166,27.51779,0.04,0.035939513,0.11,40.12409216,39.55238826,39.25969937,7.937492322,7.317222071,0.826708126,8.143930197,40.44984936,2.824528618,4.102219513
38,Hoka,0.01366,6.18705,0.68034,0.37346,730.92119,31.71392,0.04943,0.60289,-0.25958,9.81243,0.04,0.039567762,0.11,20.61112238,20.56622768,20.43618503,0.101943912,3.251066358,0.035514664,3.286581023,20.74258562,0.273100118,6.390277762
39,Hoka,0.06927,2.24372,0.76589,0.36843,300.81182,61.951,0.64587,0.56392,12.69704,-11.80589,0.04,0.036420185,0.11,-8.702180126,-8.099464895,-7.782574463,11.73993483,-7.922260795,-0.778695335,-8.70095613,-9.050218372,2.457301506,2.499410185
40,Hoka,0.09677,3.80057,0.2456,0.51999,14.99385,122.29093,0.93639,0.39128,-9.51146,19.17034,0.04,0.036799332,0.11,17.9320308,17.27535051,17.0256306,-8.765001053,6.242997838,0.542992592,6.78599043,18.20347042,2.174406454,4.084139332
41,Hoka,0.06258,1.35129,0.68896,0.49595,964.50148,21.08406,0.5471,0.93883,36.67234,11.12502,0.04,0.035696811,0.11,31.42560788,31.63614101,31.75623308,36.30227536,-3.002301704,-0.361922316,-3.36422402,31.29103891,3.013707078,1.599566811
42,Hoka,0.01967,1.11422,0.22576,0.4866,863.4855,40.40694,0.48396,0.5155,21.69504,24.87746,0.04,0.037177854,0.11,42.11170048,41.79821535,41.20570371,23.44813422,14.81279115,1.124429049,15.9372202,42.74918928,1.897733246,1.321067854
43,Hoka,0.04252,4.70737,0.93483,0.77588,445.69704,16.88989,0.08701,0.52183,4.92357,12.72547,0.04,0.039277719,0.11,26.89470263,26.70401462,26.52786715,5.416883299,4.403686636,0.080979718,4.484666353,27.07408928,0.459726841,4.939167719
44,Hoka,0.03715,1.4358,0.36609,0.22742,769.47992,118.78487,0.83138,0.33531,39.03137,37.83767,0.04,0.037325838,0.11,43.44646391,43.34523378,43.2435245,39.33110929,2.542731859,0.182170781,2.724902641,43.55546002,1.791093117,1.660275838
45,Hoka,0.06546,1.06346,0.26072,0.35146,203.36462,64.29676,0.17681,0.19659,12.02364,2.66555,0.04,0.039084539,0.11,5.256108107,5.602744308,5.809712169,11.44114715,-5.174196531,-0.121193027,-5.295389558,5.044292525,0.585564474,1.318004539
46,Hoka,0.05995,4.40691,0.92272,0.70562,269.95414,116.98624,0.13761,0.41521,32.3804,25.2425,0.04,0.038974811,0.11,28.86166649,28.90736745,28.93707865,32.29654503,-0.742779912,-0.019537989,-0.762317901,28.83117378,0.657596856,4.655834811
47,Hoka,0.00777,1.92449,0.05923,0.84776,406.21099,48.92252,0.50576,0.55364,36.29629,30.93852,0.04,0.036969166,0.11,45.60601813,45.57122804,45.40569896,36.78881392,4.138226969,0.339263191,4.47749016,45.78511774,2.049568532,2.119229166
48,Hoka,0.03968,2.16834,0.73583,0.20929,340.86096,34.02715,0.4211,0.26715,26.08413,-0.49132,0.04,0.038292639,0.11,1.931752182,2.3384751,2.730977467,24.95662191,-9.812559185,-0.437514348,-10.25007353,1.521749241,1.114679515,2.396312639
49,Hoka,0.09778,6.73674,0.13829,0.88871,758.48197,95.66862,0.31132,0.8622,-6.31431,-2.64056,0.04,0.037464605,0.11,25.90703849,25.45579094,25.28289453,-5.806668042,4.322410353,0.292516537,4.614926889,26.09163557,1.691860054,7.021984605
50,Hoka,0.03036,0.07823,0.30878,0.87071,933.60628,124.83381,0.4848,0.73558,-2.75902,26.5659,0.04,0.036556033,0.11,51.69634267,45.21666204,37.4145731,20.71808376,195.0522235,18.37599251,213.428216,60.23347131,2.355265705,0.295146033
51,Hoka,0.06386,2.6324,0.35814,0.75137,287.73986,62.34001,0.74211,0.62474,21.23765,14.06431,0.04,0.035805954,0.11,22.47612491,22.44829691,22.43269391,21.28558423,0.390075182,0.045690536,0.435765718,22.49355554,2.928316023,2.882065954
52,Hoka,0.09465,0.96305,0.47714,0.66102,947.33293,142.78703,0.61422,0.37881,23.89963,-5.04025,0.04,0.037389166,0.11,19.37416231,19.72960117,19.87000859,23.48654733,-3.510185503,-0.245111466,-3.755296969,19.22395043,1.745715901,1.245089166
53,Hoka,0.02466,4.6782,0.91809,0.15508,929.94016,124.92263,0.43309,0.608,-1.2693,19.88895,0.04,0.037131357,0.11,20.98906693,20.87589326,20.70548402,-0.76447016,4.260231106,0.32913108,4.589362185,21.17264142,1.931415642,4.889991357
54,Hoka,0.08067,4.79953,0.79156,0.93491,328.99464,80.75932,0.88263,0.80441,7.24585,33.872,0.04,0.034310488,0.11,44.17170946,43.57885388,43.3267011,8.054256023,6.303819391,1.045326271,7.349145662,44.46567528,4.145606837,5.064510488
55,Hoka,0.01455,2.63705,0.2543,0.91045,205.9292,134.74138,0.14574,0.71723,37.80612,3.71557,0.04,0.038780356,0.11,10.76372902,10.90423378,11.27872346,36.74388465,-9.362242003,-0.294442999,-9.656685002,10.37746162,0.786251303,2.840380356
56,Hoka,0.08938,2.00497,0.63388,0.91769,910.97768,33.05754,0.54759,0.47154,16.63534,-2.11607,0.04,0.037125185,0.11,33.02794511,32.37428138,32.10277335,17.43980421,6.787700578,0.525610416,7.313310994,33.32047755,1.93589276,2.281475185
57,Hoka,0.0706,5.92815,0.85259,0.96236,701.17543,39.77473,0.66986,0.52026,14.64083,25.60266,0.04,0.036546635,0.11,53.2155602,52.77239592,52.5429885,15.33131259,5.735185303,0.541929129,6.277114431,53.46664477,2.362299996,6.185296635
58,Hoka,0.02868,2.73054,0.68714,0.90065,79.07399,78.26214,0.26798,0.87182,5.82874,-12.47937,0.04,0.037777418,0.11,-11.48286221,-11.31206854,-11.0870984,5.173673631,-5.624253598,-0.330895212,-5.95514881,-11.72106816,1.470840557,2.946997418
59,Hoka,0.05558,6.96314,0.0322,0.85672,466.54133,123.02769,0.8093,0.29521,5.09521,9.39182,0.04,0.037629913,0.11,26.47828458,26.31244404,26.20016328,5.423429837,2.807019105,0.176797598,2.983816704,26.59763724,1.574602734,7.206349913
60,Hoka,0.01425,0.84893,0.26632,0.93133,507.99634,78.72915,0.79974,0.97617,21.17545,-7.06956,0.04,0.033927002,0.11,12.91693149,13.0337849,13.31199444,20.27342367,-6.955238399,-1.245000992,-8.200239391,12.58892192,4.475047873,1.047107002
61,Hoka,0.06463,2.84633,0.18175,0.36428,727.51839,113.26635,0.73253,0.04836,22.68169,16.8054,0.04,0.039570892,0.11,27.37167924,27.27263956,27.21200071,22.85025514,1.515971131,0.016439226,1.532410357,27.43297565,0.271100581,3.100530892
62,Hoka,0.08197,5.43671,0.2655,0.99416,3.85589,12.61997,0.18035,0.86851,9.6469,9.03387,0.04,0.038459279,0.11,9.059009451,9.067512751,9.071502391,9.635488959,-0.099741005,-0.003995734,-0.103736739,9.054859981,1.001527485,5.707139279
63,Hoka,0.00076,4.48179,0.59429,0.34864,798.01104,22.61913,0.09458,0.55651,36.08611,21.30544,0.04,0.039212997,0.11,32.84543722,32.84596897,32.87340484,36.00914708,-0.685896986,-0.013765924,-0.69966291,32.81745071,0.501748968,4.671762997
64,Hoka,0.0247,5.86662,0.79859,0.49943,609.47565,32.3168,0.98693,0.94379,28.68066,20.1212,0.04,0.032983993,0.11,32.21008904,32.19564216,32.17635001,28.74499836,0.482303601,0.102590538,0.58489414,32.23348481,5.317736471,6.074303993
65,Hoka,0.01956,5.8982,0.33113,0.47159,497.68905,4.28564,0.29293,0.48231,-7.51693,-1.88331,0.04,0.038064232,0.11,8.1562091,8.105669126,8.007317117,-7.232707241,2.458800231,0.125043036,2.583843267,8.259562831,1.271382633,6.105824232
66,Hoka,0.06153,6.03787,0.82376,0.11969,278.57361,32.8239,0.76536,0.63725,36.11024,27.72408,0.04,0.03566172,0.11,28.04977125,28.1291877,28.1752161,35.96826357,-1.150709917,-0.139984893,-1.29069481,27.99814346,3.041272413,6.28506172
67,Hoka,0.05614,1.6804,0.2115,0.14001,629.82904,139.52118,0.24647,0.46198,30.04259,18.56628,0.04,0.0383252,0.11,21.30278098,21.5630929,21.74080053,29.53253814,-4.442690724,-0.194144324,-4.636835048,21.11730758,1.092492906,1.9248652
68,Hoka,0.00054,2.95199,0.5247,0.39893,78.70239,68.29557,0.91919,0.09522,24.12164,33.82995,0.04,0.039156248,0.11,33.51584637,33.51421085,33.39561669,24.45480158,2.964854008,0.063887656,3.028741665,33.63699604,0.538708283,3.141686248
69,Hoka,0.08705,6.91879,0.03567,0.6299,541.18273,123.49925,0.72196,0.93093,7.8812,-5.41737,0.04,0.034590961,0.11,9.205041011,9.18892445,9.18252023,7.901565557,0.1601055,0.02503593,0.18514143,9.212446669,3.909286378,7.190430961
70,Hoka,0.05424,0.55686,0.65786,0.41395,549.54547,107.66028,0.10245,0.85271,17.15866,22.06177,0.04,0.039101753,0.11,28.28745816,27.4934242,26.92100311,18.76897962,14.31052721,0.328742065,14.63926928,28.87302894,0.574301108,0.800201753
71,Hoka,0.01099,5.67587,0.13311,0.26251,873.85838,29.43289,0.956,0.86242,5.33904,14.8519,0.04,0.033633612,0.11,24.52370789,24.48754637,24.37687827,5.700984221,2.766702591,0.523699418,3.290402009,24.65532397,4.73216221,5.870493612
72,Hoka,0.0922,4.47414,0.87269,0.48299,577.60621,25.33611,0.0403,0.86618,37.03368,9.44873,0.04,0.039637737,0.11,20.75495313,21.07321134,21.21003384,36.65397932,-3.420562645,-0.031261723,-3.451824368,20.61688015,0.228483776,4.755977737
73,Hoka,0.06697,0.52348,0.86964,0.67872,503.4485,141.29692,0.42903,0.77016,4.03862,6.51831,0.04,0.036805633,0.11,15.41512317,14.38171714,13.81377384,5.736016796,14.19858246,1.2322975,15.43087996,16.03235837,2.169754452,0.777255633
74,Hoka,0.00998,0.93082,0.94899,0.52868,86.96974,130.52264,0.23746,0.67351,15.39015,13.09354,0.04,0.038146335,0.11,9.908566789,9.958804527,10.15082713,14.83642744,-4.800565123,-0.233276336,-5.03384146,9.707213131,1.214837891,1.128946335
75,Hoka,0.09435,6.05111,0.87316,0.19045,637.24592,104.36329,0.31972,0.27361,21.80549,11.87187,0.04,0.038481426,0.11,13.24097998,13.36936718,13.42173096,21.65580699,-1.309094489,-0.051660155,-1.360754644,13.18654979,0.986562756,6.333941426
76,Hoka,0.00309,6.21137,0.08162,0.78603,993.65837,82.03288,0.50396,0.84862,6.89879,28.07983,0.04,0.036182217,0.11,61.40444285,61.377964,61.06791113,7.84140265,7.751321786,0.817884119,8.569205905,61.74721108,2.637885968,6.400642217
77,Hoka,0.05601,3.07597,0.09985,0.57649,342.04059,120.29931,0.92396,0.97891,36.37223,-10.36955,0.04,0.033147492,0.11,-1.851792766,-1.198099888,-0.811235409,35.08841967,-9.671611993,-1.999391001,-11.67100299,-2.318632886,5.168194821,3.315127492
78,Hoka,0.06354,0.72951,0.51069,0.32012,225.99763,80.336,0.61505,0.52756,9.78068,30.84647,0.04,0.036680316,0.11,31.29252985,29.83800304,28.99833505,12.29874656,20.99169953,1.899814628,22.89151416,32.20819041,2.262578388,0.979730316
79,Hoka,0.07549,0.78078,0.5235,0.49033,826.50768,48.12288,0.47285,0.44271,31.88002,22.63098,0.04,0.0374658,0.11,38.8768938,38.35066568,38.08949788,32.64681154,6.529195165,0.441637,6.970832165,39.15572709,1.691008575,1.0437358
80,Hoka,0.08879,2.29805,0.54561,0.37221,778.98508,80.44901,0.681,0.91907,24.70687,-11.69197,0.04,0.034885472,0.11,-0.594300117,0.293035781,0.641668871,23.60756885,-8.715827242,-1.277819538,-9.99364678,-0.994045988,3.665227359,2.571725472
81,Hoka,0.03671,4.79739,0.50025,0.41158,376.43699,54.06422,0.93253,0.25022,39.78732,1.55523,0.04,0.037875789,0.11,7.375821394,7.614647547,7.861058038,39.07168729,-6.160262263,-0.345489667,-6.50575193,7.115591317,1.402089928,5.021975789
82,Hoka,0.02065,4.01794,0.07929,0.60554,155.93655,5.0327,0.70214,0.31325,-1.86554,39.33249,0.04,0.037625907,0.11,42.99198941,42.77071368,42.36753208,-0.686831509,10.07954004,0.635991701,10.71553174,43.42061068,1.577432351,4.226215907
83,Hoka,0.0348,0.16942,0.14579,0.69145,479.58188,54.74864,0.17455,0.45648,39.87815,4.71052,0.04,0.038723008,0.11,20.92876209,22.79716204,24.87618695,33.97228809,-51.97562258,-1.714031172,-53.68965376,18.78117594,0.824439943,0.392943008
84,Hoka,0.04372,6.66906,0.09086,0.8107,196.13712,63.55748,0.3494,0.93631,18.63952,8.03085,0.04,0.037109872,0.11,14.71605513,14.74106047,14.76228519,18.57660629,-0.530618132,-0.041324705,-0.571942836,14.69317742,1.947007761,6.899889872
85,Hoka,0.08225,0.06021,0.22604,0.22447,245.45296,61.28328,0.33243,0.75222,24.84627,-0.58894,0.04,0.037440144,0.11,4.070854371,9.965221698,12.64833367,16.96322555,-67.07779942,-4.586241033,-71.66404045,1.204292753,1.709299154,0.329900144
86,Hoka,0.03229,5.5398,0.5135,0.51314,432.89393,79.91476,0.34745,0.73791,2.01552,34.45828,0.04,0.037363041,0.11,42.05214474,41.82611218,41.56456793,2.785528721,6.538606252,0.46147303,7.000079283,42.33214791,1.764416653,5.759453041
87,Hoka,0.05536,0.30194,0.97218,0.93719,838.44769,63.9822,0.53506,0.12937,18.4225,38.31688,0.04,0.038965913,0.11,66.01658952,60.81219253,57.14900466,28.76360675,91.57969653,2.430364801,94.01006133,69.77699197,0.663456228,0.546265913
88,Hoka,0.00246,6.70592,0.57224,0.30593,306.64034,5.33343,0.56665,0.84206,29.08478,15.81152,0.04,0.03581393,0.11,19.81165724,19.8149854,19.86343851,28.93595966,-1.211327584,-0.141584642,-1.352912225,19.75754075,2.922096459,6.89419393
89,Hoka,0.08498,6.72839,0.4968,0.53809,648.90163,91.47171,0.7112,0.28993,0.27093,-13.89133,0.04,0.037764646,0.11,-0.680457384,-0.668843056,-0.663681713,0.255896156,-0.129033589,-0.00763772,-0.136671309,-0.685924237,1.479792947,7.001134646
90,Hoka,0.09998,0.81916,0.17962,0.72411,353.62325,104.55892,0.79602,0.11055,12.34536,34.23814,0.04,0.039042217,0.11,43.39211499,40.48619266,39.35142921,15.542514,28.3690862,0.69595019,29.06503639,44.55471645,0.613299795,1.108182217
91,Hoka,0.00733,2.49459,0.82162,0.45258,917.52033,111.32606,0.92822,0.67753,32.19369,2.23439,0.04,0.034876271,0.11,16.54838074,16.59170864,16.79786355,31.54347599,-5.153872757,-0.757163702,-5.911036459,16.31193928,3.672790043,2.686796271
92,Hoka,0.06206,6.02743,0.3018,0.11126,972.00882,3.00353,0.6648,0.02385,30.31739,-14.0527,0.04,0.03978604,0.11,-9.137181259,-8.744739784,-8.493149516,29.62179602,-6.289756702,-0.033824914,-6.323581616,-9.390124524,0.134444444,6.27927604
93,Hoka,0.0787,1.81004,0.87181,0.84271,396.41734,29.30601,0.94504,0.36307,-2.51461,33.13228,0.04,0.036998069,0.11,45.6005906,43.74049556,42.86603655,0.085268711,21.86147525,1.77378576,23.63526101,46.54600104,2.028437856,2.075738069
94,Hoka,0.05799,3.9747,0.25696,0.79491,728.61382,76.55949,0.76336,0.58981,17.5776,12.24974,0.04,0.035913514,0.11,36.39610646,36.1349462,35.97320827,18.07298936,4.043448357,0.460091259,4.503539615,36.57624805,2.844671294,4.218603514
95,Hoka,0.09254,4.44554,0.73041,0.98946,156.77507,36.58161,0.61745,0.04947,-2.39686,13.72817,0.04,0.039566623,0.11,19.12724628,18.70233354,18.52065683,-1.891776771,4.541917681,0.049748035,4.591665715,19.31091291,0.273827258,4.727646623
96,Hoka,0.03687,5.66213,0.70245,0.58728,0.52999,149.7834,0.48953,0.9287,-7.11227,-8.30457,0.04,0.0361121,0.11,-12.82651327,-12.79046876,-12.75516519,-7.219807161,-0.882589259,-0.095021293,-0.977610552,-12.86561769,2.691549089,5.8851121
97,Hoka,0.09802,6.66598,0.39626,0.67144,706.02388,112.16385,0.41496,0.83822,23.13614,-8.18571,0.04,0.03677585,0.11,10.56559807,10.74389419,10.81078861,22.93605254,-1.672360561,-0.146616382,-1.818976943,10.49283899,2.191757948,6.95077585
98,Hoka,0.03154,0.02439,0.04444,0.13064,608.33923,88.90439,0.28094,0.2893,21.5867,38.89485,0.04,0.038538218,0.11,38.80920862,36.15257119,32.90646869,30.85208103,81.15256228,3.078174344,84.23073662,42.17843808,0.948267762,0.244468218
99,Hoka,0.022,5.45364,0.38616,0.31714,932.42356,90.00595,0.66418,0.50361,30.49144,-4.65435,0.04,0.036643544,0.11,6.859524293,6.951995998,7.106018317,30.02908147,-3.85055797,-0.35270135,-4.20325932,6.69139392,2.289936631,5.662283544
100,Hoka,0.03202,4.58937,0.94424,0.1359,662.53811,129.79215,0.70422,0.72756,33.00017,-3.23772,0.04,0.035487238,0.11,-4.338144914,-4.087336516,-3.809369703,32.13855464,-6.949170325,-0.88369657,-7.832866896,-4.65145959,3.179144161,4.806877238
101,Hoka,0.0257,1.8919,0.2473,0.21378,835.18386,37.99553,0.26602,0.20212,29.98185,31.81982,0.04,0.03884966,0.11,38.99958278,38.88743113,38.71789598,30.4618765,4.238378731,0.125498577,4.363877308,39.17413787,0.740251079,2.10644966
102,Hoka,0.08682,3.4594,0.59552,0.65037,598.32864,27.36171,0.97762,0.78252,26.77399,8.55514,0.04,0.034030257,0.11,24.78713505,24.83387951,24.85220162,26.71476528,-0.458052845,-0.080353717,-0.538406562,24.76559879,4.385613906,3.730250257
103,Hoka,0.08491,2.13938,0.73687,0.45346,159.17,80.52731,0.90252,0.69406,39.45654,19.83141,0.04,0.034863371,0.11,20.70620485,21.37821324,21.65413455,38.58596028,-6.898032694,-1.016328352,-7.914361046,20.3896304,3.683399301,2.409153371
104,Hoka,0.09287,1.45698,0.79738,0.94964,518.79035,89.27647,0.58039,0.97236,-8.336,8.28904,0.04,0.035389071,0.11,25.8084627,23.93793228,23.22514739,-6.120447656,17.81962241,2.321762537,20.14138495,26.6141181,3.257311636,1.735239071
105,Hoka,0.06545,3.58166,0.41903,0.56185,887.49012,22.17551,0.15661,0.03579,13.62848,12.90572,0.04,0.039727969,0.11,33.96728037,33.61667956,33.40386583,14.21772507,5.320343122,0.036430208,5.35677333,34.1815513,0.171183546,3.836837969
106,Hoka,0.08737,1.23855,0.87051,0.17014,771.35824,111.84939,0.60657,0.4119,31.78645,23.67321,0.04,0.037237837,0.11,25.32148419,25.70490818,25.86832675,31.30371406,-4.085464228,-0.303044353,-4.388508581,25.14594385,1.854405867,1.513157837
107,Hoka,0.00695,0.51236,0.59268,0.68787,86.33975,119.55179,0.99196,0.99133,22.54942,-10.8585,0.04,0.032668708,0.11,-9.424948829,-9.089255459,-7.511317536,17.23628752,-39.44844806,-8.852756285,-48.30120435,-11.356997,5.610332422,0.701978708
108,Hoka,0.03561,3.71836,0.39365,0.52978,665.57301,36.12583,0.41418,0.2187,12.80919,34.60081,0.04,0.038531347,0.11,48.94289484,48.61317779,48.25641166,13.82769254,8.919153258,0.339960739,9.259113997,49.3132594,0.952895218,3.942501347
109,Hoka,0.08789,4.20031,0.89077,0.14282,696.5109,18.61913,0.29942,0.98199,-8.03702,23.76245,0.04,0.037454834,0.11,27.0499685,26.3547396,26.05846377,-7.166896224,7.406895724,0.503320425,7.91021615,27.36637714,1.698823786,4.475654834
110,Hoka,0.06829,0.53324,0.31484,0.57418,919.20702,123.34425,0.20952,0.2303,35.42849,-12.74961,0.04,0.038905956,0.11,9.871613452,12.19730039,13.52228317,31.68232566,-33.12456946,-0.931470019,-34.05603948,8.509371873,0.703005378,0.790435956
111,Hoka,0.02405,5.54982,0.85457,0.34352,432.43084,61.06692,0.1934,0.58772,26.85003,16.6747,0.04,0.038503718,0.11,20.90593181,20.93091367,20.97090929,26.73576784,-0.999890474,-0.038856467,-1.038746941,20.86438193,0.971518089,5.762373718
112,Hoka,0.01669,4.23702,0.92718,0.14863,101.00959,2.09478,0.39135,0.89426,-5.05677,6.89317,0.04,0.036854323,0.11,7.348703829,7.301653646,7.197758938,-4.746672926,2.59736769,0.221696621,2.81906431,7.461466402,2.133858653,4.440564323
113,Hoka,0.08137,3.80761,0.70902,0.39962,235.78825,27.85859,0.82139,0.43763,-2.96632,27.04772,0.04,0.036657316,0.11,29.95934494,29.29546929,28.99639224,-2.068859981,7.476926295,0.681801154,8.158727449,30.28569404,2.279683946,4.075637316
114,Hoka,0.0895,1.20219,0.37373,0.12982,593.51167,4.55113,0.96008,0.04527,38.52371,0.60151,0.04,0.03959177,0.11,4.81311699,6.906460663,7.832485041,35.95088537,-23.15060945,-0.238705328,-23.38931478,3.877544399,0.257774345,1.48128177
115,Hoka,0.06578,0.40674,0.68354,0.15903,636.29167,8.90088,0.66251,0.35281,39.91272,3.89544,0.04,0.037444621,0.11,9.962817549,13.14058692,14.94950102,34.5987244,-45.22285262,-3.086198303,-48.30905093,8.030455512,1.7061055,0.659964621
116,Hoka,0.08574,2.47842,0.24633,0.25518,128.73308,87.74494,0.25272,0.05528,29.53909,-8.3388,0.04,0.039570959,0.11,-7.30717419,-6.143020949,-5.605737768,28.0455414,-13.43207952,-0.145634978,-13.5777145,-7.85028277,0.271058137,2.753730959
117,Hoka,0.09165,4.39722,0.2107,0.79202,63.42657,7.28544,0.29743,0.08148,-3.34548,-9.83255,0.04,0.039385883,0.11,-7.677794084,-7.592189366,-7.555401396,-3.448224342,-0.919699233,-0.014340241,-0.934039474,-7.715155662,0.389807895,4.678255883
118,Hoka,0.04853,6.98342,0.2487,0.58926,775.24791,0.61873,0.65383,0.32901,17.99452,6.99427,0.04,0.037596092,0.11,26.80037034,26.74084736,26.69473504,18.1294371,1.152808124,0.073710965,1.22651909,26.8494311,1.598508978,7.219546092
119,Hoka,0.08401,4.63358,0.76721,0.86177,268.91233,6.23827,0.43728,0.15328,15.97157,-12.15797,0.04,0.03886457,0.11,-2.141501322,-1.828813903,-1.684158954,15.56214712,-3.616373712,-0.105652469,-3.722026182,-2.29038237,0.73037577,4.90645457
120,Hoka,0.07088,4.42262,0.2582,0.35381,781.56357,147.06058,0.43051,0.11376,7.59277,37.6698,0.04,0.039117359,0.11,47.69618731,47.08391841,46.74601855,8.542961576,8.447496565,0.19060867,8.638105235,48.04171152,0.564098097,4.682617359
121,Hoka,0.05892,5.62257,0.43952,0.39218,611.48671,103.72129,0.16034,0.74692,35.1685,3.93599,0.04,0.038658422,0.11,12.53584735,12.76457496,12.91464706,34.74147969,-3.751802546,-0.13020028,-3.882002826,12.38056724,0.867584835,5.870148422
122,Hoka,0.03691,6.93411,0.46661,0.52283,589.86465,126.48586,0.30748,0.88212,7.13308,29.65818,0.04,0.037474373,0.11,40.31431038,40.14226287,39.96758466,7.645819794,4.366955113,0.294315745,4.661270858,40.50076121,1.684902511,7.158494373
123,Hoka,0.04525,1.24526,0.84129,0.13481,769.91402,95.78323,0.10454,0.22067,37.75161,30.23586,0.04,0.039315016,0.11,31.42089269,31.61985087,31.79271372,37.26795477,-4.321571215,-0.075294539,-4.396865754,31.24501806,0.435573864,1.479825016
124,Hoka,0.09334,5.01345,0.17082,0.94929,511.39295,71.69256,0.91219,0.76263,29.1956,26.1913,0.04,0.034419672,0.11,46.63298263,46.32303399,46.20873862,29.56087052,2.857384463,0.463256631,3.320641095,46.76580828,4.05315278,5.291209672
125,Hoka,0.02971,1.15738,0.51766,0.90638,167.32132,53.00514,0.85515,0.22864,-9.09721,-13.87057,0.04,0.038086925,0.11,-8.48803492,-8.501590121,-8.518967298,-9.04702245,0.434429419,0.021821037,0.456250455,-8.469784902,1.255729681,1.375176925
126,Hoka,0.01165,1.11962,0.59422,0.48492,427.93902,47.26107,0.26169,0.8183,-4.41315,7.93509,0.04,0.037863122,0.11,15.12551537,14.94756247,14.36920604,-2.732908003,14.45891071,0.816016538,15.27492724,15.73651246,1.410923261,1.319133122
127,Hoka,0.0616,6.4386,0.82785,0.88392,925.21157,1.43954,0.94112,0.89564,38.93753,33.52392,0.04,0.033513868,0.11,68.8491039,68.57176611,68.42087874,39.43277606,3.77218434,0.730052586,4.502236926,69.02919338,4.838394153,6.683713868
128,Hoka,0.02,5.26967,0.1918,0.90209,785.43597,104.90092,0.52902,0.44527,37.12835,-8.77371,0.04,0.037286875,0.11,21.27397233,21.3322931,21.44102308,36.80758572,-2.718249455,-0.197789432,-2.916038887,21.15733077,1.819088309,5.476956875
129,Hoka,0.07863,6.76757,0.59603,0.59292,764.03662,57.45504,0.53725,0.42948,7.46372,25.71188,0.04,0.037329432,0.11,43.711846,43.30429926,43.11081727,8.033860428,4.837049621,0.346045174,5.183094795,43.91916979,1.788513666,7.033529432
130,Hoka,0.04768,4.41119,0.30442,0.45311,877.32713,102.94661,0.14833,0.52413,-5.21808,7.7043,0.04,0.038841333,0.11,23.37722173,23.08132125,22.84027324,-4.535423696,6.026200219,0.179766184,6.205966403,23.62546039,0.745769215,4.647711333
131,Hoka,0.06214,5.30403,0.49542,0.38113,266.58661,78.38044,0.49109,0.1701,-9.42631,31.0915,0.04,0.038722202,0.11,33.5093412,33.02555633,32.72408844,-8.569915812,7.536697352,0.248704362,7.785401714,33.82075726,0.824977938,5.554892202
132,Hoka,0.03043,6.82527,0.94337,0.631,236.48073,59.27397,0.67191,0.75695,23.35641,26.94157,0.04,0.035520278,0.11,30.95476948,30.92174408,30.88319426,23.47579198,0.963745708,0.121545024,1.085290732,30.99818111,3.152932965,7.041220278
133,Hoka,0.07003,3.33037,0.78195,0.8498,901.83464,9.30909,0.53383,0.09567,16.44324,34.05558,0.04,0.039209992,0.11,66.49588518,65.50840015,64.95550453,17.99433744,13.82239035,0.27849547,14.10088582,67.05992062,0.503703526,3.589609992
134,Hoka,0.03516,2.66526,0.70133,0.79122,190.01821,134.33583,0.07724,0.28088,3.12805,-7.5303,0.04,0.039419908,0.11,-4.976010649,-4.876026516,-4.763928525,2.815244123,-2.802449778,-0.041240012,-2.843689789,-5.089758241,0.367892516,2.889839908
135,Hoka,0.04134,3.96616,0.08983,0.29055,284.50893,131.42946,0.28684,0.66319,-8.68544,19.70174,0.04,0.037838205,0.11,22.48248443,22.1724057,21.88859286,-7.860363552,7.095320876,0.405374107,7.500694983,22.78251223,1.428314921,4.195338205
136,Hoka,0.01121,4.05707,0.83816,0.74291,684.56283,131.2482,0.67928,0.38972,20.05775,13.98051,0.04,0.037205452,0.11,31.20351418,31.17387489,31.07550349,20.34859054,2.459284922,0.184719976,2.644004898,31.30927438,1.877781364,4.255485452
137,Hoka,0.06412,5.42018,0.93551,0.66158,16.26914,145.91083,0.61132,0.56726,-4.95471,-12.67196,0.04,0.036525206,0.11,-18.04582061,-17.89674797,-17.81183048,-5.210449099,-2.122937113,-0.201963791,-2.324900904,-18.13881665,2.378353439,5.670825206
138,Hoka,0.0117,2.51668,0.96844,0.30034,488.51279,26.99394,0.33181,0.73987,-6.86586,30.9682,0.04,0.037459955,0.11,35.57626883,35.39069237,34.79653118,-5.121124048,14.85402962,1.007206305,15.86123593,36.21071827,1.695173517,2.715839955
139,Hoka,0.03433,2.04737,0.98112,0.75205,475.02065,36.44697,0.6591,0.68723,10.92743,11.12376,0.04,0.035852006,0.11,24.85114278,24.63655696,24.41245758,11.6150047,5.602484566,0.648194539,6.250679105,25.10116994,2.892442324,2.267552006
140,Hoka,0.0551,6.82207,0.73191,0.80017,458.08265,70.18832,0.03836,0.36647,9.06081,26.54158,0.04,0.039674307,0.11,40.06822215,39.82508194,39.6500108,9.546207881,4.376778291,0.035929718,4.412708009,40.24473047,0.205229254,7.066844307
141,Hoka,0.01298,1.72178,0.16212,0.87926,351.40532,120.05355,0.28168,0.28847,14.40332,14.10303,0.04,0.038538357,0.11,26.43503059,26.35210608,26.10589848,15.10607013,6.155189886,0.233447658,6.388637544,26.69057609,0.94817407,1.923298357
142,Hoka,0.06481,2.75458,0.99861,0.73318,958.43653,61.81532,0.42692,0.35587,14.10253,5.32328,0.04,0.037916299,0.11,32.9379436,32.52655259,32.2858733,14.8007712,6.01698228,0.330664948,6.347647228,33.19184949,1.373882007,3.007306299
143,Hoka,0.07166,4.12831,0.06094,0.28073,781.3192,101.52064,0.80151,0.05671,-4.8195,0.22273,0.04,0.039495964,0.11,9.359853962,9.126240799,8.997483094,-4.460897599,3.218942621,0.041079203,3.260021823,9.490254835,0.319042676,4.389465964
144,Hoka,0.00985,3.33336,0.73097,0.89688,886.89709,55.95182,0.09388,0.32012,10.3016,8.04563,0.04,0.039298074,0.11,40.50583565,40.42064996,40.08078868,11.25291231,8.496532066,0.151761658,8.648293724,40.8517674,0.446540002,3.532508074
145,Hoka,0.04029,6.32083,0.38889,0.22912,243.40244,141.93236,0.81629,0.21427,-6.49065,25.88695,0.04,0.038217318,0.11,25.71393447,25.51460193,25.32552388,-5.946431116,4.72695134,0.220493062,4.947444401,25.91183224,1.166148357,6.549337318
146,Hoka,0.06561,0.62434,0.57867,0.45507,908.82605,147.51821,0.5535,0.79742,25.12636,19.6671,0.04,0.036012189,0.11,33.53497768,32.87503228,32.51279971,26.23280711,9.055814228,1.002795829,10.05861006,33.93732209,2.768375664,0.875962189
147,Hoka,0.01856,1.77961,0.9269,0.96836,419.6734,19.22454,0.03253,0.02577,-0.94305,30.72786,0.04,0.039867278,0.11,46.64530114,46.1919013,45.21798871,1.744125797,24.34781475,0.081056134,24.42887088,47.62245598,0.08322732,1.988037278
148,Hoka,0.0866,4.37784,0.09639,0.40983,951.74023,27.18689,0.27312,0.5982,17.96284,2.72436,0.04,0.037998848,0.11,19.55538194,19.52548146,19.51236156,18.00081982,0.327997625,0.017273498,0.345271124,19.56919279,1.316587137,4.652438848
149,Hoka,0.04348,5.59277,0.78705,0.41625,26.6812,15.07119,0.26403,0.90128,-1.19742,3.68692,0.04,0.037787296,0.11,3.620741743,3.584522461,3.553045261,-1.105788884,0.786930017,0.046080127,0.833010144,3.654062148,1.46392075,5.824037296
150,Hoka,0.08085,4.88662,0.07064,0.1802,139.28592,31.30215,0.68745,0.83701,27.19131,23.48178,0.04,0.035138519,0.11,24.49798847,24.54058024,24.55909121,27.13336201,-0.462774184,-0.064025691,-0.526799875,24.47691647,3.458797687,5.152608519
151,Hoka,0.04087,6.27214,0.12958,0.47511,582.09394,38.81207,0.66938,0.53672,21.44461,27.57701,0.04,0.036469325,0.11,39.27223869,39.15944087,39.05878855,21.7482009,2.516308032,0.243609261,2.759917293,39.38263538,2.420304451,6.499479325
152,Hoka,0.09979,5.0778,0.50381,0.50151,151.55266,119.52956,0.56287,0.88928,16.97114,10.76206,0.04,0.03571326,0.11,11.48955314,11.59231031,11.62908547,16.85786925,-0.919379034,-0.11035506,-1.029734094,11.44836378,3.000804235,5.36330326
153,Hoka,0.02389,4.86315,0.50614,0.79311,852.14592,34.93686,0.93416,0.67784,33.62131,-8.24252,0.04,0.034854535,0.11,20.47772344,20.54012544,20.63116741,33.33398392,-2.276049313,-0.336005941,-2.612055254,20.37324123,3.690670711,5.071894535
154,Hoka,0.07163,3.16705,0.64889,0.71303,804.96503,133.61392,0.85409,0.51502,5.75462,13.83517,0.04,0.036100406,0.11,34.67872498,34.06662215,33.75813185,6.694607582,7.712257514,0.833084136,8.54534165,35.02053864,2.700519705,3.424780406
155,Hoka,0.01771,3.43616,0.44024,0.41132,954.76626,66.0456,0.31339,0.99865,16.49215,-7.4725,0.04,0.037331412,0.11,8.427449331,8.467109942,8.550711671,16.2458108,-2.090043225,-0.149404045,-2.239447269,8.33787144,1.787092764,3.641201412
156,Hoka,0.00074,1.62946,0.46869,0.58448,387.882,63.61776,0.46348,0.18685,36.60893,3.53865,0.04,0.03864526,0.11,12.63820094,12.64817277,13.16893479,35.1266312,-13.0190505,-0.456393154,-13.47544365,12.09918319,0.876394853,1.81884526
157,Hoka,0.08605,2.51085,0.30719,0.54509,362.10427,14.81543,0.86864,0.46589,6.31307,-6.87359,0.04,0.036386247,0.11,1.579271356,1.727758731,1.790546625,6.123254646,-1.569697352,-0.155896778,-1.72559413,1.510247591,2.482911395,2.783286247
158,Hoka,0.07698,0.20801,0.95857,0.31112,886.44567,108.88311,0.36359,0.29153,29.82513,-9.46901,0.04,0.038312394,0.11,0.674962243,5.853747186,8.431191319,22.42494367,-64.43610332,-2.838317864,-67.27442119,-2.016014604,1.101214117,0.473302394
159,Hoka,0.00391,6.2569,0.50294,0.97108,170.19685,70.87959,0.06883,0.27404,22.59259,13.32033,0.04,0.03947559,0.11,18.97881793,18.98102217,19.00327637,22.53057795,-0.556355031,-0.007390846,-0.563745877,18.95626809,0.332110142,6.45028559
160,Hoka,0.08654,1.0743,0.62321,0.99667,111.58294,70.4489,0.17671,0.27226,25.2797,27.23272,0.04,0.038933687,0.11,30.01450811,29.70166758,29.56092301,25.677348,3.518614272,0.096367582,3.614981854,30.15910738,0.684698395,1.349773687
161,Hoka,0.01945,0.89551,0.27986,0.86778,814.38237,108.05428,0.51737,0.91216,11.08925,3.02811,0.04,0.035956405,0.11,31.66388633,31.28668726,30.58937506,13.2225095,17.43280501,1.960463143,19.39326815,32.43961705,2.811456822,1.100916405
162,Hoka,0.08604,4.81678,0.76393,0.64343,426.58244,56.90902,0.79518,0.6528,18.52515,19.48394,0.04,0.035475992,0.11,29.44098923,29.25494649,29.1782374,18.76300101,1.917727401,0.244554535,2.162281936,29.52748051,3.188077397,5.088295992
163,Hoka,0.05064,4.53068,0.05978,0.32811,923.80238,81.16897,0.79059,0.50207,18.74511,2.86372,0.04,0.036326587,0.11,15.85584042,15.88678872,15.90898947,18.67788424,-0.555018771,-0.056124538,-0.611143309,15.83139469,2.528046847,4.767646587
164,Hoka,0.04183,4.85848,0.65522,0.93669,999.50851,147.19411,0.13348,0.28513,4.39385,27.54993,0.04,0.039107492,0.11,63.59336458,63.10294846,62.64445112,5.683493135,11.46243367,0.26159483,11.7240285,64.06232572,0.570548187,5.089417492
165,Hoka,0.00631,0.42666,0.44117,0.82801,615.90731,14.89021,0.75143,0.04901,38.42731,27.19043,0.04,0.039564576,0.11,48.39341986,48.2854672,47.60858908,40.30921046,16.92195297,0.186232999,17.10818597,49.0777473,0.275135204,0.622534576
166,Hoka,0.05164,3.06154,0.89257,0.97609,698.5281,29.51985,0.18159,0.86778,31.14002,15.46903,0.04,0.038449624,0.11,43.81264839,43.61200803,43.46261713,31.56741038,3.734772584,0.150594501,3.885367086,43.96806307,1.008056702,3.301629624
167,Hoka,0.03829,1.88076,0.07352,0.37891,953.0413,121.96118,0.89276,0.45256,31.44874,5.76615,0.04,0.036431623,0.11,21.2740743,21.46269276,21.64215675,30.9068745,-4.48659992,-0.439450054,-4.926049973,21.07703231,2.448680858,2.105481623
168,Hoka,0.02478,3.28083,0.91339,0.81499,167.60958,11.85461,0.94231,0.51272,-0.37192,36.30049,0.04,0.035924726,0.11,41.28607222,40.9869922,40.55340191,0.955715243,10.83975728,1.22965402,12.0694113,41.76884867,2.835981444,3.491534726
169,Hoka,0.03531,4.40363,0.05687,0.58407,253.44108,34.78212,0.02073,0.62,-3.21457,-1.97587,0.04,0.039814023,0.11,4.308519869,4.25063045,4.185356854,-3.034229132,1.631839902,0.007622538,1.63946244,4.374098367,0.116778274,4.628754023
170,Hoka,0.06051,3.6123,0.44863,0.28237,185.66101,91.01077,0.84703,0.19797,23.05098,-7.12735,0.04,0.038328261,0.11,-6.315808242,-5.850767661,-5.556201525,22.2055914,-7.364153402,-0.321197463,-7.685350865,-6.623222276,1.090408652,3.861138261
171,Hoka,0.02645,1.18306,0.83274,0.40346,403.26303,99.226,0.15862,0.23344,38.97811,15.54469,0.04,0.039070141,0.11,19.59667757,19.97401187,20.53138444,37.40885582,-13.93431426,-0.331632843,-14.2659471,19.02603969,0.594993117,1.398580141
172,Hoka,0.05001,5.85766,0.0891,0.14145,37.84934,93.01724,0.43192,0.11476,-8.56646,8.21469,0.04,0.039110115,0.11,7.977861247,7.841257063,7.734426322,-8.265990889,2.670768525,0.060768849,2.731537373,8.087122742,0.568832978,6.096780115
173,Hoka,0.0969,4.18523,0.32394,0.4386,647.7522,111.44586,0.12469,0.22685,20.42423,12.4616,0.04,0.039216921,0.11,23.21908255,23.15796767,23.13323354,20.49360705,0.618353248,0.012347213,0.630700462,23.24431057,0.499197399,4.471346921
174,Hoka,0.0604,1.40682,0.18476,0.44683,145.0667,66.76904,0.17784,0.4457,7.26172,1.36857,0.04,0.038713469,0.11,3.737710494,3.869430134,3.953856031,7.021833239,-2.110647417,-0.070141318,-2.180788735,3.650478945,0.830803357,1.655933469
175,Hoka,0.02519,0.04119,0.19737,0.18327,973.64499,102.32733,0.6292,0.21231,12.4131,15.78764,0.04,0.03834869,0.11,21.05750237,20.04342038,18.49960476,16.8414056,38.59539056,1.661933089,40.25732365,22.66779531,1.076510087,0.25472869
176,Hoka,0.05452,1.17879,0.48016,0.50418,876.82522,118.4566,0.99699,0.64721,-4.92257,23.52965,0.04,0.034861365,0.11,39.00257747,37.26491327,36.15381007,-1.416644436,27.77758003,4.094470559,31.87205058,40.27745949,3.685049737,1.418171365
177,Hoka,0.07783,0.28991,0.47266,0.99276,297.43994,132.06965,0.93532,0.23164,35.94669,7.66475,0.04,0.038021885,0.11,19.09605731,21.63886782,22.88109382,32.35284244,-31.05564999,-1.615691509,-32.67134149,17.78920366,1.300642162,0.555761885
178,Hoka,0.03732,4.30929,0.45285,0.4128,140.18077,21.18584,0.87617,0.65678,26.56635,10.47964,0.04,0.035175854,0.11,12.70191411,12.81710677,12.92568126,26.2268218,-2.714362293,-0.37225767,-3.086619964,12.57844931,3.428592335,4.531785854
179,Hoka,0.00279,6.24471,0.11248,0.27273,998.87682,48.16184,0.65292,0.39598,3.80359,16.26536,0.04,0.037221503,0.11,27.7247049,27.71426818,27.57503149,4.21507354,3.480917262,0.259842189,3.740759451,27.87433528,1.8661905,6.434721503
180,Hoka,0.02966,4.04142,0.17032,0.29904,598.5451,23.30287,0.31911,0.8852,17.68614,15.9204,0.04,0.037385783,0.11,23.47507307,23.43437113,23.38306721,17.83709124,1.282597804,0.08968619,1.372283993,23.52996443,1.748135488,4.258465783
181,Hoka,0.08957,5.59782,0.83921,0.15864,618.66262,123.84881,0.42225,0.72783,7.63977,-9.99738,0.04,0.03692709,0.11,-10.12733081,-9.854565517,-9.742112369,7.304789734,-2.811328709,-0.233946434,-3.045275143,-10.24914182,2.080390259,5.87431709
182,Hoka,0.05369,1.01696,0.48808,0.72719,576.58513,116.73407,0.17251,0.6014,-0.58748,-5.08954,0.04,0.038635146,0.11,10.30576359,9.82609052,9.480919366,0.395273541,8.629278859,0.304844239,8.934123097,10.66312851,0.88316835,1.259285146
183,Hoka,0.0192,6.71128,0.8449,0.37738,298.13124,23.01961,0.95369,0.26133,-6.29804,18.94893,0.04,0.037775517,0.11,22.82562857,22.7443326,22.58438483,-5.832281853,3.998694253,0.235470718,4.234164971,22.99499517,1.472172559,6.918255517
184,Hoka,0.07648,1.34413,0.64306,0.56342,256.89154,66.44286,0.3189,0.10407,-1.21923,-9.57517,0.04,0.039237628,0.11,-5.042488091,-4.856226206,-4.760665607,-1.487127586,-2.389014968,-0.046417632,-2.4354326,-5.139905395,0.485740281,1.609847628
185,Hoka,0.0079,0.78551,0.29971,0.91228,21.91632,86.728,0.68869,0.37641,-8.53531,2.19411,0.04,0.037264592,0.11,1.506270423,1.421938938,1.024144205,-7.361074132,9.944868314,0.730003217,10.67487153,1.933265284,1.835125399,0.980674592
186,Hoka,0.02499,5.81383,0.21673,0.85431,669.07513,135.07509,0.59858,0.9734,-1.65626,24.73027,0.04,0.0352611,0.11,47.97774638,47.77047081,47.47800324,-0.743882542,7.311689285,0.982651241,8.294340526,48.30952,3.359863921,6.0240811
187,Hoka,0.09592,3.73452,0.26745,0.30631,13.68049,78.0855,0.84029,0.07968,0.33679,10.6346,0.04,0.039296154,0.11,9.813545732,9.585136015,9.491561958,0.598727749,2.339351412,0.041900853,2.381252265,9.908795822,0.447782803,4.019736154
188,Hoka,0.00963,6.69746,0.18563,0.64991,876.04695,149.11512,0.58141,0.47554,28.96132,37.17958,0.04,0.037008285,0.11,60.54618501,60.50180831,60.33126776,29.46821894,4.263513697,0.344658479,4.608172176,60.73051189,2.02097673,6.894098285
189,Hoka,0.04747,6.73177,0.53822,0.49521,661.33323,52.7752,0.87401,0.59419,-3.64626,20.71023,0.04,0.03555892,0.11,33.49975589,33.24511725,33.05437204,-3.056197849,4.768630216,0.595571159,5.364201375,33.71432394,3.122338765,6.96479892
190,Hoka,0.06529,6.49334,0.78021,0.35019,923.34182,28.26172,0.3715,0.87541,20.19838,-3.61651,0.04,0.037019307,0.11,9.546810295,9.650520011,9.709323225,20.02365081,-1.470080356,-0.11836682,-1.588447176,9.483272408,2.012931119,6.745649307
191,Hoka,0.04942,5.48092,0.64825,0.40728,855.19672,53.89165,0.77928,0.10326,-4.24507,-3.39206,0.04,0.039104743,0.11,10.13143744,10.00633947,9.907352749,-3.966624502,2.474668078,0.056654629,2.531322707,10.23269035,0.572345736,5.719444743
192,Hoka,0.07935,6.88037,0.14598,0.27885,830.42498,76.70979,0.94627,0.38469,18.43501,21.98879,0.04,0.03683554,0.11,31.49639913,31.35055897,31.28285763,18.63718288,1.692533447,0.145401831,1.837935278,31.56991654,2.147695098,7.14655554
193,Hoka,0.01943,6.40395,0.86453,0.85989,752.38779,139.79655,0.52453,0.1838,-2.57546,0.55292,0.04,0.038611818,0.11,23.27006617,23.19365424,23.0418064,-2.142865445,3.796195978,0.136481798,3.932677776,23.42737328,0.898806323,6.611991818
194,Hoka,0.00097,4.37986,0.77079,0.56089,261.14415,75.21729,0.62884,0.08536,38.91886,19.29133,0.04,0.039271729,0.11,23.27711375,23.28046301,23.41606226,38.53904688,-3.389981371,-0.062865207,-3.452846578,23.13899988,0.463610268,4.570101729
195,Hoka,0.09299,6.00441,0.39857,0.30917,929.08779,75.38057,0.27372,0.06266,13.52455,-12.24794,0.04,0.039515528,0.11,-0.97243357,-0.75663515,-0.66493294,13.26927711,-2.292555253,-0.028107402,-2.320662654,-1.065260076,0.306507353,6.286915528
196,Hoka,0.0259,3.76596,0.05589,0.70076,695.04705,75.8272,0.68221,0.92107,34.47876,-5.11688,0.04,0.034871198,0.11,16.06255435,16.18371571,16.34684474,33.96417505,-4.078225844,-0.599819145,-4.678044989,15.87543255,3.676961305,3.976731198
197,Hoka,0.03092,4.21604,0.19661,0.49458,625.63011,141.21937,0.56746,0.0725,23.81319,-14.62902,0.04,0.03938257,0.11,-2.146780479,-1.96420092,-1.731650716,23.16365082,-5.8137551,-0.091146546,-5.904901646,-2.382976545,0.391943522,4.43634257
198,Hoka,0.03883,1.13411,0.22397,0.16238,913.4126,123.65853,0.24321,0.48406,10.33165,18.02158,0.04,0.038311458,0.11,22.88603221,22.51707394,22.15304278,11.37685758,9.100778846,0.401108271,9.501887117,23.2661077,1.101851496,1.361251458
199,Hoka,0.05621,2.48368,0.87414,0.83024,234.19067,65.0305,0.47165,0.64098,25.05032,-5.35164,0.04,0.036861707,0.11,0.988703544,1.492100809,1.822221471,24.06519815,-8.253016553,-0.702636623,-8.955653176,0.630477417,2.128423644,2.726751707
200,Hoka,0.081,5.56614,0.24474,0.88612,734.26235,85.96847,0.32268,0.69163,32.92886,17.5732,0.04,0.037580823,0.11,44.8649217,44.69807656,44.62066696,33.15543982,1.935240028,0.124576495,2.059816523,44.94731436,1.609315806,5.834720823
201,Hoka,0.05021,1.69244,0.79177,0.41696,745.44205,20.93362,0.37697,0.72455,1.32118,37.12109,0.04,0.037201001,0.11,48.90715671,47.64288144,46.70616951,4.090952556,23.41779817,1.761952346,25.17975051,49.91434673,1.880997024,1.929851001
202,Hoka,0.0852,1.6265,0.19143,0.25685,245.79282,133.98586,0.13452,0.03762,8.63464,20.24472,0.04,0.039725427,0.11,21.59589132,21.00263704,20.72602577,9.400578632,6.915281695,0.047796779,6.963078474,21.87441446,0.172794042,1.901425427
203,Hoka,0.05012,1.66562,0.21893,0.15794,161.27173,4.99544,0.47628,0.08694,5.98674,1.59368,0.04,0.039288558,0.11,2.723562534,2.811255805,2.879997667,5.794276716,-1.718546553,-0.031119667,-1.74966622,2.653575885,0.452703289,1.905028558
204,Hoka,0.00295,4.9612,0.60832,0.54081,497.44986,134.11629,0.04992,0.87945,-3.06503,37.91649,0.04,0.0395525,0.11,45.68473894,45.6566161,45.2795556,-2.016381866,9.426512635,0.106652217,9.533164852,46.06606553,0.282851731,5.1537025
205,Hoka,0.06949,4.30224,0.98597,0.51808,334.5095,37.34682,0.82534,0.94044,10.64633,3.11325,0.04,0.03392755,0.11,9.061197198,9.085590296,9.097499896,10.60771666,-0.297739989,-0.053290351,-0.351030339,9.047155985,4.474571146,4.55565755
206,Hoka,0.0308,4.89644,0.54702,0.45017,424.83805,44.21402,0.40172,0.91059,34.29673,9.28108,0.04,0.036758227,0.11,16.68355618,16.79047103,16.91806844,33.91489125,-3.189935297,-0.28132603,-3.471261327,16.54470573,2.204794168,5.113998227
207,Hoka,0.07875,4.10457,0.88362,0.14676,312.28817,26.03024,0.77435,0.486,21.09353,3.13613,0.04,0.03645827,0.11,4.284055312,4.589786009,4.731327753,20.6664776,-3.538543592,-0.343750983,-3.882294575,4.128763529,2.428619104,4.36977827
208,Hoka,0.08841,6.70093,0.21929,0.49292,614.30506,96.3352,0.09792,0.37369,19.66746,27.81665,0.04,0.039246672,0.11,39.94660889,39.68821627,39.57351149,19.9889529,2.867619669,0.055043093,2.922662762,40.0635154,0.479867448,6.978586672
209,Hoka,0.00193,2.4353,0.8022,0.73397,453.16259,66.95524,0.47798,0.62988,8.13208,-13.77533,0.04,0.036861075,0.11,-1.500303129,-1.493108917,-1.35570664,7.722047182,-3.435056905,-0.292514163,-3.727571068,-1.649405972,2.128888771,2.624091075
210,Hoka,0.06383,0.93852,0.6626,0.30285,271.04995,2.5993,0.21059,0.99241,21.9969,31.38594,0.04,0.03816873,0.11,34.44721899,33.75648372,33.34344146,23.18726314,10.3260566,0.495426502,10.8214831,34.88007831,1.199457164,1.19051873
211,Hoka,0.00491,2.20804,0.16709,0.71428,631.69673,129.54672,0.42586,0.11555,15.64146,25.75052,0.04,0.039107799,0.11,43.94779475,43.88895449,43.420296,16.95967365,11.71646228,0.267298139,11.98376042,44.42714517,0.570347373,2.402057799
212,Hoka,0.08432,2.03863,0.81812,0.39762,468.99294,26.40542,0.33837,0.93971,12.19729,-2.02661,0.04,0.037189457,0.11,5.264168156,5.521685742,5.635264242,11.86134438,-2.839462497,-0.214588576,-3.054051073,5.142006113,1.889341526,2.310139457
213,Hoka,0.07179,2.00889,0.58924,0.68716,981.81069,117.72111,0.72739,0.31678,38.37276,-14.58819,0.04,0.037572226,0.11,12.19884153,13.04211483,13.48345283,37.08065716,-11.03344993,-0.712939537,-11.74638946,11.72898595,1.615404842,2.268252226
214,Hoka,0.04724,1.31685,0.13613,0.18283,394.24789,89.36011,0.78621,0.69043,37.25588,12.17428,0.04,0.035315458,0.11,15.35957563,16.04486626,16.55717262,35.66015668,-12.8076589,-1.69891669,-14.50657559,14.77931261,3.316212398,1.549405458
215,Hoka,0.03031,1.35998,0.53265,0.82594,150.34577,86.78031,0.33061,0.11751,28.80575,14.97244,0.04,0.039151914,0.11,18.62620286,18.82662748,19.0855192,28.07837589,-6.472292863,-0.140199009,-6.612491872,18.36170318,0.541535325,1.579441914
216,Hoka,0.04987,3.45788,0.736,0.49249,722.69879,11.71074,0.17234,0.69312,-9.11035,13.35133,0.04,0.03858996,0.11,28.04497709,27.5382036,27.14605664,-7.992542021,9.803673898,0.358216816,10.16189071,28.45145272,0.913475957,3.69633996
217,Hoka,0.08673,6.26757,0.17612,0.49716,28.56029,99.95472,0.25819,0.97578,20.8168,-13.80382,0.04,0.037787809,0.11,-13.7392786,-13.27834224,-13.07751467,20.2321926,-5.020689211,-0.293923513,-5.314612724,-13.95186311,1.463561576,6.542087809
218,Hoka,0.02143,1.3396,0.32943,0.29703,857.82404,2.88257,0.42797,0.50078,31.76858,0.23583,0.04,0.037437231,0.11,11.80222826,12.08587971,12.58140583,30.31259962,-12.38815303,-0.848032242,-13.23618527,11.27278085,1.711377475,1.548467231
219,Hoka,0.05236,5.60711,0.56594,0.50719,209.73677,19.93725,0.59094,0.28872,-2.25659,-14.39306,0.04,0.037917919,0.11,-10.20383829,-10.13218509,-10.08029547,-2.40712193,-1.297240352,-0.071231738,-1.36847209,-10.25857717,1.372755215,5.847387919
220,Hoka,0.07544,3.91803,0.75661,0.43927,892.20107,21.01381,0.77212,0.57933,31.31854,28.78927,0.04,0.035942232,0.11,45.00561354,44.75616923,44.63732531,31.68225784,2.971098003,0.335427845,3.306525848,45.13787458,2.822423267,4.179412232
221,Hoka,0.05974,2.99622,0.42773,0.37307,72.83837,121.53093,0.96094,0.74351,13.79609,10.02214,0.04,0.034343962,0.11,9.003407451,9.092872345,9.144304868,13.63135719,-1.285813083,-0.211757962,-1.497571045,8.943504609,4.117199561,3.240303962
222,Hoka,0.0492,4.21941,0.07641,0.36528,266.03882,39.29342,0.50798,0.06413,-0.97369,14.08635,0.04,0.039456359,0.11,18.00910438,17.79771021,17.62818085,-0.501060752,4.238233884,0.058395646,4.29662953,18.18096956,0.34445743,4.458066359
223,Hoka,0.02833,0.66692,0.57742,0.76051,573.55081,16.481,0.09119,0.96861,32.92403,9.31952,0.04,0.039186958,0.11,28.09914186,28.26101194,28.48491579,32.29551926,-5.597596301,-0.116137681,-5.713733982,27.8705925,0.51869443,0.884436958
224,Hoka,0.05068,4.68071,0.74858,0.57972,723.62574,119.78428,0.48249,0.6,38.26579,2.09023,0.04,0.03692402,0.11,16.60834175,16.83333741,16.99726291,37.7774411,-4.098137476,-0.341398019,-4.439535494,16.43076033,2.082641325,4.91831402
225,Hoka,0.08594,2.84179,0.60488,0.53369,742.80704,29.76023,0.58631,0.6758,5.5403,0.088,0.04,0.036218033,0.11,16.40004843,16.09643667,15.96848436,5.928911751,3.198807581,0.334026518,3.532834099,16.54136179,2.610554943,3.113948033
226,Hoka,0.01112,2.3423,0.05264,0.42779,47.5169,58.83585,0.68987,0.03823,39.07353,-8.4943,0.04,0.039659858,0.11,-7.008754339,-6.804032543,-6.073885311,37.04840433,-18.25368082,-0.156552561,-18.41023338,-7.745163674,0.214412319,2.543079858
227,Hoka,0.07777,5.74705,0.40345,0.32001,208.719,105.36551,0.08529,0.31718,15.50691,12.77859,0.04,0.039352899,0.11,13.84547292,13.86710101,13.87804518,15.47631864,-0.27360426,-0.00449902,-0.27810328,13.83434879,0.411088242,6.014172899
228,Hoka,0.03872,4.76836,0.37243,0.38897,120.06547,56.69727,0.91251,0.87739,32.12849,8.24717,0.04,0.033764389,0.11,9.542094399,9.718740072,9.872777603,31.6266557,-3.850938274,-0.711191704,-4.562129978,9.3596092,4.61700275,4.990844389
229,Hoka,0.01833,1.56384,0.51865,0.80888,166.39782,0.06798,0.35962,0.56304,13.09501,-7.44554,0.04,0.037588417,0.11,-1.263053938,-1.110903609,-0.798896518,12.18194201,-7.800177291,-0.500440759,-8.300618051,-1.59507866,1.603940336,1.769758417
230,Hoka,0.00185,1.41852,0.5097,0.80186,38.35044,126.29704,0.8546,0.38699,-3.57512,0.02244,0.04,0.036939425,0.11,-1.492533123,-1.49499134,-1.544075177,-3.428955782,1.227095941,0.101669677,1.328765618,-1.439382499,2.071347348,1.607309425
231,Hoka,0.0429,5.10035,0.20597,0.19293,854.78193,13.40065,0.58324,0.61073,24.76005,15.8303,0.04,0.036462286,0.11,22.89453482,22.9096643,22.92252341,24.72125646,-0.321477544,-0.031191009,-0.352668553,22.88042808,2.425597768,5.329712286
232,Hoka,0.08895,5.58222,0.98805,0.68402,986.82394,36.80344,0.36781,0.31902,15.06259,17.86472,0.04,0.038203752,0.11,45.4231501,44.95908439,44.75976959,15.63647677,4.982869967,0.234282495,5.217152462,45.6318362,1.175439541,5.859373752
233,Hoka,0.08485,5.57877,0.1864,0.63951,381.36864,79.50105,0.31243,0.69561,21.26066,5.25381,0.04,0.037639261,0.11,15.25471801,15.34241056,15.38131077,21.14697489,-0.972505302,-0.060995653,-1.033500955,15.21337797,1.568003088,5.851259261
234,Hoka,0.03002,3.69118,0.54977,0.64804,560.7858,110.64827,0.5375,0.38193,-7.21419,16.5681,0.04,0.037537647,0.11,29.3457712,29.06207917,28.70734461,-6.174678899,8.86836391,0.58173701,9.45010092,29.72377524,1.639922019,3.908737647
235,Hoka,0.05029,1.83376,0.38322,0.62637,103.13813,111.74502,0.79182,0.35916,-2.80222,21.57435,0.04,0.037213212,0.11,22.03224883,21.41739723,20.96242401,-1.457346744,11.37433051,0.851790003,12.22612051,22.52129365,1.87217613,2.071263212
236,Hoka,0.0029,6.51051,0.35553,0.3765,667.28688,3.84034,0.8949,0.76455,29.45027,22.45087,0.04,0.034480037,0.11,33.29162428,33.28995109,33.2700574,29.5137359,0.497342386,0.079620325,0.576962711,33.31470279,4.002289325,6.697890037
237,Hoka,0.08816,2.41832,0.06289,0.8547,185.16739,96.54861,0.32612,0.71804,10.89084,8.30566,0.04,0.037524485,0.11,14.86278039,14.73084155,14.67468301,11.05546423,1.403963506,0.092620397,1.496583903,14.92264375,1.649266461,2.694004485
238,Hoka,0.09103,2.64836,0.88519,0.89099,856.81748,133.18875,0.4346,0.37201,10.07166,5.82592,0.04,0.037835611,0.11,33.56644012,32.82568407,32.51779703,10.9667843,7.697176032,0.440317634,8.137493666,33.89193986,1.430127207,2.927225611
239,Hoka,0.01231,5.84067,0.67604,0.45595,652.97637,56.56783,0.25031,0.08074,25.7313,-3.34198,0.04,0.03941521,0.11,8.057643452,8.093889434,8.209944919,25.40741226,-2.901387123,-0.043046879,-2.944434002,7.939866092,0.370916367,6.04239521
240,Hoka,0.07787,5.48885,0.0208,0.61435,888.70241,69.67566,0.04339,0.06254,28.3719,1.51223,0.04,0.039761457,0.11,25.20936238,25.25244252,25.27443981,28.31104453,-0.54993226,-0.00329924,-0.553231501,25.18723312,0.149983946,5.756481457
241,Hoka,0.09562,5.83523,0.40771,0.19995,992.09711,58.10645,0.44456,0.33492,13.01676,20.55937,0.04,0.037954967,0.11,28.0551631,27.81860803,27.72471094,13.28888986,2.347427237,0.126480575,2.473907812,28.15411941,1.34701273,6.118804967
242,Hoka,0.02157,5.80309,0.60731,0.89446,441.25644,102.59195,0.86366,0.72926,26.17332,-9.44312,0.04,0.034805817,0.11,5.149111289,5.225079926,5.347664556,25.7859046,-3.064615735,-0.457342403,-3.521958138,5.008232964,3.730829916,6.009465817
243,Hoka,0.00969,6.50931,0.61203,0.70431,897.54986,73.44557,0.90834,0.22007,-3.94079,18.52917,0.04,0.038126907,0.11,43.77344564,43.70409779,43.43123719,-3.153559459,6.821514855,0.335126425,7.15664128,44.05971129,1.228196492,6.707126907
244,Hoka,0.04266,0.38949,0.32155,0.54175,231.15136,61.57823,0.20787,0.78554,-8.41093,19.21671,0.04,0.038281634,0.11,21.72373203,19.50892393,17.52143044,-2.699985541,49.68733741,2.230339495,51.9176769,23.80043911,1.122187066,0.620431634
245,Hoka,0.00235,3.68144,0.42758,0.71896,766.25931,125.43213,0.78487,0.07664,-7.13957,21.97141,0.04,0.039326377,0.11,43.0682347,43.0374534,42.52233961,-5.698742753,12.87784452,0.220584994,13.09842952,43.59217189,0.428225768,3.873116377
246,Hoka,0.06912,6.41298,0.42639,0.69364,256.18762,51.33469,0.44649,0.49378,15.19317,33.358,0.04,0.037386892,0.11,39.98292221,39.72446062,39.58465919,15.60449486,3.49503591,0.244280965,3.739316875,40.13249488,1.747342309,6.669486892
247,Hoka,0.07576,3.88262,0.16157,0.33823,799.88913,27.61995,0.59044,0.12114,6.43522,5.03819,0.04,0.039005336,0.11,16.50895357,16.32314532,16.22748121,6.705004937,2.391602724,0.060987608,2.452590332,16.60705718,0.637518173,4.147385336
248,Hoka,0.03923,5.03698,0.2377,0.21992,596.81588,117.89622,0.94309,0.51628,17.51567,-2.37596,0.04,0.035898491,0.11,2.229295622,2.344131319,2.449214884,17.1936734,-2.627089113,-0.30015271,-2.927241823,2.112205949,2.856324023,5.262108491
249,Hoka,0.08332,5.33668,0.83041,0.44635,226.59213,25.84625,0.39251,0.22933,35.02223,9.15576,0.04,0.038512523,0.11,12.77972526,13.11253326,13.26636518,34.58285314,-3.845798042,-0.148537007,-3.994335048,12.61995186,0.965579869,5.608512523
250,Hoka,0.0334,0.57959,0.71774,0.54598,22.05817,97.61084,0.2564,0.97785,-4.14549,35.58629,0.04,0.037801062,0.11,31.20523059,29.65327483,27.89682045,0.965741528,43.91135964,2.554381519,46.46574116,33.06386023,1.454282866,0.800791062
251,Hoka,0.0476,3.51861,0.55951,0.26883,610.8614,44.021,0.10872,0.17242,-3.66331,-3.79766,0.04,0.039358369,0.11,2.208160195,2.132941022,2.07074556,-3.489484179,1.554886544,0.025348191,1.580234735,2.271369585,0.407556921,3.755568369
252,Hoka,0.09493,2.91753,0.88234,0.52791,828.88363,16.06225,0.36538,0.19727,39.53628,-12.99842,0.04,0.038702381,0.11,5.836850011,6.848847024,7.261432026,38.36362993,-10.31462506,-0.345830157,-10.66045521,5.410431802,0.838203412,3.201162381
253,Hoka,0.03059,2.81903,0.98316,0.85257,899.5439,107.31368,0.14009,0.78347,37.70427,-1.48736,0.04,0.038805706,0.11,27.40729316,27.51234313,27.64560688,37.32651595,-3.331593747,-0.102533975,-3.434127722,27.26992805,0.769406347,3.038425706
254,Hoka,0.03182,6.91026,0.14118,0.24714,576.02095,83.35608,0.64535,0.54706,29.14969,35.80598,0.04,0.036496982,0.11,41.41457965,41.35952363,41.29637535,29.34001563,1.578707046,0.15152593,1.730232976,41.48378897,2.399525775,7.128576982
255,Hoka,0.00872,2.47647,0.57598,0.31589,860.73623,7.47185,0.49874,0.48052,10.11701,-7.80308,0.04,0.037245958,0.11,3.925535921,3.946045311,4.033647587,9.858290639,-2.190056901,-0.161937289,-2.35199419,3.831456154,1.848551162,2.672435958
256,Hoka,0.05812,0.85225,0.65423,0.10767,278.35739,39.09804,0.08271,0.34327,35.33841,33.59165,0.04,0.039358633,0.11,33.83917963,33.92140376,33.97708562,35.18278965,-1.392046431,-0.022684023,-1.414730453,33.78259041,0.407386247,1.099728633
257,Hoka,0.05682,2.54913,0.22984,0.32207,314.19803,12.4953,0.62758,0.40705,22.50863,35.18762,0.04,0.037215708,0.11,39.2196921,38.87480819,38.64891768,23.17630388,5.647262714,0.422499832,6.069762547,39.4624826,1.870374434,2.793165708
258,Hoka,0.08165,0.32005,0.95994,0.22788,875.7274,137.35351,0.69635,0.71048,-6.25306,13.46453,0.04,0.035594169,0.11,14.86497652,11.71440818,10.34096222,-2.008571117,34.33614898,4.250113601,38.58626258,16.40842702,3.094489137,0.587294169
259,Hoka,0.04425,1.78907,0.3365,0.14131,536.49805,113.21661,0.52846,0.44965,35.96372,14.55143,0.04,0.037270753,0.11,16.58263934,17.01564793,17.38036107,34.88731445,-9.117828549,-0.667676422,-9.785504971,16.19121914,1.830689233,2.020590753
260,Hoka,0.05801,1.22887,0.73949,0.34249,657.8523,120.9815,0.3953,0.2158,15.57644,18.46886,0.04,0.038571961,0.11,24.13655287,23.79061852,23.56060014,16.2324093,5.750459608,0.212897653,5.963357261,24.37508716,0.925567987,1.475451961
261,Hoka,0.01068,0.61366,0.13101,0.17841,404.98421,141.43919,0.03097,0.54419,7.65835,30.14534,0.04,0.039726345,0.11,31.26144152,30.93578337,29.72443429,11.01250702,30.28372695,0.20860963,30.49233658,32.48113498,0.172212646,0.814066345
262,Hoka,0.00361,0.27013,0.29073,0.9974,255.86443,87.93793,0.8872,0.17981,32.10442,11.43019,0.04,0.038457299,0.11,22.33939519,22.42289108,23.31237208,29.56022388,-22.23702519,-0.892030438,-23.12905563,21.41423296,1.002866199,0.462197299
263,Hoka,0.07496,1.66964,0.98568,0.50278,317.21439,42.41831,0.68515,0.12028,15.01779,-0.95414,0.04,0.038985988,0.11,4.386869178,4.807707645,5.026581757,14.40023088,-5.471852791,-0.142320999,-5.61417379,4.162302226,0.650241355,1.933585988
264,Hoka,0.03225,5.36726,0.68253,0.44982,463.73951,66.56786,0.27555,0.89161,32.87943,38.17954,0.04,0.037705931,0.11,45.18492657,45.11338577,45.02974197,33.12344513,2.091094929,0.127224444,2.218319373,45.27365934,1.521026643,5.587215931
265,Hoka,0.06586,6.75234,0.04226,0.99196,567.35447,61.20888,0.04708,0.25628,33.20839,6.01423,0.04,0.039625459,0.11,30.38721902,30.41388477,30.42992854,33.1638526,-0.401094272,-0.003791155,-0.404885427,30.3710236,0.236300716,7.007825459
266,Hoka,0.0268,3.33753,0.61936,0.28416,553.77356,10.88048,0.50491,0.15888,-5.75265,26.60129,0.04,0.038783416,0.11,32.71208869,32.41865808,31.99402222,-4.548270649,10.61589655,0.333006646,10.94890319,33.15004481,0.784216963,3.553113416
267,Hoka,0.09831,5.40961,0.43386,0.11114,772.25419,123.08956,0.50172,0.68,27.93563,-5.82785,0.04,0.036609196,0.11,-4.190818981,-3.63226652,-3.424269809,27.3106603,-5.199917768,-0.481624915,-5.681542683,-4.418080688,2.315541017,5.694529196
268,Hoka,0.04432,4.62193,0.52793,0.99079,571.209,70.38743,0.60042,0.42434,4.05636,-8.93189,0.04,0.037191704,0.11,13.97647881,13.88513883,13.8084897,4.283061212,1.91622826,0.144691852,2.060920111,14.05891562,1.887716807,4.853441704
269,Hoka,0.02171,3.81551,0.21543,0.75854,392.35734,59.71956,0.07868,0.08386,12.09362,39.38094,0.04,0.039617484,0.11,51.36748524,51.15362259,50.76335543,13.17721701,9.756678996,0.09420291,9.850881907,51.76152052,0.241380572,4.026837484
270,Hoka,0.05785,3.91517,0.68401,0.29981,505.06257,88.63756,0.77714,0.57025,25.11517,17.23355,0.04,0.03597643,0.11,21.21894455,21.2736658,21.30769649,25.01111922,-0.850767196,-0.095149004,-0.9459162,21.1811079,2.795976511,4.15899643
271,Hoka,0.06892,5.74514,0.66759,0.17973,926.64522,106.38987,0.05729,0.23745,10.02074,21.25482,0.04,0.039563152,0.11,25.30539345,25.1287528,25.02735319,10.30266792,2.534990262,0.027990843,2.562981105,25.4079127,0.276044876,6.003623152
272,Hoka,0.0774,5.80913,0.94059,0.58909,986.06972,49.18302,0.57786,0.96178,-0.5503,-6.7653,0.04,0.035432578,0.11,16.36698332,16.14990675,16.0505323,-0.241793251,2.484361224,0.320245585,2.804606809,16.47916759,3.222614953,6.071962578
273,Hoka,0.07522,4.73267,0.15311,0.12817,373.91603,85.21944,0.49933,0.21348,26.84016,-13.04455,0.04,0.038456881,0.11,-11.22099337,-10.64335826,-10.34803728,25.99543969,-7.383024556,-0.296250984,-7.679275539,-11.52816439,1.003149121,4.996346881
274,Hoka,0.0462,3.32395,0.41271,0.28885,142.36398,107.7405,0.86663,0.23534,23.68233,38.27918,0.04,0.038029091,0.11,37.97134057,37.78370024,37.62924589,24.12909269,3.861358865,0.200120157,4.061479022,38.13379973,1.295658886,3.558179091
275,Hoka,0.0281,4.66604,0.13212,0.17031,32.31972,106.89129,0.80292,0.33792,33.38757,17.69659,0.04,0.037341106,0.11,17.4535357,17.54601698,17.66891211,33.02554364,-3.072378315,-0.218770396,-3.291148711,17.32188975,1.780138814,4.881481106
276,Hoka,0.07044,3.90347,0.3915,0.86046,626.55896,12.09019,0.03966,0.55278,20.08315,-8.00194,0.04,0.039652295,0.11,15.27925139,15.36131311,15.40750753,19.95500137,-1.154860723,-0.010126798,-1.164987521,15.23265188,0.219221198,4.163562295
277,Hoka,0.05192,0.99778,0.69664,0.40181,382.46377,117.52914,0.79888,0.9002,29.60397,-13.26725,0.04,0.034262177,0.11,-8.856900112,-7.184411306,-6.080730499,26.06056151,-27.59202017,-4.620784262,-32.21280444,-10.14541229,4.186703468,1.233962177
278,Hoka,0.08534,0.4032,0.81239,0.61298,705.62295,59.0734,0.36611,0.47594,39.41851,9.60878,0.04,0.037752173,0.11,27.10225406,28.75411987,29.48486188,37.28931808,-18.26855036,-1.087739818,-19.35629018,26.32800246,1.488541506,0.676292173
279,Hoka,0.06479,3.63614,0.76939,0.18804,472.89168,17.72311,0.67479,0.10353,21.72663,11.8569,0.04,0.039119718,0.11,15.19805749,15.30792262,15.37425836,21.54010177,-1.658393626,-0.037317596,-1.695711222,15.13022904,0.56255637,3.890049718
280,Hoka,0.02411,4.33274,0.10539,0.42311,461.0767,63.10653,0.70618,0.30305,31.00801,-3.41619,0.04,0.03768568,0.11,5.007534595,5.146699096,5.364223311,30.37308278,-5.438105361,-0.333960231,-5.772065592,4.776651971,1.535278416,4.54453568
281,Hoka,0.0312,3.85528,0.4497,0.88903,970.94049,78.20664,0.48779,0.1441,16.2454,-2.98706,0.04,0.038889277,0.11,32.84947189,32.72109528,32.5610801,16.69800986,4.000379512,0.114255546,4.114635057,33.0140573,0.714029414,4.075369277
282,Hoka,0.02715,5.86294,0.37834,0.18233,117.98585,122.7331,0.34473,0.37545,16.68913,-13.84289,0.04,0.038095395,0.11,-14.71841663,-14.57719624,-14.37904351,16.11696636,-4.953818092,-0.247669536,-5.201487628,-14.92647613,1.249892162,6.078185395
283,Hoka,0.01934,2.95862,0.74027,0.92442,183.50962,126.39457,0.30936,0.4408,5.42969,35.16725,0.04,0.038069939,0.11,38.05731292,37.85545362,37.45810246,6.577803931,9.933778853,0.50362052,10.43739937,38.4748089,1.267444462,3.166029939
284,Hoka,0.07244,3.76092,0.11042,0.65583,717.65808,0.40176,0.15786,0.94842,11.41571,-3.14876,0.04,0.038620618,0.11,17.25421407,17.14800028,17.09137353,11.57699543,1.415668834,0.050562328,1.466231162,17.31286332,0.892905296,4.021980618
285,Hoka,0.00151,5.55648,0.49901,0.80054,381.89529,90.63091,0.73186,0.75007,19.83081,39.98965,0.04,0.035265139,0.11,51.09631276,51.08803487,50.89470978,20.43383498,4.833127213,0.648918039,5.482045252,51.31559457,3.356615761,5.743255139
286,Hoka,0.06888,0.15599,0.59633,0.65426,244.62098,48.00453,0.60425,0.98411,25.40631,-13.66509,0.04,0.03519409,0.11,-4.697328759,0.905859156,3.768796158,16.45812953,-71.57342504,-9.773670122,-81.34709516,-7.951212565,3.413861401,0.41006409
287,Hoka,0.01608,1.58716,0.53728,0.63455,78.29257,56.46571,0.745,0.56657,-9.04827,12.719,0.04,0.03609169,0.11,13.05458384,12.8514126,12.39539312,-7.658416985,11.40048719,1.234540222,12.63502741,13.55998494,2.707209353,1.78933169
288,Hoka,0.08927,2.2349,0.65356,0.28124,270.44076,129.73374,0.29574,0.76803,19.46177,37.05747,0.04,0.037666466,0.11,36.40374364,35.79188683,35.53372077,20.21571029,6.454151422,0.39985121,6.854002632,36.67790375,1.548814027,2.511836466
289,Hoka,0.06609,0.36017,0.46171,0.7384,329.7258,29.90836,0.52077,0.17193,-2.12771,28.61151,0.04,0.038689429,0.11,35.9477877,31.57103817,29.00886626,5.156938933,64.05429784,2.169783368,66.22408121,38.59675095,0.846853155,0.614949429
290,Hoka,0.05689,1.29157,0.58369,0.92998,909.50665,12.36837,0.32087,0.52852,37.83442,24.20345,0.04,0.037845591,0.11,60.07006589,59.22465978,58.66226052,39.46906005,14.05998155,0.800382554,14.8603641,60.66448046,1.423157192,1.536305591
291,Hoka,0.04303,0.57074,0.57853,0.3547,994.81044,39.32634,0.07245,0.38012,25.35193,-13.28311,0.04,0.039417185,0.11,2.278711347,3.57962496,4.771313377,22.02633164,-29.79221042,-0.440501957,-30.23271238,1.069402852,0.369645245,0.803187185
292,Hoka,0.04081,3.06898,0.47495,0.9817,116.77188,135.73838,0.2786,0.17491,-7.05086,18.64051,0.04,0.03893052,0.11,20.48366138,20.13883775,19.80989477,-6.121416271,8.223574438,0.225914006,8.449488444,20.82164091,0.686787746,3.29872052
293,Hoka,0.01035,5.36197,0.61478,0.42685,110.47,124.00577,0.12305,0.13437,4.66587,3.76332,0.04,0.039383137,0.11,2.514463883,2.518496525,2.533841269,4.623011,-0.3836186,-0.00600867,-0.38962727,2.498878792,0.391578374,5.561703137
294,Hoka,0.07752,3.21577,0.22797,0.32415,756.16658,72.11462,0.10167,0.2875,15.24388,32.73969,0.04,0.039272233,0.11,42.36677815,41.75602171,41.44660776,16.11053646,7.735348778,0.143346309,7.878695087,42.68192596,0.463283275,3.482562233
295,Hoka,0.0481,1.28022,0.86191,0.44417,500.8582,63.94363,0.03699,0.17102,2.20106,17.06843,0.04,0.039715732,0.11,23.7611476,23.05951354,22.48018069,3.80562854,14.4833213,0.103665422,14.58698673,24.34462707,0.178939312,1.518035732
296,Hoka,0.06719,4.45628,0.99454,0.16349,985.74106,57.12477,0.53148,0.02538,18.0688,-8.72764,0.04,0.039774683,0.11,-4.001948564,-3.684624372,-3.496776938,17.54929321,-4.696185836,-0.026603161,-4.722788996,-4.190860124,0.141621102,4.713244683
297,Hoka,0.08236,3.49661,0.85099,0.63208,289.87142,9.70928,0.41331,0.92538,1.98565,3.61246,0.04,0.036654431,0.11,11.12130703,10.9193509,10.82947004,2.255382576,2.247021361,0.205092964,2.452114325,11.21939161,2.281831488,3.765624431
298,Hoka,0.00458,0.41772,0.45702,0.64723,180.24714,91.06354,0.22401,0.09315,38.6571,1.77843,0.04,0.03936734,0.11,7.239503925,7.491210783,9.65475435,32.61173878,-54.08858917,-0.869240081,-54.95782925,5.041190755,0.401766849,0.61166734
299,Hoka,0.04572,1.72453,0.49084,0.33958,632.46682,87.0569,0.37816,0.38919,-5.80401,12.34571,0.04,0.037945124,0.11,19.30226072,18.70385512,18.20721088,-4.3642765,12.41610591,0.672380456,13.08848636,19.82580017,1.353847295,1.958195124
300,Hoka,0.00176,0.83362,0.25897,0.4602,733.71849,35.36453,0.04418,0.80145,-2.34948,39.6673,0.04,0.039605039,0.11,51.75278122,51.65610972,49.48072424,3.692488659,54.38463701,0.542350797,54.92698781,53.94986073,0.249312502,1.024985039
301,Hoka,0.08566,0.16242,0.57799,0.90471,633.45776,70.74192,0.53225,0.85099,7.74801,20.48185,0.04,0.036000288,0.11,40.31562138,33.23650153,30.26136315,16.83863788,74.37845955,8.263612058,82.64207161,43.62130425,2.777555527,0.434080288
302,Hoka,0.02154,6.17789,0.58117,0.84804,321.3607,114.32183,0.45613,0.5325,13.14185,-2.71395,0.04,0.037232732,0.11,6.289511386,6.312767605,6.352966887,13.02308565,-1.004982068,-0.074693803,-1.079675871,6.246324352,1.858087966,6.386662732
303,Hoka,0.00448,3.7144,0.16432,0.47864,934.34292,82.4894,0.57161,0.85944,-0.11506,4.67961,0.04,0.035737041,0.11,23.2920881,23.26495371,23.0485022,0.551186167,5.411287892,0.645495446,6.056783338,23.53435944,2.982171059,3.904617041
304,Hoka,0.08051,2.16627,0.44569,0.9324,714.00732,147.39704,0.52195,0.15328,28.74539,-6.62998,0.04,0.03880964,0.11,19.61153288,19.91849983,20.06647246,28.32598416,-3.69931581,-0.113464544,-3.812780354,19.45902167,0.766794119,2.43558964
305,Hoka,0.04908,6.89177,0.63801,0.3275,952.62524,1.50184,0.86012,0.24313,28.40203,26.87566,0.04,0.037973335,0.11,40.33124187,40.24864908,40.1847468,28.58714017,1.597556932,0.085262812,1.682819744,40.39855466,1.334268751,7.128823335
306,Hoka,0.09026,0.77316,0.49449,0.99695,405.1927,140.06283,0.38181,0.78972,2.74461,1.35508,0.04,0.037068383,0.11,15.4059356,14.27498619,13.81052279,4.122899785,11.61158492,0.918322216,12.52990714,15.90713189,1.977168108,1.050488383
307,Hoka,0.08142,1.20595,0.49763,0.9411,8.31304,109.46655,0.98216,0.40505,28.33171,22.25017,0.04,0.036638248,0.11,20.44196541,20.88992866,21.09150799,27.72650295,-5.039483194,-0.462399102,-5.501882296,20.22189012,2.293881556,1.474008248
308,Hoka,0.03325,1.44913,0.41307,0.53482,447.56545,8.63199,0.40546,0.25441,35.45978,19.06515,0.04,0.038377336,0.11,29.46443869,29.58667951,29.72777053,35.05537431,-3.527275714,-0.149139637,-3.676415351,29.31738208,1.057045504,1.670757336
309,Hoka,0.01154,2.9256,0.87963,0.8822,599.11952,39.50128,0.6324,0.68618,13.53633,31.25723,0.04,0.035973297,0.11,52.22471385,52.0799044,51.62849422,14.91666274,11.28525444,1.263225011,12.54847945,52.72665303,2.798397276,3.123113297
310,Hoka,0.04891,6.06929,0.67765,0.89337,943.76725,86.47144,0.80347,0.40005,-9.78144,-0.07217,0.04,0.036929236,0.11,33.76009696,33.42018113,33.16352949,-9.016959511,6.416291085,0.533531546,6.949822631,34.03808986,2.078816014,6.305129236
311,Hoka,0.0148,2.56482,0.22876,0.89751,439.67953,28.1493,0.47554,0.03634,3.22033,10.87921,0.04,0.0396836,0.11,27.40208388,27.27095521,26.91935671,4.194934997,8.789962573,0.070082854,8.860045427,27.7564857,0.199326372,2.7693036
312,Hoka,0.01473,4.03111,0.42488,0.61,488.27435,30.17757,0.69955,0.95312,-4.78177,-5.6575,0.04,0.034652323,0.11,6.626021239,6.58592171,6.491587576,-4.482316633,2.358353364,0.363949974,2.722303338,6.734913372,3.858094163,4.230492323
313,Hoka,0.09649,5.28734,0.37901,0.1718,615.40479,129.43552,0.43672,0.07923,21.20778,38.51654,0.04,0.039354446,0.11,40.838505,40.49617615,40.35655379,21.59803985,3.490559153,0.057257695,3.547816848,40.98041767,0.410089707,5.573184446
314,Hoka,0.01908,1.10985,0.94017,0.59543,732.13932,119.71792,0.23274,0.13561,35.75558,4.98215,0.04,0.039162505,0.11,19.54945669,19.79138975,20.28796757,34.36078772,-12.41444534,-0.265484515,-12.67992985,19.0422595,0.534628224,1.318092505
315,Hoka,0.07093,5.88289,0.70306,0.10492,249.0865,15.25204,0.37734,0.84922,38.57854,1.93495,0.04,0.037013035,0.11,2.839319472,3.254833698,3.471659335,37.93415025,-5.420640925,-0.437447688,-5.858088613,2.604995928,2.017509063,6.140833035
316,Hoka,0.02505,6.22091,0.5652,0.92614,179.90693,79.77512,0.25419,0.96714,31.4771,26.68142,0.04,0.037824766,0.11,31.9623022,31.96040125,31.95753086,31.48544752,0.071759766,0.004126774,0.07588654,31.96533767,1.437704731,6.433784766
317,Hoka,0.0773,4.25612,0.0949,0.94163,957.1996,3.9982,0.73682,0.42759,33.07308,18.09339,0.04,0.036878391,0.11,57.05098668,56.6372883,56.43992051,33.66178403,4.934194883,0.417659969,5.351854852,57.26506088,2.116150552,4.520298391
318,Hoka,0.04215,5.90915,0.23231,0.75926,408.66099,123.74699,0.04163,0.77883,0.09989,32.78105,0.04,0.039627943,0.11,44.72897866,44.42064588,44.13076228,0.904554438,7.247090068,0.068041185,7.315131253,45.02158391,0.234718984,6.140927943
319,Hoka,0.0099,2.9741,0.45733,0.89507,642.47115,12.96896,0.76297,0.65609,-9.87858,10.62207,0.04,0.035575568,0.11,34.79566517,34.65434408,34.14650791,-8.308345679,12.69590415,1.578953315,14.27485747,35.36665947,3.109178551,3.169575568
320,Hoka,0.07189,3.67491,0.84881,0.26169,563.17606,77.8959,0.13096,0.61677,21.04614,-4.71312,0.04,0.038924302,0.11,-0.954239418,-0.548253996,-0.328436229,20.42493543,-5.495444172,-0.151870091,-5.647314263,-1.180131989,0.690890884,3.935724302
321,Hoka,0.06096,0.88927,0.36402,0.67346,100.03588,138.49375,0.7011,0.02928,-3.40274,0.06738,0.04,0.039737764,0.11,0.656953452,0.431966028,0.285304331,-2.996758757,3.666542436,0.024196134,3.69073857,0.804582994,0.164979228,1.139967764
322,Hoka,0.02813,2.80805,0.48364,0.30313,885.92678,119.19391,0.45348,0.94952,28.76799,18.62341,0.04,0.036329099,0.11,27.80605202,27.81512469,27.82684178,28.73251209,-0.292927358,-0.029599061,-0.322526419,27.79315096,2.52614342,3.022509099
323,Hoka,0.01849,6.07666,0.99228,0.82104,557.9305,126.91441,0.44499,0.38446,-8.2162,-13.0883,0.04,0.037760867,0.11,1.292022923,1.263861854,1.206350422,-8.048665248,1.437785805,0.085257391,1.523043196,1.352944651,1.482442494,6.282910867
324,Hoka,0.06778,3.82861,0.80473,0.38796,236.91787,106.56506,0.59185,0.55886,36.34112,-2.19386,0.04,0.036628288,0.11,-1.551205236,-0.915951665,-0.572660863,35.3101685,-8.582270047,-0.790016333,-9.372286381,-1.926096691,2.301303528,4.083018288
325,Hoka,0.05711,0.51603,0.5512,0.71592,478.44258,57.93328,0.93368,0.47482,4.70301,19.5545,0.04,0.036205112,0.11,31.56489233,29.432283,28.08030683,8.81064486,33.7994042,3.542730894,37.34213509,33.05857774,2.620409278,0.759345112
326,Hoka,0.0365,2.69656,0.33298,0.56463,66.98134,48.3897,0.18998,0.41773,16.31087,11.97632,0.04,0.038674403,0.11,12.9665184,13.0088779,13.05376087,16.18321123,-1.122074263,-0.038460031,-1.160534293,12.92009703,0.856895837,2.921734403
327,Hoka,0.024,6.51456,0.51829,0.33739,868.83065,86.15789,0.5888,0.69632,19.42621,12.11115,0.04,0.036136687,0.11,22.89387838,22.88142844,22.86268263,19.4832722,0.468645219,0.050102084,0.518747303,22.91462827,2.672708568,6.724696687
328,Hoka,0.094,0.53692,0.33035,0.92678,538.64794,63.38851,0.88657,0.77777,22.9669,-13.60039,0.04,0.034440592,0.11,7.967654305,9.786071582,10.45232017,20.83896489,-16.65621463,-2.688650012,-19.34486464,7.19385972,4.035505774,0.815360592
329,Hoka,0.07062,6.29288,0.86756,0.30966,389.40464,113.9521,0.02606,0.26528,16.04775,8.83058,0.04,0.039779366,0.11,9.813335103,9.880931525,9.919007747,15.94245962,-0.951905557,-0.005279687,-0.957185244,9.775047693,0.138660995,6.553279366
330,Hoka,0.02278,1.37998,0.78951,0.83733,787.75651,54.07753,0.66741,0.10257,33.26302,22.56427,0.04,0.039128692,0.11,48.98161842,48.75088688,48.35456452,34.37717583,9.908059014,0.220630307,10.12868932,49.38676599,0.556694068,1.591888692
331,Hoka,0.01775,4.63988,0.7142,0.55855,109.64066,145.64645,0.83827,0.11309,14.21001,38.40303,0.04,0.039014665,0.11,36.35867365,36.27688296,36.09710627,14.71688188,4.49441733,0.113508821,4.607926152,36.5429907,0.631387859,4.846644665
332,Hoka,0.0218,5.93622,0.76502,0.53712,640.85405,149.0952,0.39547,0.62412,3.62286,24.15144,0.04,0.037282656,0.11,33.95941141,33.85108971,33.66583644,4.169437433,4.631331511,0.337554246,4.968885757,34.15816684,1.822123105,6.145302656
333,Hoka,0.00805,2.27348,0.87127,0.16309,604.69785,69.46148,0.28636,0.07495,8.41234,-6.64613,0.04,0.039431734,0.11,-4.772637087,-4.72897574,-4.515107089,7.815725311,-5.346716259,-0.077053644,-5.423769903,-4.989587884,0.360284896,2.470961734
334,Hoka,0.0863,5.88954,0.36397,0.50804,484.31666,143.82365,0.22701,0.16314,16.29269,34.56818,0.04,0.039065062,0.11,42.81690327,42.44317673,42.27400349,16.7690506,4.22933097,0.101219953,4.330550923,42.99012531,0.598321305,6.164905062
335,Hoka,0.03888,1.49162,0.25414,0.22415,163.7485,50.42461,0.83742,0.62731,32.25565,13.8092,0.04,0.035473327,0.11,15.25364807,15.64806833,16.00792941,31.13974906,-8.996527132,-1.148026873,-10.14455401,14.84786591,3.190194551,1.715973327
336,Hoka,0.07605,5.15159,0.2395,0.6331,202.75225,32.14828,0.80471,0.19371,8.68305,15.09416,0.04,0.038379653,0.11,20.25427948,20.09059109,20.00798355,8.919811643,2.06518856,0.087190008,2.152378568,20.34037463,1.055472725,5.416019653
337,Hoka,0.06793,2.23879,0.21179,0.21043,405.84265,42.95023,0.6498,0.91344,21.14662,21.23287,0.04,0.035097571,0.11,24.49583981,24.40304641,24.3551026,21.29688166,1.198595312,0.167419784,1.366015096,24.55048042,3.491999802,2.491817571
338,Hoka,0.07916,1.87937,0.09357,0.52428,125.24638,87.86817,0.4904,0.84667,23.03863,-3.99874,0.04,0.036272002,0.11,-1.043584311,-0.137870575,0.277137643,21.78005861,-10.37520544,-1.066352622,-11.44155806,-1.501246633,2.569473512,2.144802002
339,Hoka,0.05329,4.09897,0.36108,0.1722,12.89866,43.67361,0.45975,0.9623,4.73902,-9.58988,0.04,0.036262879,0.11,-10.04140641,-9.858169294,-9.733479761,4.360786139,-3.117238329,-0.321251316,-3.438489645,-10.17894599,2.576409649,4.338522879
340,Hoka,0.09709,5.95805,0.81479,0.97524,11.62978,136.80548,0.38697,0.81767,14.9327,28.73468,0.04,0.036992848,0.11,24.32083178,24.17386723,24.11787137,15.09920635,1.399896364,0.113797717,1.513694082,24.38137955,2.032252534,6.242132848
341,Hoka,0.04205,6.72408,0.76209,0.20849,286.061,87.23906,0.80669,0.24479,24.43735,32.02223,0.04,0.037995197,0.11,31.68278471,31.63871977,31.59890392,24.55262096,0.995396047,0.05252173,1.047917777,31.72470142,1.319116402,6.954125197
342,Hoka,0.01417,0.11153,0.82923,0.88208,744.35024,25.78259,0.5979,0.53362,-1.07643,37.77662,0.04,0.036710358,0.11,56.88323077,53.86833663,46.05762073,22.32782938,195.2678974,17.49809693,212.7659944,65.39387055,2.240268006,0.312410358
343,Hoka,0.08316,3.9503,0.48224,0.45982,331.4229,117.63535,0.29534,0.49634,30.40189,-9.55009,0.04,0.038028073,0.11,-5.051534529,-4.346448987,-4.024021804,29.46923717,-8.06067956,-0.417982559,-8.47866212,-5.390681013,1.296362658,4.221488073
344,Hoka,0.00167,1.64305,0.93827,0.99899,61.46203,131.05785,0.34863,0.80727,10.69982,21.8061,0.04,0.037263283,0.11,18.94519344,18.93750934,18.76605145,11.20595814,4.286447392,0.314808389,4.601255781,19.12924367,1.836068192,1.831983283
345,Hoka,0.03539,0.55234,0.90149,0.53319,903.56052,58.54975,0.77525,0.3739,-4.3332,1.0374,0.04,0.037140964,0.11,18.44896359,17.35181755,16.20038885,-0.92302581,28.78571768,2.215865861,31.00158355,19.68902694,1.924449032,0.774870964
346,Hoka,0.03307,1.82154,0.5982,0.66608,638.50457,3.61633,0.38998,0.47379,21.64949,2.46822,0.04,0.03766138,0.11,20.88061635,20.89331525,20.90777725,21.60724992,-0.361549923,-0.022450796,-0.384000719,20.86525632,1.552399457,2.04227138
347,Hoka,0.02878,4.85524,0.17729,0.34422,335.12434,115.21552,0.33477,0.46673,-4.88276,23.11591,0.04,0.037905454,0.11,26.98993492,26.80763966,26.56754291,-4.186009527,6.002418827,0.331676385,6.334095211,27.24329873,1.381428031,5.071925454
348,Hoka,0.09448,5.37794,0.85567,0.52507,107.72366,76.91757,0.0485,0.64822,31.2767,-0.63302,0.04,0.039573257,0.11,-0.807076894,-0.267895308,-0.042057338,30.64894837,-5.645949251,-0.060883793,-5.706833044,-1.035350216,0.269590597,5.661993257
349,Hoka,0.01318,1.85953,0.51449,0.5187,805.15001,108.54377,0.69832,0.47827,-2.30522,10.91879,0.04,0.036682095,0.11,26.08626641,25.90096322,25.38523415,-0.758683539,12.89322683,1.166195539,14.05942237,26.6486433,2.26125615,2.059392095
350,Hoka,0.00882,5.24649,0.27291,0.46243,310.93543,39.91377,0.75857,0.51012,24.5402,39.04151,0.04,0.036358768,0.11,44.67040016,44.637531,44.50203411,24.95013295,3.387422088,0.339241102,3.72666319,44.81946669,2.503681956,5.441668768
351,Hoka,0.01378,1.2685,0.49383,0.69191,656.64091,138.25747,0.13736,0.88004,3.83297,32.53985,0.04,0.038805989,0.11,48.08813171,47.6619965,46.4619531,7.234629877,30.00108509,0.923095617,30.9241807,49.32509894,0.769218525,1.471085989
352,Hoka,0.07945,3.60252,0.61977,0.32636,305.54055,103.36835,0.3578,0.25708,39.83642,27.74145,0.04,0.038456289,0.11,29.40049928,29.61695923,29.72173263,39.53672717,-2.619334997,-0.105145239,-2.724480236,29.29152007,1.003548982,3.870426289
353,Hoka,0.01742,1.75396,0.66969,0.92243,784.24702,136.24258,0.60746,0.71131,-6.19594,11.02918,0.04,0.035997021,0.11,37.60125905,37.20334712,36.38109428,-3.683292856,20.5563209,2.285925862,22.84224676,38.51494892,2.780076591,1.957377021
354,Hoka,0.01725,6.43644,0.19029,0.65658,743.64744,137.86535,0.73774,0.53519,26.07114,18.29415,0.04,0.036277683,0.11,38.30823061,38.27624715,38.2089842,26.27509251,1.681573755,0.172539962,1.854113717,38.38239516,2.565156019,6.639967683
355,Hoka,0.08301,3.6696,0.22047,0.2664,587.83499,108.18968,0.96987,0.30714,-7.95286,25.62157,0.04,0.037403265,0.11,30.99371335,30.16475334,29.79123434,-6.854370642,9.337974759,0.648292133,9.986266892,31.39316403,1.735633661,3.940013265
356,Hoka,0.04136,3.36156,0.72984,0.35042,824.35377,126.16507,0.48183,0.39783,-6.69057,-3.29914,0.04,0.037608805,0.11,5.123835134,4.986209494,4.861065979,-6.324544364,3.128587881,0.198917903,3.327505784,5.256935365,1.589518266,3.590528805
357,Hoka,0.07661,3.92174,0.11119,0.36137,210.51333,141.31409,0.85013,0.98751,23.50407,4.15906,0.04,0.033558973,0.11,6.943362154,7.249674011,7.38385377,23.06425399,-3.354493978,-0.643833353,-3.99832733,6.783429061,4.798289675,4.181908973
358,Hoka,0.08396,6.06851,0.17665,0.21545,130.33884,4.92097,0.98098,0.92637,-7.84363,21.10547,0.04,0.033121822,0.11,22.09836869,21.69905274,21.54152449,-7.320467135,3.938206239,0.817819807,4.756026047,22.28860973,5.191575538,6.335591822
359,Hoka,0.08656,4.03273,0.29028,0.84217,345.54243,97.88995,0.46816,0.27652,10.20552,4.46195,0.04,0.038167327,0.11,15.82622106,15.71221222,15.66194174,10.35040185,1.256762046,0.060345691,1.317107737,15.87890537,1.200419979,4.307457327
360,Hoka,0.07116,1.38835,0.52529,0.78351,353.4778,136.05017,0.24889,0.31063,22.10122,0.11295,0.04,0.038588186,0.11,9.36401979,9.92765401,10.23329795,21.22994732,-7.641098365,-0.279562398,-7.920660763,9.04719336,0.914666926,1.648098186
361,Hoka,0.04589,6.82104,0.16185,0.33705,989.03222,46.5747,0.30707,0.1169,23.79503,-9.47871,0.04,0.03917314,0.11,4.795487654,4.919757349,5.025837848,23.49715102,-2.652012486,-0.055978256,-2.707990742,4.687168024,0.527696003,7.05610314
362,Hoka,0.04737,3.51635,0.89925,0.36285,742.19872,34.14791,0.21631,0.44426,18.11699,-2.78902,0.04,0.038504161,0.11,7.697138601,7.830101574,7.938179,17.80823072,-2.701935669,-0.104966864,-2.806902533,7.584862499,0.971219123,3.752224161
363,Hoka,0.04917,2.67653,0.70725,0.17072,555.66578,33.10795,0.94175,0.88991,-1.29107,-8.02022,0.04,0.033543589,0.11,-4.863989891,-4.802761046,-4.760990958,-1.428047282,-1.044252206,-0.200995811,-1.245248017,-4.913799812,4.811955628,2.909243589
364,Hoka,0.03424,5.44262,0.34703,0.96201,987.70549,93.44536,0.61152,0.83574,1.02989,-9.0472,0.04,0.03556905,0.11,30.64446833,30.46411867,30.27676861,1.609284348,4.683751517,0.583469832,5.267221349,30.85515718,3.114329558,5.66242905
365,Hoka,0.04194,5.87289,0.65366,0.82442,902.4741,34.36831,0.03747,0.09233,27.14382,-6.25113,0.04,0.039751604,0.11,25.13397446,25.14787367,25.16104764,27.10736522,-0.329349117,-0.002058006,-0.331407123,25.12071817,0.156217689,6.104581604
366,Hoka,0.04809,1.41676,0.54954,0.63766,87.84117,40.79378,0.22572,0.76558,32.30301,7.57592,0.04,0.038161447,0.11,9.599578906,10.27645445,10.81358379,30.75473988,-13.42823351,-0.646949362,-14.07518288,9.036571591,1.204457313,1.653011447
367,Hoka,0.07709,3.29732,0.26407,0.50559,866.87976,28.54351,0.06008,0.72603,4.2905,-4.15334,0.04,0.039470853,0.11,14.45941632,14.23695654,14.1230549,4.607928665,2.847540958,0.038174178,2.885715136,14.57484492,0.335150386,3.563880853
368,Hoka,0.03473,1.24736,0.43733,0.95169,906.10466,25.43413,0.55786,0.13144,12.99305,11.34353,0.04,0.03894217,0.11,47.39106929,46.55625702,45.62019594,15.63714298,23.40152701,0.635681935,24.03720895,48.35255764,0.679103051,1.47103217
369,Hoka,0.03291,1.2734,0.90914,0.17313,346.40776,106.49291,0.18741,0.36498,-5.36538,-8.05299,0.04,0.038750296,0.11,-9.540111958,-9.445689459,-9.334510494,-5.680982396,-2.779474146,-0.089638543,-2.869112689,-9.654876466,0.806254515,1.495060296
370,Hoka,0.0846,5.7519,0.30807,0.88276,69.62402,122.66823,0.0811,0.27968,-5.67562,31.95817,0.04,0.039396875,0.11,32.73069415,32.18788924,31.93511363,-4.969845303,6.319390333,0.09674328,6.416133613,32.98733949,0.382723947,6.025896875
371,Hoka,0.08441,6.33065,0.14075,0.21084,404.46959,141.88852,0.03503,0.21714,7.93902,19.84981,0.04,0.039718108,0.11,22.59993832,22.41142804,22.32272681,8.184679638,2.217530923,0.015738515,2.233269438,22.68926909,0.177432875,6.604778108
372,Hoka,0.08166,0.72535,0.55067,0.30081,407.57391,103.81257,0.8007,0.13574,-5.64837,28.76693,0.04,0.038836353,0.11,30.11533659,27.05996658,25.60687537,-1.532637684,36.32728023,1.088468101,37.41574833,31.61196652,0.749070736,0.995846353
373,Hoka,0.00477,1.1287,0.97753,0.87426,768.09014,82.36505,0.05383,0.54908,-5.31774,15.06418,0.04,0.039534923,0.11,39.36655235,39.20042355,37.8235075,-1.486677414,34.42290114,0.404940551,34.82784169,40.75966602,0.294092405,1.323004923
374,Hoka,0.0944,1.76083,0.42691,0.25904,162.41635,50.92688,0.9695,0.82618,15.80511,24.64287,0.04,0.033790803,0.11,25.33611893,24.88603494,24.72492584,16.32957227,4.02772752,0.74011127,4.767838789,25.52683248,4.593851408,2.039020803
375,Hoka,0.08729,2.78184,0.22489,0.68117,204.95493,91.89622,0.10857,0.40422,2.99226,13.67699,0.04,0.039163565,0.11,18.64102222,18.18845509,17.98540614,3.562570278,5.076223614,0.108415281,5.184638895,18.84840777,0.533936687,3.058293565
376,Hoka,0.06195,1.71321,0.69794,0.27336,634.2677,5.22421,0.83229,0.97732,15.2518,9.71796,0.04,0.033717557,0.11,17.06014384,17.00176237,16.96998705,15.35546364,0.794382855,0.148013827,0.942396682,17.09783971,4.65813889,1.958877557
377,Hoka,0.01735,2.82336,0.753,0.20429,959.97079,75.54075,0.8062,0.67202,1.00845,35.74766,0.04,0.035334947,0.11,41.26192772,41.02804047,40.55170654,2.49130864,11.90834815,1.572184941,13.48053309,41.80114904,3.30059409,3.026044947
378,Hoka,0.0854,4.76014,0.18725,0.35838,88.60379,90.33815,0.48662,0.64471,26.88105,17.39605,0.04,0.036779491,0.11,18.11144554,18.26146082,18.32606838,26.68782188,-1.615189057,-0.141430181,-1.756619238,18.04118077,2.189065424,5.032319491
379,Hoka,0.0473,6.92707,0.30129,0.5481,623.23759,41.03041,0.83244,0.90782,4.61627,9.9508,0.04,0.034038105,0.11,24.15554645,24.02571296,23.93228196,4.918208352,2.335774877,0.409119228,2.744894105,24.26534221,4.378838385,7.158408105
380,Hoka,0.09319,6.09936,0.86132,0.78033,172.21884,47.12602,0.935,0.48316,20.78962,4.37998,0.04,0.036144415,0.11,8.535437374,8.715595495,8.785471124,20.57696421,-1.746890715,-0.186343769,-1.933234484,8.458107994,2.666792019,6.378694415
381,Hoka,0.0133,1.30828,0.18253,0.38747,295.98993,60.88819,0.87864,0.28674,20.82661,0.76305,0.04,0.03763148,0.11,5.678647496,5.815774046,6.203764651,19.69248064,-9.699765129,-0.610501778,-10.31026691,5.26623682,1.573496291,1.50921148
382,Hoka,0.02257,5.18302,0.04667,0.46627,694.28456,65.97073,0.78811,0.33836,28.20785,26.69437,0.04,0.037356167,0.11,40.54328917,40.4912784,40.40519408,28.46133626,2.152107967,0.152312587,2.304420554,40.63546599,1.769341845,5.392946167
383,Hoka,0.01291,3.3508,0.6636,0.16884,523.13853,61.68413,0.51134,0.84304,26.20161,-0.44217,0.04,0.036148649,0.11,1.895405407,1.984808751,2.235142608,25.43984642,-6.258346435,-0.66677706,-6.925123495,1.618400467,2.663551257,3.549858649
384,Hoka,0.00823,1.28583,0.70874,0.73609,212.85485,145.54201,0.2039,0.68785,-3.46988,-11.32278,0.04,0.038366058,0.11,-8.846342303,-8.81566601,-8.672661337,-3.87989121,-3.575116807,-0.152257829,-3.727374635,-8.995437288,1.064705273,1.482426058
385,Hoka,0.05077,3.26675,0.84925,0.35533,897.02045,133.08687,0.79139,0.28033,10.51909,1.98721,0.04,0.037751231,0.11,10.92660394,10.92063342,10.9161939,10.53202594,0.110988087,0.006611349,0.117599436,10.93130792,1.489202411,3.505271231
386,Hoka,0.04933,5.03553,0.991,0.83332,624.19807,117.35851,0.65318,0.32163,25.25734,-5.15724,0.04,0.037640378,0.11,12.49917936,12.61945839,12.71123516,24.98913215,-2.294419264,-0.143833908,-2.438253172,12.40164923,1.567214747,5.272500378
387,Hoka,0.04273,2.1349,0.23184,0.77125,60.02537,133.25069,0.04569,0.17569,13.9595,30.11466,0.04,0.039659495,0.11,30.50001228,30.19632162,29.91445365,14.74129202,7.04669929,0.060500874,7.107200164,30.78430029,0.2146426,2.367289495
388,Hoka,0.03583,1.83679,0.9681,0.6368,747.50048,138.11908,0.77362,0.60018,6.5995,7.09849,0.04,0.035826313,0.11,21.68199784,21.41426424,21.14655819,7.421456349,6.692651205,0.779679242,7.472330447,21.98089106,2.912445375,2.058446313
389,Hoka,0.01551,2.6043,0.36804,0.51919,848.01278,72.67205,0.91573,0.74037,1.67678,-4.58451,0.04,0.034537185,0.11,13.22806225,13.16325115,13.0189318,2.136433206,3.607983567,0.570681947,4.178665513,13.39520887,3.954299792,2.804347185
390,Hoka,0.03029,1.10368,0.62637,0.55426,518.03769,28.07849,0.6103,0.108,9.77166,-6.34279,0.04,0.039098578,0.11,5.509224979,5.609850276,5.739738225,9.406233038,-3.247198744,-0.074864547,-3.322063291,5.376342447,0.576377925,1.323068578
391,Hoka,0.09829,3.73866,0.89675,0.71761,545.81282,51.77486,0.39592,0.75996,39.98632,31.28745,0.04,0.037026599,0.11,46.23564592,46.08146674,46.02338626,40.15886766,1.452012071,0.116603047,1.568615117,46.29839052,2.007611523,4.023976599
392,Hoka,0.01577,4.44334,0.03134,0.67493,585.80204,41.45213,0.04376,0.28335,22.85849,-6.21184,0.04,0.039643575,0.11,11.02461827,11.06511081,11.16690341,22.57604359,-2.544814865,-0.022879749,-2.567694614,10.92191048,0.224768302,4.648753575
393,Hoka,0.03549,5.22947,0.8935,0.57793,752.89632,5.808,0.69986,0.14062,16.39653,27.29748,0.04,0.038825012,0.11,45.77312197,45.58054409,45.36986957,16.99341833,5.266862898,0.159394684,5.426257582,45.99017227,0.756592143,5.453785012
394,Hoka,0.02957,0.22195,0.77778,0.78173,643.25145,11.00523,0.76904,0.61258,33.81256,16.31994,0.04,0.035776041,0.11,37.44505749,37.17469751,36.84759539,34.81829548,8.177553061,0.965496763,9.143049824,37.81077949,2.951667681,0.437296041
395,Hoka,0.00455,5.71485,0.20317,0.12943,134.91109,98.10887,0.31194,0.87403,26.65311,8.64188,0.04,0.037448958,0.11,8.657130969,8.671087644,8.785958619,26.31569588,-2.871774364,-0.19562675,-3.067401114,8.534434924,1.703012886,5.906848958
396,Hoka,0.06068,4.84064,0.12881,0.48128,793.46553,92.2055,0.39829,0.91134,11.72235,5.55911,0.04,0.036781697,0.11,21.56814202,21.44979206,21.37805322,11.93689344,1.793470884,0.156924059,1.950394943,21.64615782,2.187435268,5.088101697
397,Hoka,0.04243,5.24955,0.77377,0.96118,501.32757,103.19322,0.22507,0.66427,-7.6608,17.00606,0.04,0.038236743,0.11,34.17749063,33.85118035,33.55711854,-6.814838858,7.35154527,0.339010567,7.690555837,34.48511286,1.15285479,5.480216743
398,Hoka,0.05765,3.84949,0.41174,0.17686,369.96182,100.10983,0.13904,0.2958,16.91266,-10.64542,0.04,0.03906869,0.11,-9.333886157,-8.960849782,-8.708047655,16.20088201,-6.320053187,-0.150655832,-6.470709019,-9.592714518,0.595943687,4.09620869
399,Hoka,0.029,5.98696,0.81058,0.57149,223.31396,42.14461,0.2693,0.26624,11.60024,34.1151,0.04,0.038637141,0.11,38.00723721,37.88301127,37.71750315,12.07144187,4.137702981,0.145950372,4.283653353,38.17858335,0.881832099,6.204597141
400,Hoka,0.03735,1.78702,0.04789,0.65335,563.88114,64.42394,0.35168,0.58377,9.11651,-6.58996,0.04,0.037588233,0.11,9.290275289,9.286984076,9.283671871,9.126202995,0.082805129,0.00531301,0.088118139,9.293800014,1.604070324,2.011958233
401,Hoka,0.09581,2.59225,0.07005,0.55304,679.2308,146.16119,0.12364,0.68829,8.02096,-11.00184,0.04,0.038959092,0.11,4.928852666,5.033277343,5.07573941,7.90106944,-1.061551663,-0.028362516,-1.089914179,4.885256099,0.667949498,2.877019092
402,Hoka,0.03019,3.7549,0.37675,0.25073,961.21743,94.23388,0.17325,0.59112,23.24781,-7.51233,0.04,0.038635994,0.11,1.642296973,1.808111887,2.020315401,22.64364834,-5.305087856,-0.187290886,-5.492378742,1.422601823,0.882600301,3.973725994
403,Hoka,0.05269,2.65232,0.9729,0.60179,649.60177,92.32898,0.65766,0.85464,24.613,36.31761,0.04,0.035243018,0.11,49.06561905,48.61358603,48.31123248,25.55670152,7.558838564,1.020266132,8.579104696,49.40878324,3.374414347,2.890253018
404,Hoka,0.07252,5.26626,0.17453,0.2766,871.43799,125.14555,0.11687,0.28125,27.46553,13.63241,0.04,0.039195099,0.11,23.19389646,23.2503433,23.2808513,27.37991013,-0.762699789,-0.015662623,-0.778362413,23.16276196,0.51339412,5.527975099
405,Hoka,0.04343,4.44936,0.39527,0.11578,796.25972,113.75552,0.60249,0.18647,-4.38417,-1.43473,0.04,0.038539732,0.11,0.575862738,0.52945056,0.488264447,-4.266616705,1.029652829,0.039013486,1.068666314,0.618609391,0.94724854,4.681329732
406,Hoka,0.0681,6.96966,0.28237,0.9773,154.0859,105.38628,0.59463,0.97454,-3.85988,-11.9145,0.04,0.035285322,0.11,-6.645499712,-6.619090202,-6.605406384,-3.902538532,-0.342095466,-0.045709369,-0.387804836,-6.661011905,3.340395724,7.223045322
407,Hoka,0.07985,6.52504,0.45945,0.55154,834.44061,27.09081,0.04779,0.78749,-5.19775,-8.81748,0.04,0.039573924,0.11,10.55793215,10.37167144,10.27936002,-4.941160424,2.307785549,0.024846963,2.332632512,10.65123745,0.26916456,6.794463924
408,Hoka,0.07843,0.29524,0.73323,0.43607,737.98546,126.79451,0.92275,0.56607,20.97109,-13.74739,0.04,0.035608423,0.11,-2.026181333,1.447246234,3.024235645,16.09952259,-39.42473527,-4.862241224,-44.2869765,-3.797660392,3.083242785,0.559278423
409,Hoka,0.00783,6.22554,0.19996,0.78971,968.22993,72.53076,0.75474,0.57683,18.27317,38.8676,0.04,0.036008429,0.11,71.1498614,71.08496096,70.78649825,19.18492592,7.461567758,0.827122432,8.28869019,71.48140901,2.771275619,6.419378429
410,Hoka,0.02609,1.09982,0.86337,0.93332,251.39036,141.05076,0.79636,0.28626,11.45783,-3.55739,0.04,0.03770499,0.11,1.656888211,1.85766048,2.147814426,10.61133902,-7.253848656,-0.441523857,-7.695372513,1.34907331,1.521688272,1.31361499
411,Hoka,0.04484,4.41469,0.41516,0.32936,383.54629,8.61784,0.18282,0.32197,4.47712,20.10324,0.04,0.03883036,0.11,25.25967708,25.05745985,24.8823446,4.973192594,4.377881226,0.13186963,4.509750856,25.44006711,0.753044813,4.64836036
412,Hoka,0.04188,0.1756,0.68602,0.49172,564.61607,124.32991,0.1966,0.70313,14.56705,23.4592,0.04,0.038408926,0.11,30.12137546,28.34101234,26.70820824,19.24326641,40.82010236,1.690955901,42.51105827,31.82181779,1.035614687,0.405888926
413,Hoka,0.0324,5.94021,0.58405,0.11423,460.50175,98.68856,0.8699,0.08102,28.10504,-12.52249,0.04,0.039282428,0.11,-12.4762884,-12.26151249,-12.00111374,27.37586251,-6.509968595,-0.118917633,-6.628886228,-12.74144385,0.456675139,6.161892428
414,Hoka,0.01916,4.13831,0.84985,0.67262,250.24535,5.77347,0.83854,0.14306,9.73227,6.26312,0.04,0.038768315,0.11,13.33459092,13.3185629,13.28613184,9.824288897,0.810776721,0.025758709,0.836535431,13.36805234,0.794260265,4.346238315
415,Hoka,0.02663,6.62015,0.29732,0.41753,444.76279,16.70586,0.45412,0.47046,-7.16088,-2.96643,0.04,0.037433009,0.11,4.821063659,4.774100286,4.708085251,-6.966889349,1.650375878,0.113175491,1.76355137,4.891605714,1.714389624,6.834213009
416,Hoka,0.01689,2.18562,0.25352,0.47914,128.20956,78.07453,0.31356,0.99507,2.13873,-5.9857,0.04,0.037332872,0.11,-4.069718359,-4.025093804,-3.926457758,1.848102347,-2.465901153,-0.176168422,-2.642069575,-4.175401142,1.786045054,2.389842872
417,Hoka,0.02757,6.68752,0.5331,0.71182,815.18062,119.90633,0.51832,0.7793,33.41159,27.14486,0.04,0.036260185,0.11,49.50062158,49.43597328,49.35094756,33.66952662,2.12564309,0.219235271,2.344878361,49.59441671,2.578458164,6.901350185
418,Hoka,0.0662,3.39253,0.53009,0.66012,821.10547,32.35833,0.35535,0.83292,21.38365,14.78528,0.04,0.037185314,0.11,37.42796814,37.13341495,36.96796098,21.87308884,4.136349228,0.31309474,4.449443968,37.6059459,1.892337438,3.645915314
419,Hoka,0.01406,0.55605,0.20145,0.71088,115.5406,11.03949,0.51681,0.30805,1.39826,34.78894,0.04,0.037929909,0.11,36.31807194,35.63430416,33.78969182,6.74779457,46.11530845,2.516824006,48.63213245,38.26335724,1.364418937,0.758039909
420,Hoka,0.0982,0.34747,0.29364,0.77642,653.3601,67.08606,0.02729,0.64334,1.29562,11.72719,0.04,0.039756111,0.11,30.93528144,26.0469927,24.06797691,6.771299849,49.47539467,0.303513047,49.77890772,32.92643775,0.153365652,0.635426111
421,Hoka,0.09484,2.67118,0.08365,0.94752,597.12691,37.66867,0.13604,0.41442,33.48878,31.66193,0.04,0.038984897,0.11,55.81807747,55.09159136,54.79296224,34.33139358,7.465728036,0.194395451,7.660123488,56.12448241,0.650959459,2.955004897
422,Hoka,0.09982,6.50525,0.646,0.51215,996.71622,37.93609,0.24115,0.2537,-0.4244,6.29368,0.04,0.038752463,0.11,27.25848689,26.84933995,26.69049952,0.026473202,3.971010729,0.127836559,4.098847288,27.42244078,0.804811215,6.793822463
423,Hoka,0.07369,3.80445,0.20947,0.85053,198.89079,101.10954,0.18826,0.06597,5.63608,8.17547,0.04,0.039536623,0.11,14.52127936,14.35871657,14.27149736,5.878743953,2.180480252,0.025555681,2.206035933,14.60952079,0.293005192,4.067676623
424,Hoka,0.0467,3.89189,0.89135,0.93575,718.96642,144.36211,0.50981,0.79818,14.91158,22.49198,0.04,0.036263021,0.11,45.84540063,45.49175035,45.21713733,15.74458923,6.865325334,0.707485846,7.57281118,46.14831308,2.576301239,4.124853021
425,Hoka,0.02036,4.2951,0.76016,0.83282,931.141,38.60525,0.39884,0.49725,8.12011,-6.08451,0.04,0.037563665,0.11,26.19379446,26.11134359,25.95922388,8.565571517,3.802992516,0.246657636,4.049650152,26.35578047,1.62147069,4.503023665
426,Hoka,0.05653,2.40048,0.67406,0.29191,603.57691,131.8447,0.6173,0.58278,-1.0739,10.67733,0.04,0.036440109,0.11,14.23853998,13.9060534,13.69172742,-0.426924515,5.358149403,0.523445919,5.881595322,14.4738038,2.442288743,2.643450109
427,Hoka,0.05295,3.06989,0.49957,0.73458,6.65707,138.56161,0.18639,0.294,3.35517,21.88418,0.04,0.038858262,0.11,18.89715943,18.64562391,18.46103026,3.877717833,4.614841054,0.135593792,4.750434846,19.08717682,0.734552883,3.311698262
428,Hoka,0.0934,3.41433,0.04851,0.26836,444.3942,25.27185,0.46962,0.11954,23.01777,8.60325,0.04,0.039061214,0.11,13.83550331,14.07003234,14.16811574,22.74155808,-2.452084781,-0.058932707,-2.511017488,13.73506261,0.600842878,3.696791214
429,Hoka,0.0199,4.57676,0.09516,0.82534,340.0517,56.76328,0.89126,0.22226,0.55014,24.50087,0.04,0.038117762,0.11,36.16827923,36.01889374,35.73275099,1.375888963,7.153568711,0.353240042,7.506808752,36.46855158,1.234488882,4.784777762
430,Hoka,0.07925,0.57727,0.91323,0.23968,782.59521,17.44478,0.88512,0.68317,13.86167,-3.74392,0.04,0.034989545,0.11,4.200876184,5.156096137,5.577833819,12.53581265,-10.54344206,-1.509806566,-12.05324862,3.718746239,3.579966007,0.841509545
431,Hoka,0.00138,3.6865,0.34095,0.26724,954.49389,17.99058,0.35391,0.34078,-7.8735,-5.58475,0.04,0.038170128,0.11,5.103630581,5.098962122,4.969834836,-7.501376509,3.228182147,0.154758677,3.382940824,5.238948214,1.198497092,3.876050128
432,Hoka,0.08502,4.86921,0.82494,0.50013,262.49847,83.95352,0.95152,0.95698,3.85366,-10.77592,0.04,0.033106409,0.11,-7.986194955,-7.788714469,-7.711816447,3.598157137,-1.922450545,-0.400302752,-2.322753298,-8.079105086,5.205631342,5.137336409
433,Hoka,0.09386,2.96957,0.11084,0.23227,1.39922,54.63368,0.78878,0.04659,19.204,-7.71031,0.04,0.039584341,0.11,-7.625456736,-6.841702746,-6.511163804,18.28547306,-8.263473547,-0.086771391,-8.350244938,-7.959466533,0.262514881,3.253014341
434,Hoka,0.09129,2.38371,0.95195,0.77839,195.07987,138.06973,0.93482,0.77263,-5.93778,-14.66482,0.04,0.034267181,0.11,-13.65938939,-13.39026613,-13.28924636,-6.262060409,-2.525494413,-0.422509307,-2.94800372,-13.77730954,4.182441515,2.659267181
435,Hoka,0.00614,1.56056,0.06431,0.34604,398.13489,128.70378,0.83694,0.40373,24.21201,-4.82039,0.04,0.036852405,0.11,1.343593741,1.425535837,1.917353961,22.74399199,-12.29545311,-1.050165153,-13.34561826,0.809769011,2.135271356,1.753552405
436,Hoka,0.08794,3.91276,0.88796,0.88838,896.55376,105.02313,0.06706,0.19282,8.56285,37.5321,0.04,0.039527703,0.11,67.53865021,66.28900025,65.72730145,10.12597822,14.04247005,0.167786456,14.2102565,68.10706047,0.298712505,4.190227703
437,Hoka,0.08154,3.8236,0.95754,0.30161,539.12765,59.16614,0.89834,0.22747,6.04633,6.46562,0.04,0.038073306,0.11,11.02312908,10.92300897,10.87626008,6.181395159,1.16872208,0.059143002,1.227865081,11.07224369,1.265121164,4.093213306
438,Hoka,0.09724,1.17558,0.79346,0.12918,710.70473,4.18727,0.81835,0.91121,29.80259,19.09928,0.04,0.034101997,0.11,23.13474954,23.59234764,23.75282696,29.2849451,-4.011982943,-0.693879815,-4.705862758,22.94651503,4.323795893,1.456921997
439,Hoka,0.08612,0.21238,0.07722,0.48814,111.07899,121.43135,0.59609,0.33989,16.532,6.3515,0.04,0.037627864,0.11,8.978536485,10.43664823,11.07373172,14.66957209,-15.92708727,-1.004075575,-16.93116285,8.301289971,1.576050218,0.486127864
440,Hoka,0.00214,0.04634,0.76847,0.59021,254.32033,103.61707,0.87741,0.11175,20.62107,-4.6264,0.04,0.039020251,0.11,2.173896536,2.373779579,6.018399414,10.34670794,-91.11549587,-2.28779558,-93.40329145,-1.562235122,0.627718578,0.237500251
441,Hoka,0.03436,5.63939,0.76773,0.25333,884.26583,105.10533,0.43066,0.79157,6.32812,1.49551,0.04,0.036755743,0.11,7.717205058,7.709004918,7.700233025,6.354371904,0.219297326,0.019356344,0.23865367,7.726751205,2.206632479,5.860505743
442,Hoka,0.08838,5.08532,0.33912,0.59268,211.37149,39.84186,0.81403,0.93629,-7.97506,38.55596,0.04,0.034013367,0.11,43.03161163,42.18388455,41.85763368,-6.919957272,8.15627189,1.435571091,9.591842981,43.41528535,4.400206094,5.357713367
443,Hoka,0.02033,2.60337,0.52146,0.29385,441.7039,30.04656,0.71277,0.776,23.56908,-1.25082,0.04,0.035245523,0.11,3.993987072,4.137710246,4.386878888,22.79143371,-6.229216051,-0.840295705,-7.069511756,3.711206602,3.372397498,2.808945523
444,Hoka,0.05138,5.12434,0.13768,0.51248,907.71208,86.28245,0.62523,0.94451,37.94259,-1.6433,0.04,0.03516115,0.11,18.21392082,18.40442667,18.53479657,37.53473394,-3.259247281,-0.448535063,-3.707782344,18.06560952,3.440480459,5.36088115
445,Hoka,0.0271,0.2264,0.36649,0.75794,29.94518,19.84065,0.79303,0.58865,18.96113,-1.80056,0.04,0.035828216,0.11,0.699352902,1.938669684,3.577138654,13.93069288,-40.96172425,-4.769522322,-45.73124657,-1.12989696,2.910962862,0.439328216
446,Hoka,0.03166,5.07159,0.54447,0.38275,819.23601,41.59993,0.35019,0.80371,24.67388,-2.95017,0.04,0.037257287,0.11,9.811433656,9.901052625,10.00651566,24.36250645,-2.636575881,-0.194092763,-2.830668644,9.69820691,1.840386659,5.290507287
447,Hoka,0.05123,2.71805,0.23691,0.24221,811.91254,96.66365,0.23601,0.28281,-4.5498,28.82852,0.04,0.038696261,0.11,35.82946322,35.12053707,34.58505413,-3.0276084,13.38707364,0.451031818,13.83810545,36.38298743,0.84228979,2.957976261
448,Hoka,0.07715,1.10852,0.6312,0.67553,235.25217,43.60091,0.66311,0.31633,24.30429,29.88082,0.04,0.037658036,0.11,35.26499764,34.63078117,34.3212109,25.20855197,7.739256795,0.481306594,8.22056339,35.59382017,1.554757152,1.373328036
449,Hoka,0.09603,1.90177,0.48707,0.32894,354.06777,118.32898,0.0255,0.40999,25.96779,37.48283,0.04,0.039776734,0.11,39.7834418,39.16566781,38.9097787,26.67543489,6.397227765,0.035907586,6.43313535,40.04076722,0.14032479,2.187576734
450,Hoka,0.07362,6.31102,0.06116,0.1544,829.86431,81.42318,0.97135,0.33287,20.9036,-10.89619,0.04,0.037201664,0.11,-5.380827843,-5.084577616,-4.934876427,20.460955,-3.742529714,-0.281515754,-4.024045467,-5.541789662,1.880517826,6.571841664
451,Hoka,0.0823,6.97391,0.45776,0.30679,368.43468,145.24519,0.95864,0.89358,13.33109,-12.09384,0.04,0.033435287,0.11,-9.940865108,-9.674840626,-9.566765232,12.97552872,-2.70188486,-0.530490372,-3.232375232,-10.07016012,4.908521273,7.239645287
452,Hoka,0.06117,3.54369,0.04799,0.401,433.44287,58.62748,0.29713,0.81806,32.65592,7.48826,0.04,0.037608101,0.11,15.10994863,15.39597027,15.57182004,32.14157669,-4.396244342,-0.279603899,-4.675848241,14.9229147,1.590015689,3.792468101
453,Hoka,0.00035,1.50005,0.20729,0.56222,373.13333,109.83316,0.10393,0.85757,-7.38086,39.68235,0.04,0.039088691,0.11,46.50669763,46.49526339,45.21826518,-3.787242553,31.92495534,0.74429417,32.66924951,47.81346761,0.58284668,1.689488691
454,Hoka,0.04171,6.34089,0.36072,0.57453,814.74842,55.26825,0.16226,0.24841,9.82146,-11.93007,0.04,0.039030685,0.11,7.568987141,7.58337109,7.596831061,9.783525826,-0.336499269,-0.008356857,-0.344856127,7.555192896,0.620867422,6.571630685
455,Hoka,0.00145,0.6509,0.47326,0.16593,118.82224,125.30438,0.30274,0.14385,14.28186,-7.7478,0.04,0.039037462,0.11,-8.339779619,-8.298848884,-7.196895797,11.17676979,-27.54882718,-0.679265603,-28.22809278,-9.46890333,0.61641971,0.841387462
456,Hoka,0.02955,2.30761,0.8481,0.20095,673.87481,67.14404,0.04657,0.47339,-6.12561,-14.35935,0.04,0.039599898,0.11,-10.87126384,-10.81487156,-10.73930037,-6.335530517,-1.889279783,-0.019088551,-1.908368334,-10.94759858,0.252590314,2.526759898
457,Hoka,0.0968,4.55965,0.13404,0.91008,879.4198,62.72546,0.99424,0.57907,0.93616,34.15416,0.04,0.035345088,0.11,68.0272182,66.674721,66.18087666,2.473088642,12.34610852,1.625970044,13.97207856,68.58610134,3.292474795,4.841795088
458,Hoka,0.05333,5.84893,0.67995,0.95079,846.07567,76.1107,0.8232,0.30955,28.18777,26.77043,0.04,0.037515207,0.11,59.29038592,59.01621003,58.82333987,28.75329312,4.821753784,0.31936549,5.141119274,59.49603069,1.655857515,6.089775207
459,Hoka,0.06657,3.74573,0.6948,0.94871,109.16399,30.31732,0.10354,0.4287,-1.04109,-2.8693,0.04,0.039186394,0.11,0.700096897,0.670837472,0.653613929,-0.992741845,0.430588598,0.008940085,0.439528683,0.717678044,0.519061847,4.001486394
460,Hoka,0.09924,5.65776,0.52434,0.69976,160.39433,94.27665,0.73078,0.99942,20.04171,-13.22343,0.04,0.034285041,0.11,-10.28722368,-9.777191823,-9.60098804,19.47637844,-4.405094566,-0.734283293,-5.139377859,-10.4927988,4.167239105,5.941285041
461,Hoka,0.07747,5.29227,0.15182,0.51551,88.15004,45.35086,0.78888,0.86465,26.74734,12.83074,0.04,0.034475878,0.11,14.59528463,14.76601058,14.84198744,26.50492546,-1.899421346,-0.304347174,-2.20376852,14.50713389,4.005788063,5.554215878
462,Hoka,0.01996,1.43044,0.28721,0.81349,763.33844,118.10349,0.70838,0.6827,0.73884,22.38591,0.04,0.035663011,0.11,46.75644447,46.1809588,45.15272475,3.910354192,25.70585127,3.126095933,28.8319472,47.90972236,3.040257158,1.636063011
463,Hoka,0.00904,1.98121,0.74146,0.49785,416.94536,98.95329,0.90648,0.41968,16.59512,29.59771,0.04,0.036636936,0.11,35.08662909,35.00840163,34.69136462,17.54700284,7.92592521,0.727555131,8.653480341,35.43276831,2.29485868,2.176886936
464,Hoka,0.09884,4.82843,0.35696,0.20383,487.17574,59.62102,0.73866,0.73114,-2.2294,31.22142,0.04,0.035318419,0.11,34.32528518,33.61301271,33.35849696,-1.436705021,6.362893898,0.843424093,7.206317991,34.6135379,3.313838432,5.112588419
465,Hoka,0.02734,4.767,0.55632,0.83258,600.36353,54.30039,0.03621,0.26881,23.11725,12.15725,0.04,0.039701364,0.11,32.5005632,32.44867452,32.37332517,23.32601938,1.883733911,0.014169547,1.897903458,32.57647934,0.188051338,4.984041364
466,Hoka,0.03296,2.03419,0.62901,0.26329,42.29163,67.65974,0.25967,0.29337,18.33564,-2.54678,0.04,0.038593105,0.11,-3.518502539,-3.193414068,-2.812765599,17.25069668,-9.516211719,-0.346909366,-9.863121085,-3.913027382,0.911364144,2.255743105
467,Hoka,0.07277,2.61129,0.14424,0.87396,898.21037,122.81936,0.88298,0.34127,33.65313,1.90497,0.04,0.037226399,0.11,35.24270706,35.20185159,35.18095147,33.71488761,0.522503036,0.038929767,0.561432802,35.26516437,1.862657435,2.871286399
468,Hoka,0.06459,3.46743,0.69324,0.44277,207.16994,92.31433,0.77504,0.77748,37.74806,31.34095,0.04,0.03494209,0.11,32.60269144,32.69307566,32.74197199,37.59413115,-1.222408117,-0.176945054,-1.399353171,32.54671731,3.618780239,3.71696209
469,Hoka,0.0777,1.14084,0.34842,0.29542,195.50155,140.89891,0.06347,0.38385,17.90359,-7.78754,0.04,0.039481047,0.11,-6.691734331,-5.29478455,-4.584964223,15.92592622,-17.74550817,-0.233253478,-17.97876165,-7.410884797,0.328609183,1.408021047
470,Hoka,0.00843,2.51564,0.28963,0.92357,50.30002,147.62486,0.83026,0.06191,-1.93812,20.78367,0.04,0.039449639,0.11,20.60718344,20.53609479,20.20342317,-1.010510065,8.316790315,0.116027274,8.432817589,20.94449614,0.348774195,2.713519639
471,Hoka,0.0906,4.78994,0.38439,0.48413,773.93306,75.27773,0.43009,0.37847,10.72082,5.12047,0.04,0.037824388,0.11,20.07856104,19.90995525,19.83956441,10.92552901,1.759771173,0.101219861,1.860991034,20.15300068,1.43796907,5.068364388
472,Hoka,0.07421,1.57414,0.51166,0.69899,371.71654,148.33547,0.43535,0.47002,-2.03767,23.74341,0.04,0.037501128,0.11,31.00435163,29.63895536,28.94896883,-0.0137704,17.24966319,1.149424078,18.39908727,31.74031512,1.665864523,1.835851128
473,Hoka,0.09718,1.8006,0.98223,0.64647,187.46492,148.69975,0.05097,0.04339,0.70987,7.23622,0.04,0.039782124,0.11,6.050714386,5.797230864,5.693463497,0.996793105,2.594184186,0.014207679,2.608391865,6.15505006,0.136918566,2.087562124
474,Hoka,0.04913,2.04079,0.04139,0.99989,403.54535,91.29405,0.04907,0.04644,5.02172,14.51745,0.04,0.039778131,0.11,31.42512744,30.84594251,30.37700512,6.318490658,11.72343469,0.06538947,11.78882416,31.8966804,0.139441792,2.279698131
475,Hoka,0.07129,2.45621,0.41113,0.61197,851.46421,1.04727,0.50439,0.20786,13.37828,36.64195,0.04,0.038484188,0.11,58.60247038,57.39766784,56.74728424,15.23728237,16.25958995,0.640431576,16.90002153,59.27847124,0.984698226,2.715984188
476,Hoka,0.03319,4.98215,0.23297,0.43098,442.03794,136.45913,0.46619,0.5889,6.19837,16.48937,0.04,0.037028059,0.11,23.25799541,23.14831533,23.02595195,6.561877362,3.05908453,0.245527853,3.304612383,23.39017991,2.006546814,5.202368059
477,Hoka,0.07677,6.32624,0.19938,0.55967,609.7808,80.97956,0.5332,0.98649,27.56964,7.99799,0.04,0.035689065,0.11,22.16708991,22.23042367,22.25986646,27.47889213,-0.736069719,-0.088910944,-0.824980662,22.13409068,3.019786757,6.588699065
478,Hoka,0.09622,3.13111,0.84026,0.22355,808.49697,146.84438,0.44168,0.87697,19.36811,-4.29303,0.04,0.03653274,0.11,-1.551444062,-0.954834286,-0.728313918,18.68605767,-5.663009205,-0.537466532,-6.200475738,-1.799463091,2.372707304,3.41386274
479,Hoka,0.05593,5.64201,0.64381,0.69059,839.51653,37.7349,0.40694,0.34352,6.02158,39.43117,0.04,0.038014228,0.11,63.19076491,62.64381015,62.27205861,7.097300078,9.293788297,0.485485142,9.779273439,63.58193585,1.305939857,5.885954228
480,Hoka,0.03908,0.87494,0.97096,0.65442,840.34208,118.86139,0.80244,0.2241,1.20393,36.65165,0.04,0.038151028,0.11,53.57201371,51.64525742,49.7643021,6.627246071,47.02388301,2.278990361,49.30287337,55.54412864,1.211613235,1.102171028
481,Hoka,0.04458,4.27277,0.23411,0.69019,515.09261,75.47027,0.24177,0.75324,8.51409,34.86908,0.04,0.038054586,0.11,49.19352807,48.78740824,48.44073435,9.516180203,8.666847252,0.443063682,9.109910935,49.5579245,1.278041684,4.505404586
482,Hoka,0.03867,4.11012,0.24956,0.77233,645.78599,92.92381,0.55888,0.1153,9.18649,29.83731,0.04,0.039058069,0.11,50.13316897,49.76475016,49.39263412,10.23448765,9.30290107,0.224350316,9.527251386,50.51425903,0.602904175,4.337848069
483,Hoka,0.02901,3.97154,0.45234,0.73913,941.79436,33.56984,0.95042,0.39759,34.73033,-8.1225,0.04,0.036734843,0.11,21.60941828,21.70119824,21.81741756,34.38231911,-2.905483057,-0.258252307,-3.163735364,21.48286886,2.222111625,4.187284843
484,Hoka,0.07157,5.38545,0.69979,0.96322,375.83389,50.56301,0.41049,0.27038,30.17193,8.72821,0.04,0.038297944,0.11,22.98071106,23.07253021,23.12166372,30.03080793,-1.228337556,-0.054590372,-1.282927928,22.92939395,1.111062104,5.645317944
485,Hoka,0.01821,0.26801,0.71028,0.17451,950.80258,92.07739,0.25807,0.85513,12.84658,23.58868,0.04,0.037863607,0.11,26.68417276,26.1036796,24.89667441,16.35312846,30.17512983,1.702583467,31.8777133,27.95928129,1.410585038,0.474083607
486,Hoka,0.07214,3.44494,0.23129,0.79474,123.45663,21.22878,0.39168,0.77184,5.19942,-10.60766,0.04,0.037033449,0.11,-6.428292636,-6.199363264,-6.081841166,4.850345549,-2.93805246,-0.235351639,-3.173404099,-6.5552288,2.002616035,3.704113449
487,Hoka,0.01497,1.8659,0.67353,0.73505,865.66889,136.71635,0.50839,0.39718,30.63894,27.11253,0.04,0.037541625,0.11,50.38519543,50.23946493,49.87400334,31.70977201,9.136539536,0.598296915,9.734836452,50.77458889,1.637099344,2.068411625
488,Hoka,0.09188,2.52964,0.60178,0.14474,471.24034,133.00842,0.66179,0.7728,15.84031,0.665,0.04,0.035510723,0.11,0.374036734,0.887598501,1.086085112,15.22546679,-4.962165273,-0.627318478,-5.589483751,0.150457384,3.160507781,2.807030723
489,Hoka,0.05469,4.28891,0.18434,0.89815,450.07007,64.13659,0.13216,0.37785,5.16515,25.53501,0.04,0.039033209,0.11,42.26588037,41.81424347,41.49190232,6.073543842,8.058528817,0.199597019,8.258125836,42.59620541,0.619210477,4.532633209
490,Hoka,0.02314,2.73602,0.75625,0.29338,257.154,121.08893,0.34819,0.25985,4.87778,-6.68929,0.04,0.038465546,0.11,-7.224095043,-7.127783677,-6.967685608,4.419947231,-4.002451736,-0.159664345,-4.162116081,-7.390579687,0.997290883,2.947625546
491,Hoka,0.00148,1.75249,0.432,0.48255,302.14492,25.90709,0.95057,0.54228,-4.49206,34.21904,0.04,0.035703073,0.11,39.15257647,39.11857375,38.29830228,-1.964830404,20.50678682,2.468027694,22.97481451,40.07156906,3.008793766,1.939673073
492,Hoka,0.01209,1.49637,0.54656,0.50638,309.33801,70.96388,0.35283,0.78995,31.67699,37.65128,0.04,0.03725754,0.11,42.513678,42.43454883,42.19069785,32.39694111,6.096274369,0.448735717,6.545010086,42.7754784,1.840204731,1.69571754
493,Hoka,0.08418,3.40144,0.99055,0.5145,555.26281,135.1994,0.02332,0.15451,14.08208,38.47962,0.04,0.039812115,0.11,44.74059213,44.03068105,43.69493548,15.00973763,8.393639209,0.039611958,8.433251167,45.07792218,0.117982073,3.675432115
494,Hoka,0.05956,0.3233,0.53901,0.67589,940.18449,5.98847,0.22121,0.86686,6.53421,16.97733,0.04,0.038138087,0.11,41.8085319,37.85194775,35.31842608,13.84153465,63.33804174,3.092182313,66.43022405,44.46574086,1.220507545,0.570998087
495,Hoka,0.02776,1.25981,0.16524,0.67061,164.73425,94.58995,0.94826,0.47238,29.58361,-8.39151,0.04,0.036196273,0.11,-3.349151446,-2.7115207,-1.880113767,27.0569752,-20.78517333,-2.184233935,-22.96940727,-4.267927737,2.627153861,1.473766273
496,Hoka,0.05739,3.9944,0.63287,0.45596,539.88611,82.18225,0.61885,0.86415,0.41598,19.41035,0.04,0.035439071,0.11,27.59290734,27.22130888,26.991842,1.12822657,5.736672012,0.738296802,6.474968814,27.85190609,3.217443845,4.237229071
497,Hoka,0.05404,3.27544,0.81356,0.21644,108.88217,23.24931,0.85772,0.38538,3.52422,11.24542,0.04,0.036946121,0.11,11.35753921,11.23577261,11.15252311,3.772079463,2.081237637,0.172030212,2.25326785,11.44766992,2.066441252,3.516426121
498,Hoka,0.00467,4.57425,0.40645,0.65131,180.70892,28.8441,0.73027,0.71668,-9.7203,24.24486,0.04,0.035419784,0.11,28.52857312,28.49076419,28.20400099,-8.829725605,7.1690801,0.927050762,8.096130862,28.85241836,3.232809332,4.764339784
499,Hoka,0.00705,2.02922,0.41087,0.39828,396.8464,103.02504,0.43766,0.75589,32.47702,-5.76284,0.04,0.036781474,0.11,-0.133744779,-0.028430775,0.521016645,30.83382277,-13.7361855,-1.201971095,-14.9381566,-0.731271043,2.187599852,2.223051474
500,Hoka,0.0243,0.80201,0.82816,0.63804,133.20225,46.33323,0.02776,0.68862,-6.60883,18.45058,0.04,0.039751309,0.11,19.41108468,18.76329348,17.70360013,-3.676441853,26.4923338,0.165740265,26.65807407,20.47740764,0.156403987,1.016061309
501,Hoka,0.03219,4.43218,0.80411,0.61698,55.47807,24.41703,0.83351,0.4254,38.33245,13.28642,0.04,0.036715048,0.11,14.13092222,14.29987317,14.49257407,37.75510909,-4.817522574,-0.431031188,-5.248553763,13.92098007,2.236788628,4.651085048
502,Hoka,0.09049,4.29964,0.88622,0.42367,306.40152,115.55316,0.31277,0.26084,15.60998,35.28547,0.04,0.038541699,0.11,36.29480673,35.88240194,35.70674958,16.11130089,4.391308887,0.166153759,4.557462646,36.47710524,0.945923888,4.578671699
503,Hoka,0.07445,3.20656,0.70459,0.22482,428.1825,65.57931,0.71216,0.10069,7.5102,30.4293,0.04,0.03913594,0.11,32.31643819,31.77802832,31.49500379,8.305701489,7.075613334,0.15621838,7.231831714,32.60571146,0.55196056,3.47014594
504,Hoka,0.0754,6.16402,0.36592,0.86926,148.69251,114.51014,0.57424,0.9024,17.32789,34.75402,0.04,0.035606955,0.11,38.41975198,38.17068077,38.05305919,17.69125649,2.940539552,0.362792154,3.303331706,38.55188525,3.084401243,6.425026955
505,Hoka,0.05309,0.97597,0.02573,0.24877,825.37711,23.55008,0.48147,0.10583,36.74602,-6.17196,0.04,0.039151241,0.11,3.845993535,5.328463184,6.421710999,33.67441214,-27.33119538,-0.592512459,-27.92370784,2.729045222,0.541974519,1.218211241
506,Hoka,0.07454,1.25502,0.11871,0.39335,174.59159,34.2544,0.02169,0.88605,21.65993,10.46347,0.04,0.039803539,0.11,13.49338086,13.90486495,14.12459293,21.05269562,-5.493199357,-0.027113218,-5.520312575,13.27256835,0.123394475,1.519363539
507,Hoka,0.09124,6.00894,0.42949,0.67323,710.03904,105.93653,0.24264,0.26825,4.51809,33.68866,0.04,0.038710288,0.11,52.1887701,51.49273086,51.19742311,5.357242965,7.382693929,0.245969386,7.628663315,52.49391664,0.832925584,6.288890288
508,Hoka,0.03854,6.0188,0.58328,0.95792,692.50784,53.75825,0.4686,0.85881,34.31625,-6.41223,0.04,0.036387339,0.11,21.15139258,21.23317786,21.31039501,34.08282028,-1.930428711,-0.191659625,-2.122088335,21.06650904,2.482086279,6.243727339
509,Hoka,0.03069,0.20447,0.71119,0.57968,867.03346,22.76898,0.74776,0.93365,2.52657,23.90451,0.04,0.034422666,0.11,40.99858424,37.88804674,34.39919065,13.67544993,87.22140231,14.13205161,101.3534539,45.0527224,4.050626117,0.419582666
510,Hoka,0.08848,1.53034,0.06589,0.76134,635.00259,72.40833,0.99231,0.24116,-0.3207,3.4013,0.04,0.03791725,0.11,23.67038332,22.46888544,21.95399512,1.173024754,12.87225798,0.707057968,13.57931595,24.21355596,1.373220551,1.80673725
511,Hoka,0.09902,0.90897,0.20276,0.44307,614.58727,58.91621,0.47464,0.1208,18.66225,18.58199,0.04,0.039050494,0.11,29.5263776,28.5966211,28.22995326,19.69510412,9.166696145,0.222886724,9.389582869,29.90196091,0.607870929,1.197040494
512,Hoka,0.08564,5.15336,0.38174,0.53248,650.94165,117.15552,0.18876,0.45425,19.57366,-12.34642,0.04,0.038643183,0.11,0.917761037,1.214308364,1.34811888,19.19276082,-3.345262901,-0.117456943,-3.462719844,0.779252243,0.877785593,5.427643183
513,Hoka,0.09017,6.44593,0.46079,0.7536,258.22373,91.19686,0.83416,0.38152,14.80208,23.50064,0.04,0.037005415,0.11,30.04310581,29.83747038,29.7530784,15.05293836,2.109799449,0.170731064,2.280530512,30.13432704,2.023072189,6.723105415
514,Hoka,0.07739,2.34789,0.0733,0.60064,60.56275,137.5875,0.08906,0.11161,24.36932,5.60182,0.04,0.039529891,0.11,7.014526599,7.536152473,7.802592764,23.62789545,-6.661007276,-0.079215938,-6.740223214,6.74491767,0.297312159,2.614809891
515,Hoka,0.00702,2.80503,0.40057,0.47713,399.83441,24.83738,0.1352,0.69841,11.37764,10.07239,0.04,0.038867023,0.11,17.84690255,17.83156466,17.7466447,11.61797733,2.122999166,0.061885619,2.184884785,17.93429795,0.728752278,3.000917023
516,Hoka,0.03862,1.58519,0.48968,0.72225,284.46862,94.57472,0.21976,0.43425,-3.51138,29.8717,0.04,0.038499072,0.11,35.90156851,35.04272956,34.18657982,-1.065178937,21.40374337,0.834448111,22.23819148,36.79109617,0.97465207,1.812309072
517,Hoka,0.0405,1.52271,0.33403,0.61731,974.17558,33.24499,0.59361,0.7267,-8.7031,13.12338,0.04,0.036012124,0.11,37.70103962,36.60149403,35.62379102,-5.716679869,24.44257528,2.706698638,27.14927392,38.78701058,2.768426206,1.749222124
518,Hoka,0.07651,5.30731,0.70608,0.11258,833.9128,64.64636,0.37859,0.12682,11.18739,-12.12703,0.04,0.039064273,0.11,-9.877506448,-9.586216201,-9.437489998,10.76859602,-3.718155085,-0.089062888,-3.807217973,-10.02979517,0.598837904,5.572884273
519,Hoka,0.04962,3.05415,0.07292,0.64555,861.47285,103.96004,0.03224,0.49406,-9.92237,19.30426,0.04,0.03971714,0.11,42.50933541,41.70968227,41.06961908,-8.149660489,16.00157979,0.113961215,16.11554101,43.15395705,0.178046819,3.29348714
520,Hoka,0.02047,5.05861,0.3159,0.9538,193.55982,10.72693,0.95323,0.09627,33.43117,33.02757,0.04,0.039144112,0.11,40.85031725,40.82126916,40.76572144,33.58726625,1.38869302,0.030363832,1.419056853,40.90707953,0.546626067,5.268224112
521,Hoka,0.05964,1.3154,0.3884,0.18124,743.41494,55.04852,0.11797,0.82265,21.79818,34.44299,0.04,0.038976763,0.11,38.92205711,38.2519411,37.81399756,23.03414179,10.94858858,0.28742767,11.23601625,39.37149776,0.656312154,1.564016763
522,Hoka,0.01718,2.73964,0.67123,0.90779,191.79763,31.84135,0.68818,0.86915,28.16768,26.63163,0.04,0.035017178,0.11,33.20305106,33.17323972,33.11247666,28.35855591,1.5190763,0.216159261,1.735235561,33.27246049,3.557412841,2.941837178
523,Hoka,0.09229,3.89354,0.81767,0.2705,15.25974,59.81683,0.25905,0.61878,-5.47982,36.25351,0.04,0.038059789,0.11,33.9251504,33.04542576,32.6826331,-4.431280497,9.06981635,0.462360948,9.532177299,34.30643749,1.274449588,4.173889789
524,Hoka,0.09476,0.4448,0.59849,0.58267,348.64376,56.50298,0.383,0.53592,2.61406,7.28697,0.04,0.037536431,0.11,13.98696305,12.41848409,11.79717655,4.434793274,15.53268856,1.019432121,16.55212068,14.64904788,1.640785041,0.727096431
525,Hoka,0.07534,3.94347,0.11491,0.91393,644.26962,31.22602,0.25446,0.50598,-7.52757,30.5449,0.04,0.038222244,0.11,55.38573103,54.24825769,53.6711833,-5.866804566,14.42685954,0.671008044,15.09786758,55.98964573,1.162775659,4.207032244
526,Hoka,0.09538,4.22778,0.13698,0.49969,50.62414,106.95931,0.53567,0.15699,-4.83567,-4.06034,0.04,0.03877723,0.11,-3.608486738,-3.634660795,-3.645301993,-4.805483942,0.266029937,0.008388777,0.274418714,-3.59750999,0.788330147,4.51193723
527,Hoka,0.00597,5.27595,0.13262,0.29625,499.31577,94.72127,0.37215,0.1063,27.60208,30.03151,0.04,0.039193844,0.11,35.85595359,35.84688075,35.78731635,27.76925125,1.489109995,0.030628648,1.519738643,35.91674313,0.514210645,5.471113844
528,Hoka,0.0678,5.84544,0.6762,0.66841,900.80906,63.76826,0.91299,0.61157,-6.92944,39.18239,0.04,0.035339711,0.11,63.02443939,62.2416036,61.83356244,-5.659352438,10.20102897,1.345221588,11.54625056,63.48628941,3.296779159,6.098579711
529,Hoka,0.08275,4.63644,0.97796,0.15383,788.90014,56.31658,0.95258,0.12557,19.71732,-10.47923,0.04,0.038892481,0.11,-7.374830597,-6.914305232,-6.697858415,19.10514127,-5.411170411,-0.154090798,-5.56526121,-7.597441045,0.71191067,4.908082481
530,Hoka,0.07683,0.70193,0.3322,0.4975,672.6188,99.55624,0.74275,0.99841,22.16844,14.75245,0.04,0.034208749,0.11,27.62698407,27.17260255,26.97028804,22.81899274,5.057862637,0.856253166,5.914115803,27.8635487,4.232287568,0.962968749
531,Hoka,0.08117,2.49685,0.03728,0.9355,99.49387,58.30258,0.29342,0.43685,25.5704,24.23475,0.04,0.038146789,0.11,28.14921616,28.07243344,28.0363485,25.67445445,0.902123412,0.043826105,0.945949518,28.18705414,1.214526318,2.766166789
532,Hoka,0.04688,1.28362,0.06638,0.64106,688.32749,144.7203,0.97352,0.55904,33.63983,18.70598,0.04,0.035534731,0.11,37.37233853,37.25379118,37.16393308,33.91799143,2.24645267,0.282287643,2.528740313,37.47348814,3.141482203,1.516034731
533,Hoka,0.0073,4.77528,0.44588,0.85778,668.92736,81.36402,0.30145,0.94761,21.48906,32.62055,0.04,0.037465051,0.11,55.71304366,55.66236764,55.40228821,22.25267132,6.50198573,0.439935349,6.941921079,55.99072051,1.691542274,4.970045051
534,Hoka,0.04376,5.3524,0.79653,0.86628,930.82109,137.11683,0.66107,0.20097,4.82926,-10.44262,0.04,0.038403327,0.11,19.7598417,19.64200334,19.5385896,5.125471602,2.585343446,0.107489302,2.692832748,19.86755501,1.039410281,5.584563327
535,Hoka,0.02343,1.87585,0.57964,0.82064,315.35094,137.01979,0.88842,0.35332,-0.34165,16.4544,0.04,0.037133306,0.11,23.78146464,23.50527186,23.06754455,0.955029709,10.94318278,0.844814579,11.78799736,24.25298454,1.930001985,2.086413306
536,Hoka,0.00065,2.19536,0.3274,0.18521,457.54782,149.18038,0.60624,0.09673,-5.33409,19.95748,0.04,0.039186164,0.11,21.06806437,21.06074669,20.61958993,-4.095713004,11.02891897,0.229053719,11.25797269,21.51838328,0.519211627,2.385196164
537,Hoka,0.05637,2.76123,0.12528,0.25079,291.05775,8.70361,0.85818,0.26413,32.50429,32.26382,0.04,0.037816038,0.11,35.35167235,35.29754607,35.26123524,32.60991162,0.90777076,0.052425823,0.960196583,35.39008021,1.443806776,3.005416038
538,Hoka,0.06339,6.14951,0.0538,0.17623,54.67489,122.19887,0.06201,0.3602,23.66959,-9.3578,0.04,0.03949656,0.11,-9.019198158,-8.693512347,-8.490586503,23.10443084,-5.073146104,-0.064664444,-5.137810548,-9.22471058,0.318660466,6.40239656
539,Hoka,0.05579,6.55306,0.8928,0.46306,581.88101,59.49157,0.42421,0.138,7.16361,-2.07308,0.04,0.038966496,0.11,7.33165346,7.330266156,7.329297195,7.166345319,0.024224041,0.000642491,0.024866532,7.332648122,0.663071957,6.797816496
540,Hoka,0.02572,0.37664,0.4762,0.62449,498.78313,133.46913,0.46526,0.44369,37.1828,-4.11112,0.04,0.037486395,0.11,8.737635309,10.06820625,12.00748728,31.49217778,-48.48202584,-3.250903464,-51.7329293,6.668318137,1.67634469,0.589846395
541,Hoka,0.06617,6.0928,0.57057,0.53238,868.22362,82.6703,0.84793,0.06108,-2.20566,31.0125,0.04,0.039456015,0.11,48.73539663,48.20106846,47.8824579,-1.317400993,7.965263866,0.109818017,8.075081883,49.0583999,0.3446779,6.348426015
542,Hoka,0.09324,1.09279,0.55492,0.40232,902.63635,82.53986,0.89904,0.45514,-5.22869,22.58278,0.04,0.036403007,0.11,35.16770566,32.34087691,31.23721895,-1.893735449,27.59144891,2.726319736,30.31776865,36.3804164,2.470257855,1.372433007
543,Hoka,0.07958,4.91579,0.8242,0.7741,169.03376,88.00155,0.65947,0.15827,14.6018,10.83347,0.04,0.038707639,0.11,13.37855388,13.39747777,13.40668233,14.57564233,-0.230113986,-0.007682991,-0.237796978,13.369042,0.8346941,5.184077639
544,Hoka,0.09033,2.87195,0.26125,0.73656,907.13416,27.06811,0.19795,0.67552,0.9014,0.75322,0.04,0.0384154,0.11,29.13311376,28.31330649,27.96466014,1.899726134,8.716158683,0.359533445,9.075692127,29.49614144,1.031226764,3.1506954
545,Hoka,0.07219,5.61116,0.54586,0.85612,281.51973,77.82971,0.34201,0.98464,-0.71343,-7.91725,0.04,0.037118466,0.11,0.70478319,0.68722357,0.67819481,-0.686673411,0.225718987,0.017522735,0.243241722,0.714512859,1.940768869,5.870468466
546,Hoka,0.08095,3.43849,0.97415,0.76457,455.03417,132.86022,0.8926,0.79339,-3.0798,16.01825,0.04,0.034326798,0.11,25.2085229,24.58349957,24.31845881,-2.230478607,6.626018975,1.095084596,7.721103571,25.51736705,4.131759206,3.703766798
547,Hoka,0.05842,5.94961,0.51142,0.19597,123.9724,37.13927,0.57086,0.29678,7.43704,29.73984,0.04,0.037901385,0.11,29.82485138,29.61239028,29.47455102,7.837086573,3.445981602,0.190805422,3.636787024,29.97032286,1.384260304,6.195931385
548,Hoka,0.04127,2.35878,0.65556,0.23896,469.15855,35.99038,0.27764,0.09132,6.73567,3.48003,0.04,0.039337629,0.11,7.319404811,7.309955194,7.300948034,6.760856766,0.22517901,0.003791588,0.228970598,7.328563635,0.420952621,2.589387629
549,Hoka,0.0381,1.9915,0.46573,0.13359,34.55808,132.38156,0.68352,0.39674,10.4147,38.32949,0.04,0.037158001,0.11,35.39064412,34.95348783,34.52713994,11.67683105,10.6586971,0.815221501,11.4739186,35.84960087,1.912104015,2.216758001
550,Hoka,0.09133,4.75768,0.80633,0.6241,791.06979,3.95621,0.68642,0.52602,35.09941,19.03799,0.04,0.036470436,0.11,40.32297434,40.22747439,40.18933878,35.21443239,0.953390131,0.09226792,1.045658051,40.36480066,2.419469129,5.035480436
551,Hoka,0.05754,4.97873,0.10128,0.80622,343.56255,92.59781,0.30412,0.68032,20.58035,27.36123,0.04,0.03771019,0.11,38.85537899,38.65253386,38.51959454,20.9681318,3.323483046,0.20180608,3.525289126,38.99639056,1.518031513,5.22398019
552,Hoka,0.03284,1.48212,0.20989,0.2029,61.94492,97.65142,0.35605,0.19092,29.24636,8.11182,0.04,0.038745249,0.11,8.271443093,8.685468517,9.173943487,27.85955133,-12.21187425,-0.395477277,-12.60735153,7.767149031,0.809616257,1.703705249
553,Hoka,0.04408,4.15363,0.71265,0.9088,597.85915,92.63136,0.78131,0.76323,-6.04886,27.82271,0.04,0.034980088,0.11,48.07723305,47.52783208,47.0918499,-4.6778503,10.89955439,1.564170164,12.46372455,48.57578204,3.587692919,4.382690088
554,Hoka,0.03408,0.79855,0.12314,0.92649,779.08019,66.84359,0.18939,0.47442,-5.85923,-6.50253,0.04,0.038620375,0.11,23.33265185,22.31878285,21.16983917,-2.586765514,28.72359208,1.026085062,29.74967715,24.52263894,0.893068195,1.021250375
555,Hoka,0.02525,1.03758,0.4416,0.37828,317.72468,27.50325,0.09302,0.52489,-1.89177,23.34999,0.04,0.039231908,0.11,27.09105169,26.48727374,25.54916043,0.738549758,23.45283266,0.459165138,23.9119978,28.0475316,0.489455949,1.252061908
556,Hoka,0.06614,6.31027,0.89644,0.77897,435.16896,98.78407,0.52406,0.02621,-2.86676,0.8084,0.04,0.03976768,0.11,11.60792462,11.46122993,11.37302751,-2.622786362,2.205060351,0.012881809,2.21794216,11.69664231,0.146048259,6.56617768
557,Hoka,0.09335,3.29223,0.18116,0.53912,28.03363,55.33147,0.71156,0.92691,-2.05485,11.65082,0.04,0.034669624,0.11,11.71607532,11.35193226,11.21669174,-1.625758025,3.381013052,0.519823088,3.90083614,11.87210876,3.843693297,3.570249624
558,Hoka,0.03724,1.04293,0.71163,0.56401,593.337,78.89039,0.59625,0.78407,21.45373,22.79182,0.04,0.035814359,0.11,34.475956,34.08039819,33.69998332,22.62213386,9.51037164,1.111481657,10.6218533,34.90083014,2.921761891,1.265984359
559,Hoka,0.00012,1.02065,0.80825,0.88988,275.14164,38.10371,0.89976,0.80288,-6.43724,22.87812,0.04,0.034241569,0.11,30.90241993,30.89857382,29.80110099,-2.911641885,27.43682083,4.614071126,32.05089196,32.18445561,4.204269104,1.205011569
560,Hoka,0.00508,4.47723,0.84732,0.81145,212.21508,67.97748,0.8991,0.48089,33.03564,15.29194,0.04,0.036228021,0.11,20.38402565,20.39791129,20.49693672,32.73496675,-2.475635683,-0.257757515,-2.733393198,20.27468993,2.602942722,4.668538021
561,Hoka,0.01977,4.78776,0.29249,0.83984,326.72597,102.63326,0.87551,0.20689,21.16427,10.033,0.04,0.038245961,0.11,20.66219749,20.6642004,20.66807512,21.15312584,-0.096868008,-0.004442567,-0.101310576,20.65814506,1.146551749,4.995775961
562,Hoka,0.09045,2.17101,0.4393,0.59201,30.68644,86.53299,0.78516,0.31114,-6.56514,34.03061,0.04,0.037543523,0.11,32.51872237,31.05125447,30.4421454,-4.78049136,15.22772679,0.996351749,16.22407854,33.16768551,1.635752602,2.449003523
563,Hoka,0.01593,5.32941,0.69932,0.68202,470.4948,8.20442,0.9036,0.66789,15.47353,28.35915,0.04,0.035017937,0.11,41.86899147,41.79240635,41.62405401,16.00236633,4.208808549,0.598794483,4.807603032,42.06129559,3.556793309,5.530357937
564,Hoka,0.05528,5.36487,0.24127,0.10357,303.94339,16.37485,0.43931,0.57286,22.3988,-14.96047,0.04,0.03719155,0.11,-13.50560741,-13.14910052,-12.90924805,21.68939772,-5.996311555,-0.452800124,-6.449111678,-13.76357188,1.887827706,5.60734155
565,Hoka,0.09413,4.42821,0.3587,0.43238,486.68864,13.63293,0.68612,0.12237,-9.83587,2.45747,0.04,0.038969496,0.11,11.21393125,10.78976372,10.61415983,-9.340189262,4.390097398,0.116091127,4.506188525,11.39417879,0.661096534,4.711309496
566,Hoka,0.01706,0.88744,0.74981,0.60249,877.85563,47.83478,0.24936,0.0299,31.82167,-5.34053,0.04,0.039751173,0.11,16.67051389,16.91569144,17.48697487,30.24080653,-14.28208574,-0.089400399,-14.37148614,16.09565444,0.156490446,1.094251173
567,Hoka,0.02193,5.16245,0.91644,0.17824,53.89503,139.6728,0.59513,0.80454,6.93357,-8.97289,0.04,0.035757368,0.11,-13.96369656,-13.87771809,-13.73752822,6.502305445,-3.504746665,-0.4158402,-3.920586865,-14.12052003,2.966264326,5.370137368
568,Hoka,0.08382,3.53546,0.20406,0.61635,52.74205,15.30722,0.76129,0.31862,12.48114,-9.37268,0.04,0.037519816,0.11,-7.878910749,-7.425852573,-7.223053009,11.88657546,-5.069989093,-0.335143046,-5.40513214,-8.095116035,1.652582678,3.806799816
569,Hoka,0.03961,3.28519,0.77011,0.47279,992.78972,51.67386,0.75399,0.33693,6.55577,-10.23953,0.04,0.037408678,0.11,8.41670565,8.395476609,8.37542737,6.614724671,0.501230987,0.034720571,0.535951558,8.438143713,1.73176497,3.512208678
570,Hoka,0.05762,2.42513,0.54845,0.22066,189.62526,25.10317,0.53885,0.34737,-0.04635,-10.29898,0.04,0.037696615,0.11,-8.943045225,-8.74816289,-8.620665419,-0.418391945,-3.187436771,-0.194762729,-3.3821995,-9.078333205,1.527581117,2.670446615
571,Hoka,0.01886,2.00166,0.16501,0.99156,771.73184,122.14391,0.70997,0.49195,21.54856,28.32306,0.04,0.036580623,0.11,60.00725876,59.67255762,59.02337542,23.50068757,16.22955497,1.51705927,17.74661424,60.71712333,2.336877494,2.207100623
572,Hoka,0.04996,4.36957,0.31401,0.75174,358.94793,120.88513,0.55909,0.79763,28.54754,5.92474,0.04,0.035979883,0.11,16.11524522,16.2512908,16.34926727,28.24800009,-2.449411587,-0.273678516,-2.723090103,16.00632162,2.793308788,4.605509883
573,Hoka,0.04501,3.49277,0.3566,0.9564,774.59978,117.23388,0.38081,0.02131,33.57734,-8.98571,0.04,0.03981288,0.11,21.537137,21.68409724,21.81408858,33.21818367,-3.249783639,-0.015273919,-3.265057558,21.40653469,0.117499506,3.72759288
574,Hoka,0.03349,6.8499,0.74291,0.45825,211.92205,82.87858,0.78949,0.62776,12.20215,-4.78047,0.04,0.035628033,0.11,-3.147815694,-3.074680251,-2.996875771,11.96193206,-1.945111996,-0.238687451,-2.183799447,-3.235167672,3.06778545,7.069018033
575,Hoka,0.09556,1.44326,0.0838,0.28545,723.15997,143.91993,0.16985,0.40271,-8.89922,8.6509,0.04,0.038798803,0.11,16.49957187,15.06138657,14.47746162,-7.2437116,14.59812388,0.451952486,15.05007637,17.10157493,0.773990702,1.727618803
576,Hoka,0.0726,6.65566,0.68064,0.21711,156.45705,127.00429,0.92496,0.57591,-6.70599,-4.24896,0.04,0.035538069,0.11,-6.531532154,-6.533374751,-6.534276711,-6.703198186,0.022549015,0.002831109,0.025380124,-6.530516949,3.138839012,6.913798069
577,Hoka,0.0324,0.82981,0.27003,0.57253,428.76501,65.444,0.13497,0.05106,-3.80879,19.10698,0.04,0.039651904,0.11,27.76362668,26.75267223,25.5154417,-0.376537217,30.93076302,0.271535006,31.20229802,29.0117186,0.219470019,1.051861904
578,Hoka,0.03266,1.97093,0.25655,0.37471,330.38828,20.92218,0.55963,0.4671,9.8319,9.69259,0.04,0.037107759,0.11,14.75034022,14.67564992,14.59078802,10.08345949,2.121547431,0.165356993,2.286904424,14.8418164,1.94854226,2.190697759
579,Hoka,0.0226,5.75402,0.44705,0.24271,424.37822,107.86968,0.29789,0.47089,-7.94529,-0.05273,0.04,0.038061536,0.11,2.260008779,2.221080146,2.155518927,-7.755814353,1.639030482,0.083475398,1.722505879,2.328909014,1.273243524,5.964681536
580,Hoka,0.04786,1.65308,0.85441,0.10265,419.11404,134.87809,0.76798,0.85354,-1.96649,-11.62839,0.04,0.034636714,0.11,-14.49677782,-14.17183897,-13.9366778,-2.713319785,-5.879029396,-0.910332288,-6.789361683,-14.76835229,3.871099404,1.885576714
581,Hoka,0.06533,3.16188,0.12988,0.36795,450.74562,83.19548,0.69389,0.04458,10.17344,-0.11576,0.04,0.039604873,0.11,6.666925139,6.734764397,6.775890453,10.05921501,-1.028151393,-0.010257579,-1.038408972,6.62538878,0.24941802,3.416814873
582,Hoka,0.06342,3.48924,0.94136,0.41468,751.23819,106.14047,0.9092,0.79606,10.59123,-3.02128,0.04,0.034238411,0.11,6.226255452,6.301136245,6.341561968,10.46135161,-1.010643082,-0.170069522,-1.180712604,6.179026947,4.206962992,3.736898411
583,Hoka,0.04992,5.82104,0.84628,0.41267,508.81689,88.86312,0.60276,0.54516,-2.43813,10.58072,0.04,0.036646109,0.11,16.31564259,16.16006772,16.04586071,-2.09531677,2.855175213,0.261308693,3.116483906,16.44030195,2.288026774,6.057606109
584,Hoka,0.02012,6.62446,0.63577,0.86831,290.72527,20.76777,0.54387,0.62539,3.26317,-10.90796,0.04,0.036576056,0.11,-0.48431621,-0.47321362,-0.453030272,3.202469954,-0.5045837,-0.047234897,-0.551818597,-0.506388954,2.340290493,6.831156056
585,Hoka,0.06728,0.31034,0.17373,0.13934,364.26886,15.08331,0.68447,0.61769,26.0475,36.9809,0.04,0.036045345,0.11,38.14940445,36.59456387,35.76155606,28.58959965,20.82519535,2.284801447,23.1099968,39.07380433,2.74283315,0.563665345
586,Hoka,0.05975,6.61548,0.95344,0.67004,583.47833,13.81344,0.19367,0.914,21.51114,24.86806,0.04,0.038336077,0.11,41.17814234,41.00592984,40.89543692,21.82818394,2.762322939,0.119894675,2.882217614,41.29343104,1.085089236,6.863566077
587,Hoka,0.04452,3.32139,0.151,0.21397,137.66349,121.32509,0.75705,0.12745,38.17179,36.06213,0.04,0.038912753,0.11,36.56458444,36.58494188,36.60273532,38.12149085,-0.444836033,-0.012429004,-0.457265037,36.54629384,0.698516057,3.554822753
588,Hoka,0.09052,5.75999,0.83873,0.89148,362.91719,57.56417,0.88161,0.38055,16.20719,8.80727,0.04,0.03694749,0.11,20.74451358,20.67603147,20.64807917,16.29040953,0.698807443,0.05773374,0.756541182,20.77477523,2.065438058,6.03745749
589,Hoka,0.06408,1.93822,0.4714,0.36867,748.75375,79.34685,0.74409,0.83185,31.90393,0.86517,0.04,0.03485543,0.11,11.61867614,12.22407203,12.55336875,30.86470485,-8.232418048,-1.21508332,-9.447501368,11.24077608,3.689934454,2.18715543
590,Hoka,0.0666,2.25194,0.57688,0.26522,217.98623,146.19171,0.40753,0.54732,30.28677,18.38332,0.04,0.037398812,0.11,17.43865258,17.78565414,17.98051069,29.7136443,-4.871413693,-0.338819977,-5.21023367,17.23024323,1.738817511,2.505938812
591,Hoka,0.05146,3.6294,0.15076,0.28189,446.26756,83.7089,0.30487,0.11818,35.81769,16.04382,0.04,0.039167927,0.11,21.11813937,21.31564155,21.46596707,35.39551277,-3.758137944,-0.079836845,-3.83797479,20.96462038,0.5310931,3.870027927
592,Hoka,0.01025,2.37963,0.38577,0.28033,686.36793,115.08041,0.65514,0.20533,21.55328,-11.13055,0.04,0.038377222,0.11,-4.287890326,-4.183538413,-3.792832415,20.43340582,-9.767649971,-0.413024432,-10.1806744,-4.695117302,1.057123344,2.578257222
593,Hoka,0.09203,4.53947,0.39644,0.87611,232.21925,32.9123,0.94325,0.71246,-5.02194,8.59374,0.04,0.034605152,0.11,16.69024146,16.27187293,16.11455786,-4.521879829,3.932876895,0.613124661,4.546001556,16.87208152,3.897431051,4.816105152
594,Hoka,0.02945,6.23263,0.21389,0.86129,379.86623,139.23355,0.16492,0.47747,27.33361,1.20201,0.04,0.038764195,0.11,14.21405639,14.27432471,14.35365419,27.1084991,-1.983236995,-0.063225719,-2.046462714,14.13219788,0.797001556,6.450844195
595,Hoka,0.04602,3.30192,0.66232,0.43758,697.98136,54.43019,0.08955,0.39207,-9.15921,16.57957,0.04,0.039294917,0.11,27.86791524,27.38067651,26.96463988,-7.994580265,10.40091567,0.186627382,10.58754305,28.29141696,0.448584018,3.537234917
596,Hoka,0.03833,3.0959,0.35984,0.32858,700.28489,68.35192,0.64154,0.14785,31.3833,24.83901,0.04,0.038791109,0.11,33.74518324,33.71760773,33.68970048,31.46243661,0.697681101,0.021742612,0.719423713,33.77396019,0.779102815,3.323021109
597,Hoka,0.02855,6.34846,0.55043,0.42521,219.15281,145.70695,0.77373,0.06347,27.40948,28.40052,0.04,0.039439191,0.11,28.95558709,28.94882363,28.93948054,27.43553885,0.233577289,0.003321375,0.236898663,28.96506304,0.355489912,6.566449191
598,Hoka,0.09798,3.98984,0.39459,0.7255,612.0155,2.23342,0.91143,0.58578,27.99599,21.03419,0.04,0.035509074,0.11,40.18579153,39.90365973,39.80141193,28.31273319,2.556194883,0.32328869,2.879483573,40.30097087,3.161815754,4.273329074
599,Hoka,0.06237,2.31861,0.97656,0.19975,568.66645,83.14754,0.58005,0.31773,10.52625,-14.21579,0.04,0.037773443,0.11,-12.44407159,-11.87752408,-11.53440319,9.527048049,-8.578022183,-0.505631921,-9.083654104,-12.80741775,1.473626176,2.568753443
600,Hoka,0.04979,6.11209,0.60116,0.72914,318.71402,88.09678,0.15398,0.36995,23.97847,10.16748,0.04,0.038916661,0.11,18.0065011,18.05361787,18.09044509,23.87437592,-0.920680468,-0.02562936,-0.946309827,17.96864871,0.695935252,6.350796661
601,Hoka,0.04093,5.02558,0.44504,0.38388,532.96952,77.7376,0.53614,0.70558,-9.29457,30.43393,0.04,0.036364374,0.11,37.46642267,37.09926872,36.77306975,-8.307838146,8.154974153,0.815315425,8.970289578,37.82523425,2.499442088,5.252874374
602,Hoka,0.07301,5.06554,0.9657,0.60822,322.43976,106.7206,0.96219,0.16905,10.4564,9.03641,0.04,0.038523703,0.11,13.06252899,13.02654056,13.00755128,10.51062171,0.47473208,0.018192576,0.492924656,13.08224597,0.958044385,5.327073703
603,Hoka,0.0683,1.48437,0.54178,0.19815,12.08068,86.33467,0.57069,0.85833,32.4519,11.09272,0.04,0.035745635,0.11,9.698990223,10.61397458,11.09284276,30.97827951,-11.97170441,-1.424845476,-13.39654989,9.163128227,2.97544407,1.738415635
604,Hoka,0.02628,0.9364,0.98279,0.19404,701.50295,131.63425,0.87754,0.94253,4.5695,19.36329,0.04,0.0336112,0.11,19.13032971,18.78443651,18.34205122,6.017302594,11.05963237,2.102209387,13.16184176,19.65680339,4.75198749,1.1462912
605,Hoka,0.08473,3.13598,0.46944,0.3151,993.23565,48.79588,0.88564,0.44919,2.91835,23.18369,0.04,0.036466958,0.11,35.40910303,34.59152156,34.23964254,3.979768179,8.79697547,0.852280698,9.649256169,35.79507328,2.422084446,3.407176958
606,Hoka,0.02633,3.28809,0.489,0.45405,400.98617,26.02213,0.29629,0.59743,-5.2702,29.22311,0.04,0.037865893,0.11,36.1078043,35.79313276,35.340595,-3.955582833,11.31344385,0.637621307,11.95106516,36.58584691,1.408990303,3.502285893
607,Hoka,0.00267,5.02109,0.3982,0.68167,894.33379,118.65975,0.45586,0.82104,-4.73222,-1.39125,0.04,0.036542264,0.11,22.84713051,22.83288823,22.63796503,-4.145459613,4.873080186,0.461105148,5.334185334,23.06049792,2.365573365,5.210302264
608,Hoka,0.0984,6.64282,0.22971,0.64307,115.09456,137.51074,0.64297,0.55441,10.79828,18.80146,0.04,0.036471936,0.11,20.58921979,20.44934297,20.39749765,10.95464637,1.296132772,0.125379671,1.421512443,20.64608029,2.418341572,6.927691936
609,Hoka,0.07759,1.03238,0.40976,0.68946,363.45212,57.38997,0.53181,0.23646,29.96628,-2.26005,0.04,0.03828991,0.11,8.301269883,9.637232447,10.29651697,28.07227456,-16.48211309,-0.73611817,-17.21823126,7.612540633,1.116540953,1.29825991
610,Hoka,0.0791,2.59659,0.97716,0.10198,848.51377,60.12191,0.02291,0.595,9.60904,2.37616,0.04,0.039795148,0.11,3.668207396,3.834522147,3.918194968,9.377755264,-2.091820505,-0.010768004,-2.102588509,3.584103856,0.128691774,2.865485148
611,Hoka,0.07407,2.33031,0.3621,0.76472,659.28519,82.05249,0.9368,0.35657,24.96581,13.41849,0.04,0.037055699,0.11,33.9068976,33.64733145,33.51747583,25.35128694,3.246390367,0.257945488,3.504335856,34.04707104,1.986402273,2.591435699
612,Hoka,0.0868,3.18366,0.68676,0.51402,871.79421,112.8178,0.29862,0.97005,15.85342,8.45749,0.04,0.037469988,0.11,24.47145529,24.25259607,24.15811852,16.13077614,2.361938949,0.15948054,2.52141949,24.57231207,1.688025641,3.457929988
613,Hoka,0.05185,0.05122,0.47781,0.55795,138.46684,112.62616,0.17129,0.43405,28.46163,16.62179,0.04,0.038761515,0.11,19.12420281,21.04670087,22.48390314,24.38304202,-35.93005658,-1.148016005,-37.07807259,17.64107991,0.798785275,0.291831515
614,Hoka,0.06404,4.25376,0.98396,0.10933,35.8354,113.38148,0.26845,0.9955,22.14542,-11.21724,0.04,0.037693722,0.11,-15.55970895,-15.0189767,-14.70070357,21.21661695,-7.956828178,-0.486835904,-8.443664082,-15.89745551,1.529616744,4.505493722
615,Hoka,0.01729,3.64295,0.40901,0.75671,274.69396,82.30124,0.76148,0.92193,-3.17296,-0.22516,0.04,0.034386723,0.11,7.239354166,7.19203575,7.097927868,-2.871917443,2.352697037,0.384053484,2.736750521,7.348824187,4.080991712,3.844626723
616,Hoka,0.04801,6.45148,0.65927,0.46122,754.28874,2.69272,0.96842,0.43109,11.8749,18.16688,0.04,0.036462788,0.11,33.08780687,32.93456599,32.81818212,12.22600387,2.909596865,0.282256515,3.19185338,33.21548101,2.42522013,6.685952788
617,Hoka,0.00767,6.04253,0.93613,0.67664,520.05421,52.52607,0.19169,0.57739,4.86636,39.81579,0.04,0.038522265,0.11,52.66898547,52.60983681,52.31276503,5.714645917,7.426794309,0.284895847,7.711690156,52.97745308,0.959013523,6.238722265
618,Hoka,0.0141,3.55801,0.56861,0.78066,606.28723,104.6257,0.19409,0.77687,7.56571,-4.97435,0.04,0.038389495,0.11,12.95952799,12.93908643,12.88343101,7.725183205,1.391385413,0.058370997,1.44975641,13.01751825,1.048792749,3.760499495
619,Hoka,0.0593,3.32665,0.60221,0.51685,670.90079,6.5454,0.95506,0.96508,-6.96557,-10.5343,0.04,0.033039831,0.11,4.243576856,4.055221989,3.950277419,-6.616176487,2.62361425,0.552690413,3.176304663,4.370629043,5.266498427,3.568989831
620,Hoka,0.08421,5.18652,0.50794,0.47553,356.97793,142.01883,0.0446,0.2517,26.5135,-2.43222,0.04,0.039643761,0.11,1.992934174,2.373881492,2.553221055,26.01588446,-4.483489075,-0.040288603,-4.523777678,1.811983067,0.224649834,5.460373761
621,Hoka,0.07567,4.01976,0.33529,0.74072,446.92642,125.8742,0.13937,0.84551,-9.47578,22.15673,0.04,0.038796767,0.11,34.30252871,33.52200853,33.12182802,-8.341153077,10.00451282,0.310277387,10.31479021,34.71512032,0.77534357,4.284226767
622,Hoka,0.0735,6.58088,0.35742,0.68068,283.37616,37.26335,0.87234,0.23379,36.57011,19.583,0.04,0.038037826,0.11,27.44404704,27.54265398,27.59368519,36.42253498,-1.275780202,-0.065810861,-1.341591063,27.39038339,1.289619891,6.842417826
623,Hoka,0.05178,5.31224,0.86301,0.67458,845.24513,14.09149,0.56366,0.96604,27.08869,-0.82193,0.04,0.03552003,0.11,23.46629788,23.500342,23.52369558,27.0163676,-0.583839464,-0.073636859,-0.657476323,23.43999883,3.153129556,5.54954003
624,Hoka,0.07725,3.67679,0.92169,0.24075,689.82396,65.76937,0.12122,0.15932,2.05405,10.20194,0.04,0.03933637,0.11,14.65783216,14.40839626,14.28138135,2.409233796,3.17537297,0.053570633,3.228943603,14.7869899,0.421766463,3.94337637
625,Hoka,0.09612,4.53538,0.1317,0.44794,751.91648,137.99316,0.38704,0.77511,15.30959,-3.90041,0.04,0.037057493,0.11,9.997955239,10.10479801,10.14598949,15.18731883,-1.029787053,-0.081769053,-1.111556106,9.953492995,1.985096171,4.818557493
626,Hoka,0.01676,4.16428,0.70971,0.59754,234.54365,92.78102,0.35092,0.33453,7.68795,-5.51925,0.04,0.038198621,0.11,-2.197410089,-2.159140396,-2.071917871,7.436776594,-2.180563129,-0.102831471,-2.2833946,-2.288745873,1.178955441,4.369238621
627,Hoka,0.00321,1.66202,0.96714,0.98798,285.27336,27.53712,0.23262,0.50128,28.09907,25.94673,0.04,0.038346996,0.11,36.84990218,36.83441335,36.64938226,28.6298396,4.625777243,0.199400951,4.825178194,37.0429093,1.077661873,1.853576996
628,Hoka,0.03758,0.49273,0.59938,0.93384,178.98231,132.69546,0.42954,0.81005,-0.51875,-13.70913,0.04,0.036729278,0.11,-9.376837993,-8.885157587,-8.40460766,-1.957942246,-12.01374818,-1.069817693,-13.08356588,-9.900180628,2.226236302,0.717039278
629,Hoka,0.08536,1.30456,0.28686,0.59091,434.08069,87.18295,0.84344,0.43456,-1.78336,22.458,0.04,0.036638005,0.11,31.65251717,29.79506274,28.99781081,0.610266844,19.93129835,1.828945691,21.76024404,32.52292693,2.294062407,1.576558005
630,Hoka,0.02461,2.71975,0.17979,0.96445,274.43416,68.8653,0.82223,0.84435,16.09303,9.09096,0.04,0.034395802,0.11,20.00619836,19.97286115,19.92626788,16.24203828,1.164831633,0.189789051,1.354620684,20.06038319,4.073315103,2.928755802
631,Hoka,0.04649,0.23975,0.30345,0.31503,831.63874,113.84333,0.6008,0.95205,-6.90873,-9.93201,0.04,0.035302233,0.11,-0.625479433,-1.302373365,-1.816373523,-5.307131108,12.85000396,1.709985971,14.55998993,-0.043079836,3.326819931,0.471542233
632,Hoka,0.04754,1.65604,0.89859,0.57378,282.15407,20.58706,0.6979,0.56257,-9.56222,-6.10651,0.04,0.036256986,0.11,-0.077046129,-0.320810941,-0.506721276,-8.998186988,4.64775836,0.479814472,5.127572832,0.128056784,2.58089188,1.889836986
633,Hoka,0.02134,5.35018,0.96724,0.14945,816.70121,30.43618,0.60465,0.42642,5.81492,-4.47437,0.04,0.037171561,0.11,-0.402483708,-0.378441887,-0.336564097,5.690993087,-1.04694474,-0.079663558,-1.126608298,-0.44754804,1.902286597,5.558691561
634,Hoka,0.09963,6.55915,0.66018,0.63484,33.62686,90.12157,0.28488,0.1683,27.54623,2.16787,0.04,0.038948437,0.11,0.667159973,1.060530797,1.214311573,27.11191513,-3.844519392,-0.103797624,-3.948317016,0.509227292,0.674971391,6.847728437
635,Hoka,0.01651,0.52533,0.63305,0.3473,874.35797,31.00216,0.87311,0.94623,15.53763,39.34856,0.04,0.033618495,0.11,49.70426702,48.88132707,47.20561525,21.02057332,41.89279565,7.952143588,49.84493924,51.69806459,4.745531698,0.725458495
636,Hoka,0.07766,5.37278,0.64487,0.53136,832.8632,98.43751,0.28983,0.75062,30.0623,-10.94298,0.04,0.037724153,0.11,5.712344115,6.050136563,6.214222761,29.58384044,-4.102154956,-0.247477391,-4.349632347,5.538358821,1.508215764,5.638164153
637,Hoka,0.09628,0.12726,0.80032,0.81319,927.5654,4.39807,0.92923,0.41092,14.78617,39.92569,0.04,0.036666155,0.11,66.93334258,53.37135906,48.20657103,30.28075026,129.1197008,11.74011981,140.8598206,72.5677354,2.273107772,0.410206155
638,Hoka,0.04956,2.57232,0.15476,0.69683,17.35785,33.35966,0.67841,0.4983,-4.75728,28.24477,0.04,0.036630632,0.11,28.07187083,27.48418564,27.04981759,-3.45289397,10.85920116,0.998853651,11.85805482,28.54619303,2.299556007,2.808510632
639,Hoka,0.01396,1.84145,0.53124,0.54561,948.91334,1.80919,0.31582,0.58246,38.60059,-3.20805,0.04,0.037779888,0.11,19.6390761,19.77121671,20.12882827,37.55936743,-8.940289065,-0.525370689,-9.465659754,19.26044971,1.469109906,2.043189888
640,Hoka,0.05969,0.79581,0.33834,0.70339,846.69944,32.94308,0.10928,0.10959,-3.53892,33.73512,0.04,0.039478529,0.11,56.7450108,53.16448871,50.79635763,3.059462155,59.20327683,0.782015488,59.98529232,59.1444225,0.330224749,1.044978529
641,Hoka,0.06859,5.93177,0.94757,0.55831,760.90266,75.77068,0.45857,0.46531,36.88377,8.20417,0.04,0.037434565,0.11,23.63910769,23.78687636,23.86752449,36.64678862,-2.016203425,-0.138172777,-2.154376202,23.55293265,1.713279219,6.187794565
642,Hoka,0.09535,1.91885,0.39219,0.43437,222.73286,73.41319,0.02419,0.23011,4.75305,16.1385,0.04,0.039796769,0.11,18.83287679,18.21249163,17.95355797,5.468753909,6.473341579,0.033057596,6.506399175,19.09313276,0.127668204,2.203996769
643,Hoka,0.02988,2.24165,0.84679,0.54335,252.95993,144.29831,0.11647,0.36379,21.91333,13.78875,0.04,0.039135866,0.11,14.57331793,14.66392091,14.7825898,21.57978486,-2.966722199,-0.06550632,-3.03222852,14.45202878,0.552009221,2.460665866
644,Hoka,0.09518,5.20295,0.59913,0.86504,837.70043,62.89586,0.1839,0.42998,0.30364,18.31419,0.04,0.038694467,0.11,47.83304191,47.00249403,46.66484319,1.263508313,8.441271027,0.284804541,8.726075569,48.18208493,0.843488322,5.486824467
645,Hoka,0.04418,3.64731,0.87758,0.15993,869.8872,126.88852,0.85168,0.05897,7.83291,6.18158,0.04,0.039474209,0.11,7.393384739,7.3984403,7.402957372,7.820322593,-0.112926801,-0.001504169,-0.11443097,7.388807501,0.332996559,3.880964209
646,Hoka,0.01974,3.31,0.96448,0.57913,262.66635,102.694,0.06583,0.12255,5.96224,19.7404,0.04,0.039595736,0.11,21.86503755,21.77481308,21.59383515,6.465010604,4.524448155,0.046193703,4.570641858,22.04786322,0.255244955,3.519335736
647,Hoka,0.05854,3.15441,0.321,0.92833,368.72201,14.71085,0.41286,0.72524,3.17615,21.33118,0.04,0.036986708,0.11,35.62202194,35.05671922,34.69955,4.238386055,8.929230675,0.727460732,9.656691407,36.0082896,2.036739666,3.399936708
648,Hoka,0.09933,2.43037,0.32576,0.40439,943.44249,83.84659,0.63064,0.36573,26.29383,-3.67956,0.04,0.037427444,0.11,11.93518861,12.46794018,12.66868044,25.70385041,-5.018506438,-0.344944381,-5.36345082,11.72065058,1.718361756,2.717127444
649,Hoka,0.03206,2.30487,0.19499,0.97447,110.51299,26.10836,0.1218,0.7831,30.22449,-14.88976,0.04,0.038952676,0.11,-9.785070549,-9.269074149,-8.642142126,28.45407191,-15.67330059,-0.421409326,-16.09470991,-10.42885895,0.672177062,2.525882676
650,Hoka,0.06524,5.93367,0.22734,0.92523,320.57606,19.19908,0.79006,0.16775,17.11565,3.79387,0.04,0.038585972,0.11,16.50401794,16.51050885,16.51434788,17.10470578,-0.095975734,-0.003517143,-0.099492877,16.50003822,0.91615413,6.187495972
651,Hoka,0.0747,0.85986,0.49649,0.73726,124.1135,115.79695,0.13371,0.12484,0.81028,37.23418,0.04,0.039379792,0.11,37.36403588,34.84492404,33.51691733,4.519815507,33.20016768,0.522882385,33.72305006,38.71295788,0.393734747,1.123939792
652,Hoka,0.01006,4.75598,0.69709,0.60276,397.42525,145.83979,0.57334,0.57485,24.26973,2.70164,0.04,0.036634225,0.11,8.82256979,8.854201937,8.969392711,23.92385166,-2.879769359,-0.264579218,-3.144348577,8.696795847,2.296878541,4.952674225
653,Hoka,0.0404,4.92993,0.88679,0.49365,85.82878,68.55004,0.97486,0.11456,0.53718,25.2027,0.04,0.038983885,0.11,24.21680368,24.02993161,23.84960984,1.045990099,4.508044175,0.117502179,4.625546355,24.40182553,0.651625044,5.159313885
654,Hoka,0.00979,4.60953,0.3161,0.94868,122.27566,43.03713,0.40018,0.49452,38.13736,24.90957,0.04,0.037565423,0.11,29.43461564,29.45248892,29.52107087,37.93653665,-1.714548642,-0.111118137,-1.825666779,29.36158897,1.620224326,4.806885423
655,Hoka,0.05901,5.64814,0.94369,0.71492,155.37058,100.88657,0.12288,0.35489,9.40696,28.8823,0.04,0.039103711,0.11,29.43558049,29.23376394,29.1000277,9.783164373,3.343406177,0.076633574,3.420039752,29.57238208,0.573020224,5.896253711
656,Hoka,0.05441,3.22266,0.15532,0.84651,584.42004,106.24643,0.86238,0.70054,24.85311,35.45618,0.04,0.034971595,0.11,55.88541141,55.392002,55.07486702,25.85062948,7.92837444,1.139984475,9.068358915,56.24814576,3.594634952,3.462041595
657,Hoka,0.03133,4.80427,0.54228,0.26923,475.78091,44.12323,0.19122,0.74397,13.73459,28.4528,0.04,0.038426761,0.11,32.82857376,32.70854742,32.56133313,14.15600391,3.680357221,0.150678341,3.831035561,32.98181518,1.023530676,5.024026761
658,Hoka,0.01382,0.65264,0.82181,0.61543,458.78344,68.42814,0.59161,0.68505,33.77578,2.0236,0.04,0.036161962,0.11,12.88306082,13.23837657,14.16810989,30.94765177,-23.24333299,-2.466923642,-25.71025663,11.85465055,2.653366929,0.852621962
659,Hoka,0.02331,1.84939,0.10293,0.93062,736.76049,111.1307,0.44336,0.15232,22.9784,12.29337,0.04,0.038865947,0.11,41.24520793,41.03457949,40.68338798,23.97235663,8.779787592,0.256181758,9.035969349,41.60664671,0.729464566,2.061565947
660,Hoka,0.00514,1.42207,0.31379,0.29719,899.00024,51.87382,0.12033,0.89795,20.37267,11.99416,0.04,0.038945047,0.11,22.84008046,22.83203398,22.771067,20.54487079,1.524174538,0.041287224,1.565461763,22.90269893,0.677206304,1.616155047
661,Hoka,0.0834,0.5491,0.19921,0.59943,420.13392,64.49208,0.47185,0.84015,11.84729,32.07972,0.04,0.036403231,0.11,40.97491033,37.85611015,36.49478638,15.96081542,34.0330942,3.362591404,37.39568561,42.47073776,2.470089396,0.818903231
662,Hoka,0.02271,5.3261,0.94487,0.3578,570.00735,89.0906,0.7842,0.58994,0.16888,-0.32234,0.04,0.03584811,0.11,4.850949162,4.831597677,4.80105104,0.262612421,0.763665937,0.088446982,0.852112919,4.885033679,2.895473585,5.53465811
663,Hoka,0.09986,4.73804,0.2405,0.77526,957.99373,72.15677,0.21275,0.34164,25.24496,36.07575,0.04,0.038668565,0.11,67.275147,66.43345909,66.10753416,26.17211472,8.148123205,0.280556048,8.428679252,67.61229417,0.8607996,5.026568565
664,Hoka,0.04577,1.73929,0.95596,0.91154,87.10377,8.83028,0.97691,0.90509,-6.54485,34.81938,0.04,0.033272027,0.11,37.00118545,35.96759683,35.2162403,-4.060804808,18.7839131,3.798315917,22.58222902,37.90447461,5.055277747,1.968332027
665,Hoka,0.04775,6.31464,0.34428,0.364,300.18588,123.2175,0.27476,0.70942,18.00208,23.21644,0.04,0.03786601,0.11,26.07321232,26.01401395,25.96706932,18.13845322,1.173615812,0.066140706,1.239756518,26.12280258,1.408908812,6.55025601
666,Hoka,0.07632,5.85204,0.63413,0.52186,680.73954,8.29673,0.55724,0.79422,26.4303,-3.57167,0.04,0.035999828,0.11,11.74198948,11.92653762,12.01358822,26.16431079,-2.176264942,-0.241818764,-2.418083706,11.64526613,2.777910439,6.114359828
667,Hoka,0.03913,3.04541,0.37126,0.19142,264.87246,91.22133,0.56105,0.06681,7.07019,5.05177,0.04,0.039428741,0.11,5.799446378,5.814821974,5.830314957,7.02696701,-0.387324564,-0.005611709,-0.392936272,5.783728927,0.362209696,3.273968741
668,Hoka,0.00423,3.83138,0.65675,0.65195,560.15847,79.11471,0.49411,0.87314,11.5741,-0.35508,0.04,0.036192512,0.11,13.24710173,13.24532444,13.23011773,11.62031781,0.38016787,0.039994035,0.420161905,13.26390821,2.630024654,4.021802512
669,Hoka,0.08312,2.54139,0.62976,0.72108,134.38865,63.87354,0.93927,0.758,-3.68895,-11.16308,0.04,0.034337992,0.11,-8.627390707,-8.479140173,-8.417895881,-3.885142958,-1.531107313,-0.252465033,-1.783572345,-8.6987336,4.122262212,2.808847992
670,Hoka,0.05618,5.95679,0.88049,0.18963,574.77187,118.02904,0.76414,0.78532,14.58196,26.81219,0.04,0.034957637,0.11,26.95229699,26.83943994,26.76921538,14.80293322,1.755613976,0.253233434,2.00884741,27.03265088,3.606052319,6.197927637
671,Hoka,0.03129,2.99382,0.78343,0.53959,959.27076,101.58794,0.702,0.28777,22.63485,27.45567,0.04,0.037788645,0.11,46.20315288,45.97073064,45.69003644,23.45193041,7.017354906,0.410648794,7.4280037,46.50027302,1.462975719,3.212898645
672,Hoka,0.02944,0.4485,0.37559,0.26982,239.18661,85.66206,0.96681,0.68207,-1.99063,3.57764,0.04,0.034719696,0.11,4.563695986,4.253800615,3.888329388,-0.832732896,9.136780677,1.389556634,10.52633731,4.984749478,3.802095845,0.662659696
673,Hoka,0.03253,0.60767,0.81604,0.95539,670.28802,104.52079,0.13856,0.08602,11.3062,-11.85339,0.04,0.039494878,0.11,12.2341019,12.19587873,12.14947172,11.43545145,1.160175083,0.014838116,1.175013199,12.28110243,0.31973872,0.829694878
674,Hoka,0.01256,6.3016,0.87708,0.75304,703.45086,99.82672,0.84466,0.93062,34.00519,36.03087,0.04,0.033860182,0.11,55.12486731,55.08379231,54.97305929,34.36492324,2.768325641,0.501976513,3.270302153,55.25567939,4.533214095,6.498020182
675,Hoka,0.09152,2.85123,0.03124,0.88165,809.95257,17.09262,0.49304,0.71211,5.68861,4.58847,0.04,0.036569408,0.11,35.23034713,34.35518357,34.00548719,6.740489283,8.742409613,0.820129327,9.56253894,35.61284869,2.345261098,3.129319408
676,Hoka,0.0501,0.18105,0.75511,0.34754,63.78083,44.91889,0.54097,0.9295,31.41466,4.84831,0.04,0.035759589,0.11,6.935247969,10.18912788,12.51163107,24.27041268,-58.06257967,-6.885123229,-64.9477029,4.337339853,2.964526924,0.416909589
677,Hoka,0.02425,2.57393,0.34736,0.22524,538.34138,48.32678,0.28517,0.22116,-0.54549,38.97172,0.04,0.038742119,0.11,42.8814872,42.49811113,41.88562448,1.193535456,15.31216637,0.49715596,15.80932233,43.51386009,0.811700885,2.786922119
678,Hoka,0.05643,0.00496,0.4299,0.43121,483.74181,12.27111,0.57498,0.35881,39.76613,26.06512,0.04,0.037568758,0.11,35.68609639,36.78792289,37.52147336,37.61832007,-18.33876195,-1.186782908,-19.52554485,34.9050746,1.61786127,0.248958758
679,Hoka,0.00658,5.77016,0.09173,0.59722,224.17232,86.96213,0.4647,0.48172,24.03104,29.52673,0.04,0.037358867,0.11,34.92720847,34.91510591,34.84639191,24.23336251,1.717849931,0.121445583,1.839295514,35.00078029,1.767406757,5.964098867
680,Hoka,0.05363,6.69086,0.55277,0.82289,904.6841,89.50834,0.62428,0.52265,37.91111,13.40315,0.04,0.036672776,0.11,43.58663983,43.54247041,43.51226689,38.00170549,0.75508822,0.068507161,0.823595381,43.61958365,2.268184003,6.931162776
681,Hoka,0.00118,2.89918,0.88951,0.33158,359.55751,25.36704,0.72485,0.74816,25.46439,8.95833,0.04,0.035305606,0.11,13.32033785,13.32504289,13.46581774,25.02578448,-3.519371221,-0.467951659,-3.98732288,13.16084493,3.324114092,3.085665606
682,Hoka,0.05659,2.092,0.06932,0.41045,333.2491,24.58558,0.06232,0.74903,37.89691,6.67085,0.04,0.039450446,0.11,12.97754847,13.59119593,14.01898645,36.7040982,-10.69476317,-0.148980499,-10.84374366,12.54379873,0.348255722,2.338040446
683,Hoka,0.02537,4.87222,0.27162,0.64403,533.71281,139.83313,0.07438,0.61444,4.2095,20.39952,0.04,0.0393617,0.11,33.46097159,33.31393039,33.08579513,4.847045605,5.70338157,0.092487566,5.795869137,33.69280636,0.40540671,5.0869517
684,Hoka,0.00343,3.57834,0.74507,0.39341,509.79964,14.46283,0.49674,0.53958,1.45042,10.11037,0.04,0.037050425,0.11,18.1823801,18.16698901,18.00073637,1.944011914,4.156315956,0.330883264,4.48719922,18.36186807,1.990243689,3.768820425
685,Hoka,0.05381,6.44003,0.52974,0.17545,513.69939,30.59402,0.62406,0.90915,22.36995,-1.35872,0.04,0.035271879,0.11,1.978124919,2.143400655,2.251737132,22.03208843,-2.708411917,-0.363056896,-3.071468813,1.855266166,3.351197185,6.679111879
686,Hoka,0.0832,4.9547,0.40675,0.91117,346.93025,15.57473,0.99352,0.24818,36.86962,18.87691,0.04,0.037859361,0.11,32.38012267,32.45215188,32.48492809,36.77438907,-0.819405058,-0.046330704,-0.865735762,32.34549324,1.413547052,5.225759361
687,Hoka,0.02219,0.94533,0.7187,0.6052,540.23578,141.12341,0.11481,0.08319,18.50879,-3.1905,0.04,0.039542671,0.11,7.026121451,7.254220036,7.660692648,17.37806245,-10.1618153,-0.117526095,-10.27934139,6.614947795,0.289136565,1.157062671
688,Hoka,0.08462,4.60751,0.90228,0.87024,10.88678,78.78749,0.24637,0.50053,-2.94195,-13.29799,0.04,0.038272891,0.11,-15.87003629,-15.64402728,-15.54180537,-3.235745687,-2.55554777,-0.115322111,-2.670869881,-15.97687109,1.128154523,4.880402891
689,Hoka,0.02095,2.94472,0.67102,0.98119,313.03134,33.90322,0.19962,0.44666,14.43478,-7.34478,0.04,0.03859064,0.11,5.139543314,5.202073472,5.31725623,14.10645936,-2.879568957,-0.105164102,-2.984733059,5.020153992,0.91301948,3.15426064
690,Hoka,0.05757,2.90737,0.35219,0.79066,324.92279,53.69071,0.06659,0.62857,32.53495,25.78394,0.04,0.039423618,0.11,36.08590309,36.0202626,35.97531235,32.66037044,1.123756223,0.01642955,1.140185773,36.13151052,0.365505213,3.154363618
691,Hoka,0.04608,0.04366,0.89382,0.97916,9.26117,31.96372,0.44691,0.51401,30.32532,-4.53268,0.04,0.037324223,0.11,-0.225686486,5.712748086,10.52280575,16.14936941,-120.2514417,-8.620836349,-128.8722781,-5.380577608,1.792252182,0.277064223
692,Hoka,0.09421,3.09189,0.2387,0.30712,171.12513,99.30857,0.68966,0.347,-6.35701,10.36615,0.04,0.037436034,0.11,11.40738132,10.90533686,10.70584049,-5.770820733,4.987409332,0.341584008,5.32899334,11.62054106,1.71223167,3.373536034
693,Hoka,0.05856,1.32373,0.91747,0.84137,341.83308,94.41232,0.84258,0.44781,29.34228,17.28569,0.04,0.036553098,0.11,26.1088798,26.23273025,26.31003759,29.10963741,-1.932683523,-0.182249139,-2.114932662,26.02428249,2.357462264,1.568843098
694,Hoka,0.09279,0.66947,0.97914,0.14064,797.67802,105.17199,0.82855,0.1383,16.1483,14.61005,0.04,0.03880928,0.11,15.05822791,15.16924887,15.21568323,16.01668769,-1.160858848,-0.035616672,-1.196475519,15.01036889,0.767032781,0.95106928
695,Hoka,0.05081,6.86527,0.8199,0.28153,17.80869,132.54196,0.46408,0.93693,-8.64288,14.75802,0.04,0.036274843,0.11,10.14476329,10.00959589,9.913095668,-8.350252285,2.412505531,0.247746426,2.660251957,10.25117337,2.56731459,7.102354843
696,Hoka,0.01712,0.71412,0.69908,0.51642,860.14154,106.76421,0.3168,0.78119,29.64088,-12.7425,0.04,0.037509373,0.11,4.470937014,4.961303706,6.035681471,26.49015943,-26.85944411,-1.783470184,-28.6429143,3.325220442,1.660002881,0.918749373
697,Hoka,0.06203,4.68939,0.07901,0.38197,741.95205,3.10764,0.91546,0.14683,-8.96494,30.3869,0.04,0.038720009,0.11,42.27980015,41.63110211,41.22617555,-7.814580744,10.12316376,0.334647662,10.45781142,42.6981126,0.826440405,4.940140009
698,Hoka,0.06451,1.81873,0.75194,0.10812,616.21939,5.62296,0.0343,0.11741,20.85535,-14.82689,0.04,0.039752633,0.11,-11.47778641,-10.45180599,-9.819571863,19.10588719,-15.80585313,-0.098354226,-15.90420736,-12.1139547,0.155566146,2.072992633
699,Hoka,0.0671,6.37712,0.20362,0.13521,839.34157,142.22781,0.93797,0.30515,34.54987,16.54091,0.04,0.0374442,0.11,20.30245184,20.44748376,20.52841677,34.31211274,-2.023325044,-0.138104563,-2.161429607,20.21599465,1.706406044,6.6316642
700,Hoka,0.00944,5.1896,0.38951,0.88952,946.60155,124.43713,0.5116,0.81606,37.3034,33.04959,0.04,0.036209776,0.11,67.32715317,67.2741296,67.07074277,37.92125941,5.084670631,0.532233054,5.616903686,67.55182932,2.616851183,5.385249776
701,Hoka,0.03901,3.79084,0.12849,0.88501,70.05492,128.36592,0.45472,0.10131,24.29997,17.62797,0.04,0.039192091,0.11,19.65318554,19.69874199,19.7445111,24.17151037,-1.144227642,-0.023587213,-1.167814855,19.60647294,0.515352275,4.019042091
702,Hoka,0.07615,3.56658,0.79322,0.10508,218.87831,79.35243,0.88907,0.46148,-1.60067,-2.91522,0.04,0.036377725,0.11,-4.620050109,-4.559369387,-4.530381512,-1.68832436,-0.724696865,-0.072160952,-0.796857817,-4.651924422,2.489349514,3.829107725
703,Hoka,0.01175,5.26057,0.73915,0.79728,676.94977,107.13584,0.0545,0.8911,39.1097,1.39276,0.04,0.039511857,0.11,21.5453449,21.58340974,21.71141081,38.75334829,-3.200026804,-0.039534209,-3.239561013,21.41576246,0.308858419,5.461831857
704,Hoka,0.06145,4.1432,0.91611,0.11479,605.91695,87.32806,0.32473,0.38567,31.22782,14.42702,0.04,0.0381374,0.11,14.129842,14.37122084,14.52102655,30.79573421,-3.74514286,-0.182909771,-3.928052631,13.9727199,1.220979931,4.3927874
705,Hoka,0.02007,2.62781,0.68832,0.8235,276.51902,1.35282,0.85134,0.90625,20.31225,-0.02052,0.04,0.033940101,0.11,9.987505889,10.06172901,10.18724672,19.90544662,-3.137942693,-0.560269848,-3.698212541,9.839577387,4.46367177,2.831820101
706,Hoka,0.03995,6.16973,0.0404,0.74511,209.43747,138.42129,0.07446,0.70201,12.3854,5.69632,0.04,0.039351844,0.11,12.23905503,12.23997443,12.24088006,12.38286849,-0.022640806,-0.000372912,-0.023013718,12.23813449,0.411770016,6.399031844
707,Hoka,0.00584,5.68396,0.6848,0.12652,206.31162,146.48923,0.4435,0.41007,38.21432,17.34804,0.04,0.037672427,0.11,14.28534378,14.30928312,14.46370999,37.76340783,-3.860671858,-0.238529726,-4.099201584,14.12137572,1.544612796,5.877472427
708,Hoka,0.04297,3.93674,0.53582,0.98536,817.60167,89.89036,0.55154,0.28362,-1.72789,-9.11379,0.04,0.038001422,0.11,23.57436074,23.3109611,23.0780181,-1.05360653,5.823575128,0.306274601,6.12984973,23.81955473,1.314804886,4.167711422
709,Hoka,0.07666,2.95456,0.78499,0.13231,650.18371,81.01824,0.42045,0.88472,34.94547,14.16848,0.04,0.036664915,0.11,15.38972783,15.86147027,16.08709506,34.26856328,-5.640619761,-0.51307765,-6.153697411,15.14357993,2.274030476,3.217884915
710,Hoka,0.01808,6.47649,0.18325,0.1001,214.16192,117.50524,0.1947,0.25749,1.34413,3.86472,0.04,0.038893325,0.11,3.845518941,3.838711481,3.824067412,1.38554707,0.366101719,0.010417097,0.376518815,3.860579694,0.71135261,6.683463325
711,Hoka,0.04168,3.1981,0.31127,0.43522,586.36474,110.47164,0.71941,0.85174,12.44156,-10.57655,0.04,0.034907188,0.11,-0.819348507,-0.656049911,-0.519286598,12.01058962,-3.419082818,-0.49882976,-3.917912578,-0.97606501,3.647394542,3.424687188
712,Hoka,0.06345,2.15045,0.9982,0.27166,939.09673,23.10777,0.35252,0.39255,6.21925,-14.57793,0.04,0.038021014,0.11,-4.310524332,-4.027655354,-3.858152355,5.72885461,-4.237574988,-0.22056492,-4.458139908,-4.488849928,1.301244939,2.401921014
713,Hoka,0.02863,3.12198,0.11508,0.55231,440.85458,9.15017,0.53091,0.0972,12.57872,-1.69838,0.04,0.039199303,0.11,8.887039426,8.919069402,8.962923848,12.45565687,-1.096361137,-0.022394595,-1.118755732,8.842289196,0.510657354,3.339809303
714,Hoka,0.09468,0.08517,0.31737,0.18846,864.8453,107.57424,0.92447,0.3036,39.30722,25.9707,0.04,0.037467107,0.11,32.41504564,34.40868134,35.19760996,36.99099771,-19.72321553,-1.33335077,-21.0565663,31.57278299,1.690077828,0.367317107
715,Hoka,0.02723,4.5685,0.70513,0.69891,633.574,140.2707,0.28345,0.90163,33.15679,4.06848,0.04,0.037638502,0.11,19.13895628,19.2194277,19.33065884,32.83171264,-2.780778373,-0.174470352,-2.955248725,19.02074633,1.568538811,4.783368502
716,Hoka,0.07317,4.26043,0.92111,0.74864,457.09564,51.91918,0.80946,0.7609,-1.57983,1.46795,0.04,0.034865736,0.11,14.12665695,13.87004146,13.74776338,-1.194047532,3.056952173,0.450161172,3.507113345,14.26694148,3.681454165,4.518465736
717,Hoka,0.06702,5.27993,0.46219,0.72469,162.53414,42.26869,0.74583,0.37711,24.16164,-4.2206,0.04,0.037165923,0.11,0.225437479,0.517423363,0.679344055,23.68240325,-4.048017306,-0.308680452,-4.356697758,0.051169569,1.90636816,5.534115923
718,Hoka,0.00772,3.23209,0.28571,0.34901,413.3208,118.42457,0.87156,0.56489,-7.04806,1.18856,0.04,0.035746242,0.11,5.837106062,5.807724338,5.671676897,-6.62940848,3.401186003,0.404736907,3.80592291,5.989342979,2.974968924,3.425556242
719,Hoka,0.03804,6.19697,0.98055,0.27534,494.96635,38.74479,0.25703,0.18595,5.04593,25.29688,0.04,0.03892571,0.11,29.41777402,29.27254935,29.12394332,5.46587515,3.715150677,0.102532509,3.817683186,29.57048135,0.68996198,6.42393571
720,Hoka,0.03822,6.12405,0.64693,0.16503,989.60201,32.5533,0.97887,0.02447,14.00738,-14.68905,0.04,0.039778,0.11,-8.362321103,-8.226870616,-8.085898627,13.61754343,-3.524299739,-0.019669049,-3.543968789,-8.504079855,0.139524521,6.352048
721,Hoka,0.06398,2.9493,0.32723,0.35426,951.19675,131.36983,0.51855,0.97107,17.72066,36.46286,0.04,0.035825273,0.11,48.85056038,48.2200999,47.86707679,18.80460268,8.82557777,1.028446611,9.854024381,49.24472136,2.91325576,3.199105273
722,Hoka,0.00812,6.38125,0.39061,0.77923,153.09237,78.96988,0.7527,0.48907,17.31812,25.44712,0.04,0.036491256,0.11,29.21983457,29.20504816,29.13859808,17.51842851,1.661252046,0.159734371,1.820986417,29.29267403,2.403825044,6.575861256
723,Hoka,0.00314,6.03331,0.44751,0.94369,293.17036,49.64212,0.21942,0.68085,-8.8548,16.40531,0.04,0.038262834,0.11,27.2347937,27.21647088,26.99319615,-8.212918087,5.581868402,0.253421718,5.83529012,27.4682053,1.135021911,6.224712834
724,Hoka,0.03088,1.79822,0.03705,0.23483,645.19708,79.81635,0.37997,0.55967,16.83795,3.81422,0.04,0.037497005,0.11,10.40332469,10.50385162,10.62591958,16.47985536,-3.05169914,-0.203706639,-3.255405779,10.27310846,1.668796871,2.016597005
725,Hoka,0.02077,2.40349,0.72036,0.28323,325.26728,13.12596,0.26996,0.15612,26.93033,31.70597,0.04,0.039022487,0.11,35.17220478,35.10568129,34.98069755,27.28264508,3.124593349,0.078271016,3.202864365,35.30031936,0.62624962,2.613282487
726,Hoka,0.07557,3.7502,0.47871,0.66358,945.73115,98.77134,0.49508,0.69674,5.38221,7.0261,0.04,0.036598328,0.11,31.98799358,31.48184739,31.23672229,6.118958446,6.128127556,0.569585591,6.697713147,32.2559021,2.323652642,4.012368328
727,Hoka,0.01311,0.63411,0.30099,0.91944,611.71879,46.12091,0.72054,0.79389,8.95218,-10.25234,0.04,0.035133564,0.11,13.37469558,13.30152221,13.10542448,9.56614419,4.902443199,0.679049435,5.581492634,13.59795529,3.462811335,0.832353564
728,Hoka,0.07196,6.35629,0.75597,0.48374,639.14507,23.64324,0.58086,0.03536,32.6847,10.08716,0.04,0.039687729,0.11,22.81268913,22.92068497,22.98024735,32.51961464,-1.489059733,-0.011716237,-1.50077597,22.75265809,0.196705292,6.617937729
729,Hoka,0.00061,0.6437,0.17427,0.86584,181.53376,114.68148,0.23864,0.1689,24.08564,16.86735,0.04,0.039022644,0.11,22.89245206,22.89336951,22.95206034,23.92019783,-1.467270638,-0.036749081,-1.504019719,22.83229127,0.626146948,0.833332644
730,Hoka,0.02788,6.67707,0.87807,0.59898,81.17691,35.02621,0.41166,0.36884,32.0273,-7.31768,0.04,0.037910584,0.11,-6.317000734,-6.161001777,-5.948877977,31.41180914,-5.30309501,-0.29227648,-5.59537149,-6.540815594,1.377858021,6.892860584
731,Hoka,0.02228,3.62019,0.60267,0.20734,970.23434,76.76607,0.26986,0.81292,21.97184,-1.61835,0.04,0.037807902,0.11,5.292618082,5.390661834,5.557036542,21.48778198,-4.159367717,-0.241159724,-4.400527442,5.116596985,1.449497501,3.830277902
732,Hoka,0.09378,0.98252,0.74451,0.39042,550.84431,27.28706,0.31504,0.15721,14.33854,35.86601,0.04,0.038958408,0.11,43.38493655,41.16175566,40.23819426,16.94623777,23.08903506,0.617308312,23.70634337,44.33319028,0.66839986,1.265258408
733,Hoka,0.0997,4.19987,0.73472,0.96718,590.13465,7.6988,0.85204,0.47941,15.76808,7.78578,0.04,0.036330897,0.11,32.207869,31.83920424,31.704862,16.17483148,3.358556004,0.339184764,3.697740768,32.35577863,2.524781214,4.485900897
734,Hoka,0.07379,6.2269,0.74747,0.36205,542.30548,124.95737,0.99136,0.3461,-9.9783,-1.3023,0.04,0.037080272,0.11,3.092258316,2.942675366,2.867508318,-9.755314169,1.8791762,0.147967721,2.027143922,3.173344073,1.968518459,6.487770272
735,Hoka,0.04477,3.625,0.39099,0.29798,605.34296,116.05974,0.77835,0.94342,21.61839,26.85142,0.04,0.034196974,0.11,32.60583396,32.47685857,32.37834242,21.93528284,2.462903718,0.417940304,2.880844021,32.72106772,4.242353252,3.853966974
736,Hoka,0.0432,2.13095,0.59969,0.99839,292.75552,128.67118,0.12598,0.66379,18.2931,24.05946,0.04,0.038947497,0.11,33.15663659,32.88023632,32.63104422,18.99689699,6.229802502,0.16835195,6.398154452,33.41256277,0.675591038,2.363097497
737,Hoka,0.06243,6.3673,0.47967,0.23328,591.9079,10.41814,0.85929,0.57822,14.67715,20.42205,0.04,0.035697261,0.11,26.13854505,26.02972552,25.96750289,14.86888712,1.555565882,0.187498804,1.743064686,26.20826764,3.013353634,6.615427261
738,Hoka,0.00554,1.80656,0.72877,0.70488,836.72582,118.18906,0.88383,0.32578,14.96435,-12.83714,0.04,0.037338207,0.11,9.179161306,9.195518007,9.305758061,14.63957795,-2.756001329,-0.19647182,-2.952473149,9.06106238,1.78221812,1.999438207
739,Hoka,0.05318,4.19167,0.70652,0.49687,715.44047,85.29078,0.95759,0.22574,-1.42586,30.83633,0.04,0.03805889,0.11,43.26509987,42.72407676,42.33688723,-0.30678248,9.679738193,0.493693806,10.173432,43.67203715,1.275070142,4.43290889
740,Hoka,0.06944,5.89395,0.08114,0.95197,201.07228,91.65763,0.54019,0.94153,6.75,2.55134,0.04,0.035737656,0.11,10.52564813,10.48273186,10.46064477,6.817983732,0.552177088,0.065856836,0.618033923,10.55036949,2.981689991,6.149127656
741,Hoka,0.03567,1.39561,0.09775,0.49082,136.22896,113.92397,0.34538,0.14908,19.88527,5.75668,0.04,0.038966434,0.11,8.468613343,8.726315012,9.007832117,19.09056342,-7.037927628,-0.186677604,-7.224605232,8.179629134,0.66311283,1.620246434
742,Hoka,0.00346,1.08942,0.12285,0.61318,556.1709,139.88733,0.05714,0.24742,20.73846,-11.34515,0.04,0.039560546,0.11,3.296717062,3.345289552,3.900652045,19.1942479,-13.88406234,-0.154229466,-14.0382918,2.73518539,0.277709546,1.282440546
743,Hoka,0.09974,3.11781,0.88275,0.69243,671.62562,105.661,0.47472,0.54275,-5.13998,34.25445,0.04,0.037127066,0.11,49.76612666,48.13853062,47.53267673,-3.344957294,15.146347,1.172041235,16.31838824,50.41886219,1.934527901,3.404677066
744,Hoka,0.08891,4.43573,0.37,0.66469,942.99517,136.54244,0.16843,0.69749,22.89441,-0.7802,0.04,0.03861681,0.11,24.26367809,24.23762738,24.22631263,22.92664009,0.282868929,0.010131892,0.293000822,24.27539812,0.895458234,4.71325681
745,Hoka,0.08476,6.61213,0.46261,0.68628,75.97582,128.80096,0.65571,0.96405,28.66318,36.38405,0.04,0.034902239,0.11,36.01740513,35.92629682,35.88878049,28.78141872,0.937908208,0.136989257,1.074897464,36.06040103,3.651456919,6.881792239
746,Hoka,0.04889,0.0934,0.79399,0.69418,226.02209,134.65961,0.38616,0.91581,21.89716,36.92954,0.04,0.036863004,0.11,37.01177334,34.45619398,32.5292901,27.64708286,48.17259721,4.099428826,52.27202603,39.10265438,2.127469279,0.329153004
747,Hoka,0.01463,6.7425,0.09593,0.45779,625.02361,8.54974,0.99941,0.46875,-9.24453,33.38355,0.04,0.036135759,0.11,45.47126279,45.35530433,45.06888964,-8.372661899,7.160367181,0.765706463,7.926073644,45.78830573,2.673418987,6.943265759
748,Hoka,0.06184,2.11465,0.60048,0.29104,398.80635,26.5109,0.64941,0.13747,16.66439,30.90002,0.04,0.038865036,0.11,34.93996836,34.4539515,34.14850093,17.528909,7.636264222,0.22299945,7.859263671,35.25433891,0.730067227,2.365355036
749,Hoka,0.08147,6.74479,0.38135,0.5501,980.8532,27.69072,0.70342,0.49186,26.64598,32.1344,0.04,0.036597812,0.11,54.97223126,54.64127088,54.49259743,27.09283948,3.716836263,0.345522675,4.062358939,55.13472562,2.324037507,7.012857812
750,Hoka,0.07465,6.5205,0.40526,0.9095,324.05053,12.01922,0.19526,0.13637,5.88346,3.09434,0.04,0.039218682,0.11,15.63878881,15.53081202,15.47408452,6.042568468,1.41818737,0.028253249,1.446440618,15.69664643,0.498052115,6.784368682
751,Hoka,0.04147,1.46394,0.24335,0.19475,265.23373,59.19483,0.66829,0.39933,27.50946,-9.40605,0.04,0.037172959,0.11,-6.952386337,-6.08759903,-5.312419298,25.21559446,-19.3794933,-1.473829762,-20.85332306,-7.786519259,1.901274893,1.692582959
752,Hoka,0.07572,2.79809,0.94705,0.95244,673.14183,7.16156,0.29397,0.05985,33.86593,5.81696,0.04,0.039527995,0.11,33.40329173,33.41487858,33.42092725,33.84909754,-0.151216663,-0.001805683,-0.153022346,33.39717083,0.298525833,3.063337995
753,Hoka,0.0436,1.71727,0.15599,0.81857,356.40534,46.03273,0.38859,0.72081,9.51543,-1.19974,0.04,0.037137662,0.11,11.13849763,11.10140881,11.06981725,9.609002706,0.789788972,0.060871989,0.850660961,11.17252407,1.92684348,1.948007662
754,Hoka,0.07704,2.4497,0.74403,0.74483,544.83318,16.50289,0.37108,0.80311,32.82177,14.28013,0.04,0.037118925,0.11,31.4112077,31.45184924,31.47143088,32.76374082,-0.489541126,-0.037996914,-0.527538039,31.39010618,1.940435233,2.713858925
755,Hoka,0.031,3.61766,0.56995,0.98426,741.22461,9.1271,0.81011,0.8221,16.77219,-5.7877,0.04,0.034563527,0.11,25.61280267,25.54055304,25.45999814,17.02855965,2.013872596,0.3167606,2.330633196,25.706028,3.932232361,3.833223527
756,Hoka,0.06596,5.70265,0.772,0.52605,188.15846,113.10604,0.29082,0.53777,34.32864,-5.89457,0.04,0.037983378,0.11,-5.120783974,-4.68098968,-4.427732058,33.595205,-6.331440548,-0.33615032,-6.667590868,-5.387487609,1.327305836,5.956593378
757,Hoka,0.0986,1.80497,0.20565,0.7631,898.85212,24.30871,0.90149,0.27841,34.10235,19.51314,0.04,0.037676989,0.11,48.8309264,48.12294845,47.85241623,34.89218341,6.763305571,0.416998155,7.180303726,49.11813855,1.541399212,2.091246989
758,Hoka,0.06707,5.90468,0.33748,0.27939,390.49564,71.02641,0.61932,0.55801,28.79955,6.38491,0.04,0.036535877,0.11,10.20778856,10.41159556,10.52261788,28.46529073,-2.775558101,-0.263162516,-3.038720617,10.08623974,2.370356753,6.158285877
759,Hoka,0.03619,0.70404,0.10959,0.20629,425.22277,66.1217,0.32373,0.04107,-5.89045,-12.78458,0.04,0.039657697,0.11,-9.13970469,-9.007563828,-8.862761333,-6.292093957,-3.620062382,-0.031246317,-3.651308699,-9.285757038,0.215785762,0.929887697
760,Hoka,0.03728,2.08283,0.67669,0.38808,888.1919,103.2084,0.28298,0.20488,4.46489,9.1835,0.04,0.038805719,0.11,20.84470575,20.575573,20.29542574,5.25900488,7.003681516,0.215544661,7.219226177,21.1334748,0.769397711,2.308915719
761,Hoka,0.00295,6.10055,0.53474,0.96644,664.55134,135.00108,0.05784,0.89413,37.09193,3.62034,0.04,0.039482424,0.11,28.46070651,28.4647785,28.51927755,36.94009292,-1.362476357,-0.017860722,-1.380337079,28.40549302,0.327725348,6.292982424
762,Hoka,0.09941,3.4064,0.52731,0.26046,478.79838,44.63933,0.54073,0.69586,13.65684,29.77427,0.04,0.036370106,0.11,33.95065956,33.39827481,33.19617953,14.26806948,5.052382003,0.504249645,5.556631648,34.17292482,2.495108469,3.692180106
763,Hoka,0.03848,6.0454,0.56777,0.55219,328.29133,124.27086,0.11509,0.46301,7.72378,13.19195,0.04,0.03909418,0.11,17.94038181,17.87730841,17.8132283,7.904083362,1.602002732,0.037118739,1.639121471,18.00594667,0.579255235,6.27297418
764,Hoka,0.08547,5.79004,0.7727,0.22124,547.44184,77.62481,0.10698,0.45269,-6.83932,4.29474,0.04,0.039153639,0.11,6.861831269,6.667457364,6.57841506,-6.589160534,2.226057595,0.048119369,2.274176965,6.952798348,0.540410203,6.064663639
765,Hoka,0.0585,5.6003,0.89449,0.22253,604.15288,74.15596,0.20176,0.91553,19.19207,-10.20676,0.04,0.038270216,0.11,-7.064579444,-6.800071881,-6.62703322,18.69470535,-4.325966527,-0.195530281,-4.521496807,-7.245439316,1.129980315,5.847070216
766,Hoka,0.04246,2.06772,0.92771,0.39698,916.89287,53.19287,0.23619,0.10831,1.74644,-4.04265,0.04,0.039280983,0.11,9.500109141,9.354401472,9.219603062,2.123921006,3.369960257,0.061685254,3.431645511,9.637374961,0.457611137,2.299460983
767,Hoka,0.00198,4.09153,0.81152,0.62923,687.92732,81.86618,0.08332,0.33636,1.53419,39.07843,0.04,0.039357339,0.11,54.51066211,54.48593982,53.9945238,2.907650791,12.28540036,0.200606831,12.48600719,55.0101024,0.408222006,4.282867339
768,Hoka,0.06645,3.08289,0.40713,0.40897,94.766,60.41035,0.14874,0.54775,13.10221,-14.00925,0.04,0.038826307,0.11,-13.07604036,-12.54861252,-12.24043983,12.22911651,-7.704317244,-0.232896324,-7.937213568,-13.3935289,0.75573317,3.338166307
769,Hoka,0.06415,0.01516,0.65825,0.32057,738.4881,11.93742,0.69106,0.82572,3.54065,34.62736,0.04,0.035161035,0.11,38.37183275,28.41767375,22.96173403,20.609356,136.3984932,18.77156139,155.1700545,44.57863493,3.440573454,0.264471035
770,Hoka,0.0563,3.81002,0.23099,0.3573,394.87634,11.43119,0.09236,0.17933,27.92222,21.11911,0.04,0.039416072,0.11,27.14635243,27.15722998,27.16484543,27.90096725,-0.190386339,-0.002820473,-0.193206813,27.13862416,0.370361832,4.055736072
771,Hoka,0.09149,4.85265,0.57637,0.49481,276.28629,16.76179,0.99991,0.13296,5.51567,2.25168,0.04,0.03882212,0.11,7.757905462,7.717625931,7.700534044,5.564098772,0.427297183,0.01296438,0.440261563,7.775515924,0.758510715,5.13296212
772,Hoka,0.06848,0.86527,0.50881,0.26144,437.86316,88.5716,0.61264,0.60465,-1.49423,8.08796,0.04,0.036369682,0.11,10.65578449,9.885468934,9.476354856,-0.256865645,10.22785195,1.020914907,11.24876686,11.10573516,2.495428443,1.120119682
773,Hoka,0.02444,0.33298,0.99556,0.70642,280.57169,115.69551,0.75592,0.55103,-7.89,3.33832,0.04,0.036141885,0.11,5.855970025,5.188819637,4.202237276,-4.887277303,24.664559,2.632920061,27.29747907,6.947869188,2.668728094,0.543561885
774,Hoka,0.03592,4.90547,0.3403,0.66239,960.08834,104.14525,0.6831,0.98508,-0.2023,17.21789,0.04,0.034653527,0.11,42.98744722,42.68242118,42.38814979,0.731799791,7.356784542,1.135031737,8.491816279,43.32711987,3.857091812,5.126043527
775,Hoka,0.00377,1.6504,0.34202,0.97259,869.10661,49.75629,0.81745,0.80025,32.7928,37.88767,0.04,0.034634246,0.11,73.00506791,72.92078957,72.14654101,35.25184994,19.35621386,2.998785576,22.35499944,73.89926789,3.873156183,1.838804246
776,Hoka,0.06516,5.94556,0.83737,0.43397,681.28776,73.73182,0.32227,0.10574,29.2913,-1.45805,0.04,0.039225693,0.11,8.845050982,9.061331718,9.191530639,28.92618519,-3.254973046,-0.064252486,-3.319225532,8.712281961,0.49349476,6.199945693
777,Hoka,0.04633,0.8367,0.4256,0.84597,815.68259,32.24971,0.17399,0.69994,24.40056,2.88349,0.04,0.03857475,0.11,31.99416134,31.65312806,31.36918087,25.2102656,7.09867978,0.262280262,7.360960042,32.28859974,0.923693806,1.07160475
778,Hoka,0.0809,3.73068,0.34091,0.97347,738.65797,104.29293,0.68189,0.78054,22.34496,24.80057,0.04,0.03538037,0.11,54.19628238,53.54508254,53.26029031,23.2303986,7.119805714,0.929636131,8.049441846,54.51826006,3.264260883,3.99696037
779,Hoka,0.04381,1.92747,0.31179,0.9171,594.31054,15.75261,0.04514,0.62278,-2.91351,19.61593,0.04,0.039602918,0.11,42.24812152,41.31524066,40.47194451,-0.571193305,21.08240381,0.211384321,21.29378813,43.09987304,0.250664397,2.160882918
780,Hoka,0.05196,1.82875,0.30656,0.50121,7.68258,40.51985,0.73626,0.04064,7.09051,-0.45996,0.04,0.039637681,0.11,-0.67954172,-0.480693074,-0.329001403,6.669544814,-3.79229177,-0.034664466,-3.826956236,-0.832619969,0.228519243,2.070347681
781,Hoka,0.06229,1.00869,0.6877,0.63843,485.88859,87.39854,0.62036,0.26777,27.37637,38.81666,0.04,0.038004727,0.11,48.98169338,47.87766348,47.20406651,29.32601344,16.8399243,0.88410694,17.72403124,49.69065463,1.312516203,1.258984727
782,Hoka,0.05159,0.41444,0.06474,0.23039,526.22296,111.65112,0.62782,0.42099,27.05068,14.41247,0.04,0.037144317,0.11,19.83974895,20.44644744,20.88326467,25.75707981,-10.92043081,-0.839570956,-11.76000177,19.36934888,1.922018853,0.653174317
783,Hoka,0.05257,2.86098,0.91164,0.97244,84.00606,28.63449,0.07057,0.29923,8.82989,31.05739,0.04,0.039454746,0.11,33.15651153,32.7389965,32.42564385,9.703518541,7.833816322,0.108261326,7.942077648,33.47419463,0.345493567,3.103004746
784,Hoka,0.0744,2.9796,0.72507,0.93084,149.19819,144.87468,0.6799,0.06865,31.50647,27.176,0.04,0.039402069,0.11,28.68236637,28.74795704,28.78269372,31.40949454,-0.868416801,-0.013178319,-0.88159512,28.64710256,0.379377704,3.243402069
785,Hoka,0.01961,3.11406,0.87649,0.19738,395.94646,65.22925,0.52935,0.07719,3.04463,35.82816,0.04,0.039351367,0.11,36.33469319,36.13584644,35.73682087,4.16003759,9.975639334,0.164429668,10.140069,36.74029595,0.41207802,3.323021367
786,Hoka,0.04152,4.52606,0.67926,0.94578,218.36937,71.5656,0.82301,0.16247,4.80396,32.69212,0.04,0.03861663,0.11,39.26582319,38.96243114,38.6802544,5.607744331,7.054418583,0.252711696,7.307130279,39.5581084,0.895579461,4.75619663
787,Hoka,0.07512,3.05186,0.6589,0.72753,705.12683,63.71519,0.33604,0.71963,15.48528,22.73841,0.04,0.03746001,0.11,42.88281268,42.25427691,41.94084566,16.40565985,7.835781383,0.531308133,8.367089516,43.21749626,1.695134497,3.31444001
788,Hoka,0.0638,4.36785,0.74115,0.10626,107.22903,143.39072,0.15345,0.86536,3.55074,30.87142,0.04,0.038677239,0.11,26.54539569,26.22510001,26.03092833,4.102973933,4.854291804,0.166016677,5.020308481,26.74620803,0.854999472,4.620327239
789,Hoka,0.02139,6.2614,0.34569,0.68828,178.4701,95.52302,0.2134,0.70834,12.05735,2.91187,0.04,0.038286176,0.11,6.84930852,6.866630661,6.897635735,11.96826933,-0.775126851,-0.034697405,-0.809824256,6.81691555,1.119087959,6.471076176
790,Hoka,0.05412,3.94481,0.83678,0.27723,354.80828,60.47581,0.53813,0.82699,-1.39896,0.88661,0.04,0.036023936,0.11,2.921376257,2.864966318,2.827418128,-1.284305653,0.93870475,0.103607498,1.042312248,2.963068747,2.759320704,4.184953936
791,Hoka,0.00973,5.49632,0.02248,0.35215,315.52261,84.88593,0.86495,0.43707,35.88727,11.77504,0.04,0.036584285,0.11,16.65906421,16.69216213,16.81660856,35.51309001,-3.111160758,-0.29047551,-3.401636268,16.52299876,2.334140956,5.692634285
792,Hoka,0.0649,5.33351,0.95374,0.12706,329.04976,100.80147,0.99026,0.57466,12.10176,-10.69427,0.04,0.035385785,0.11,-12.8761921,-12.5837807,-12.42434762,11.60614746,-3.985826971,-0.519741609,-4.505568581,-13.05641485,3.25993585,5.583795785
793,Hoka,0.07437,4.07612,0.97559,0.69824,135.57723,114.21047,0.63927,0.44461,39.59988,-4.45905,0.04,0.036999056,0.11,-4.77459463,-4.006674192,-3.624633971,38.46405577,-9.55100554,-0.774669302,-10.32567484,-5.187621624,2.027716607,4.337489056
794,Hoka,0.06789,6.23505,0.92255,0.94457,794.18857,112.47708,0.60936,0.37465,34.41963,35.25287,0.04,0.037420375,0.11,63.17891768,62.87622637,62.70938556,34.91007107,4.171020118,0.287535065,4.458555183,63.35725989,1.723409724,6.490360375
795,Hoka,0.08999,0.75823,0.10492,0.56372,385.70136,126.65618,0.94025,0.03401,32.64283,7.60763,0.04,0.039692614,0.11,17.10600322,18.50708687,19.12507411,30.93020414,-15.449681,-0.119644972,-15.56932598,16.48323018,0.193604276,1.037912614
796,Hoka,0.07247,0.43185,0.78446,0.70027,722.08116,62.12416,0.72689,0.53878,-2.00262,12.00662,0.04,0.03628946,0.11,29.91056508,26.35582346,24.57578133,3.393013748,44.50105317,4.55016273,49.0512159,31.87261371,2.5562107,0.69060946
797,Hoka,0.09574,1.73159,0.72428,0.37553,918.91962,129.46394,0.72927,0.54094,11.94782,32.68382,0.04,0.036271421,0.11,42.98152825,41.47607371,40.90572718,13.67750456,14.25866308,1.465742018,15.7244051,43.61050445,2.569914883,2.013601421
798,Hoka,0.05397,6.06497,0.68565,0.40149,20.61004,93.45754,0.89032,0.19005,39.55242,-12.64721,0.04,0.038373858,0.11,-14.72706089,-14.25964157,-13.92729615,38.59974027,-8.308635623,-0.35208923,-8.660724853,-15.07348988,1.059407483,6.307313858
799,Hoka,0.02178,2.43636,0.14695,0.91991,474.61584,9.88485,0.74523,0.70701,38.75835,-13.15358,0.04,0.035400386,0.11,6.265254811,6.537076833,6.978886034,37.3855115,-11.04523001,-1.435119965,-12.48034998,5.766040812,3.248279944,2.643540386
800,Hoka,0.05777,6.4157,0.73241,0.53836,339.97225,7.09957,0.57951,0.8856,5.74419,-3.66868,0.04,0.035617891,0.11,4.07305646,4.08764176,4.096634276,5.716418094,-0.224812895,-0.027658982,-0.252471876,4.062957585,3.075777937,6.659087891
801,Hoka,0.01697,4.19336,0.56278,0.74709,586.61217,16.29732,0.15007,0.47628,33.529,11.30133,0.04,0.038857792,0.11,29.98947314,30.00325226,30.03480359,33.43968337,-0.788783391,-0.023185955,-0.811969347,29.95699436,0.734864464,4.399187792
802,Hoka,0.08425,3.95598,0.93058,0.68889,174.49887,141.50693,0.71984,0.90361,-5.90828,6.5428,0.04,0.034705654,0.11,5.930815085,5.692473604,5.594292039,-5.59709231,2.454539128,0.374439873,2.828979001,6.043974245,3.813749279,4.224935654
803,Hoka,0.05174,3.78608,0.65605,0.63531,861.87751,130.38847,0.75628,0.42487,6.10095,34.40123,0.04,0.036856947,0.11,54.00805775,53.38599634,52.9428714,7.423461692,11.07812351,0.944710058,12.02283357,54.48897109,2.131927074,4.024676947
804,Hoka,0.08192,4.66422,0.2755,0.10391,104.99945,130.96004,0.51371,0.9145,22.24791,24.54948,0.04,0.035975953,0.11,23.44538467,23.42533259,23.41652652,22.27483541,0.220151631,0.024624798,0.244776429,23.45517573,2.796345144,4.932115953
805,Hoka,0.08079,5.40606,0.55859,0.21769,772.53442,146.9093,0.762,0.68935,14.86126,38.41346,0.04,0.03541587,0.11,41.96492589,41.57614717,41.40571844,15.39060349,4.260718163,0.551495344,4.812213507,42.15741443,3.2359295,5.67226587
806,Hoka,0.03858,4.83437,0.79571,0.33413,825.53204,12.78085,0.35194,0.5711,12.95726,7.36075,0.04,0.037610897,0.11,18.86434642,18.81895401,18.77470181,13.08668369,1.106304771,0.07027421,1.176578981,18.91140958,1.588039108,5.060560897
807,Hoka,0.01022,0.68518,0.14272,0.33996,580.53032,144.81326,0.49083,0.91013,-8.35314,22.34554,0.04,0.036139331,0.11,28.28614858,27.84118598,26.26773678,-3.563914359,39.33623015,4.202184773,43.53841492,30.02768518,2.670683462,0.881539331
808,Hoka,0.08253,5.97613,0.11593,0.69335,263.50765,47.36335,0.87603,0.04046,31.32554,8.8978,0.04,0.039636132,0.11,16.6969301,16.89139556,16.98479019,31.06634697,-2.334865738,-0.02143454,-2.356300278,16.60267809,0.229505063,6.248296132
809,Hoka,0.02559,3.34735,0.12384,0.82919,154.93704,68.6386,0.50268,0.50894,14.18843,34.19469,0.04,0.037131789,0.11,39.12747321,38.9461729,38.68310119,14.96775921,6.576792642,0.508018324,7.084810966,39.41086565,1.931102103,3.560071789
810,Hoka,0.09908,4.79477,0.72253,0.34165,755.9777,93.76058,0.44087,0.95172,1.9637,27.32438,0.04,0.03641649,0.11,35.34360238,34.68743058,34.44625704,2.692191096,6.029338414,0.593307917,6.622646331,35.60850823,2.460087145,5.08026649
811,Hoka,0.07764,2.66287,0.23474,0.36337,24.65041,33.52304,0.61228,0.34495,36.40998,28.95594,0.04,0.037572657,0.11,29.10442731,29.30082166,29.39586361,36.13172938,-2.376048881,-0.15350223,-2.529551111,29.00324526,1.615099664,2.928082657
812,Hoka,0.00719,6.01209,0.84421,0.41917,456.93657,119.62967,0.58468,0.97044,24.69007,4.17505,0.04,0.035364231,0.11,8.218516186,8.237727428,8.332218498,24.3961567,-2.362276747,-0.309662329,-2.671939077,8.111638623,3.277159733,6.204644231
813,Hoka,0.04498,3.70097,0.89577,0.16786,749.02788,132.94829,0.14621,0.83453,29.10978,7.0704,0.04,0.038743758,0.11,7.580244,7.828889616,8.043061815,28.50170935,-5.354304981,-0.173610008,-5.527914989,7.3591274,0.810609446,3.934693758
814,Hoka,0.00182,4.35084,0.41602,0.67203,82.3708,71.44354,0.39409,0.91864,-1.54424,0.3086,0.04,0.036802036,0.11,1.396961867,1.395772172,1.37171547,-1.472335358,0.601417547,0.052261013,0.653678561,1.423109009,2.17240973,4.539462036
815,Hoka,0.06804,6.56859,0.50447,0.93415,522.19759,79.00623,0.30554,0.90288,8.15434,3.66995,0.04,0.037470583,0.11,23.05836103,22.90888365,22.82656436,8.395999494,2.057982296,0.138922194,2.19690449,23.14623721,1.687601911,6.824100583
816,Hoka,0.08587,3.68368,0.7459,0.7377,337.18804,112.35198,0.61541,0.61965,-0.73103,26.37802,0.04,0.036299956,0.11,33.20270672,32.45857965,32.14401368,0.222201376,7.864149227,0.80159055,8.665739778,33.54933631,2.548243068,3.955849956
817,Hoka,0.07588,5.99356,0.02528,0.3708,5.80931,3.6996,0.54641,0.30225,11.54494,34.7367,0.04,0.037909749,0.11,34.67746421,34.395142,34.25409345,11.95421047,3.526213835,0.194426815,3.72064065,34.82628984,1.378438918,6.257349749
818,Hoka,0.06285,6.18908,0.43033,0.61141,347.96224,96.383,0.87425,0.79294,20.71151,-13.63578,0.04,0.034410967,0.11,-6.022030367,-5.759348465,-5.615527648,20.25176443,-3.595520428,-0.583984777,-4.179505205,-6.189210575,4.060502428,6.436340967
819,Hoka,0.08439,0.14086,0.07169,0.66698,133.80045,105.53035,0.26727,0.74451,2.4844,8.46295,0.04,0.037883604,0.11,11.09143703,9.144820996,8.270963547,5.021759444,21.84643623,1.220467812,23.06690404,12.01411319,1.396644056,0.413133604
820,Hoka,0.06732,0.53952,0.36931,0.78493,434.54804,84.11106,0.02214,0.68581,30.5388,17.96693,0.04,0.039800935,0.11,31.40078436,31.32409173,31.2787495,30.66411476,1.13355564,0.005669484,1.139225124,31.44635337,0.125037612,0.796640935
821,Hoka,0.01795,2.68457,0.19431,0.72028,42.84987,45.8722,0.57841,0.43634,16.10907,9.39357,0.04,0.037190465,0.11,10.42768541,10.4634718,10.53761734,15.88976621,-1.853638609,-0.140032209,-1.993670818,10.34793857,1.888612593,2.889710465
822,Hoka,0.05573,0.78759,0.28917,0.34678,45.38145,14.62028,0.93098,0.09273,25.91464,19.79267,0.04,0.039176662,0.11,20.51087359,20.81430222,21.02760423,25.31573188,-5.332550182,-0.112069047,-5.444619229,20.29308882,0.525400807,1.032496662
823,Hoka,0.04048,5.96126,0.91213,0.98699,233.36602,119.46468,0.96438,0.75982,22.80127,-4.87053,0.04,0.034227414,0.11,0.550917888,0.697468332,0.821382432,22.4030351,-3.097852511,-0.522464782,-3.620317293,0.406105196,4.21634649,6.185967414
824,Hoka,0.05674,3.55177,0.26014,0.28963,54.05313,31.41673,0.07933,0.65234,22.30829,9.13475,0.04,0.039317125,0.11,9.595404701,9.787358479,9.920369945,21.93615543,-3.325286664,-0.057754885,-3.38304155,9.460083039,0.434209822,3.797827125
825,Hoka,0.03755,5.76115,0.53989,0.47829,775.52807,135.66242,0.25757,0.8559,-9.00978,17.55856,0.04,0.037866837,0.11,30.23736725,29.98953847,29.73961858,-8.283783586,6.247997214,0.351970182,6.599967397,30.50136594,1.408332024,5.986566837
826,Hoka,0.06853,6.56552,0.74043,0.25532,417.65609,51.73496,0.69484,0.53438,19.15601,-11.2756,0.04,0.036404543,0.11,-8.143688176,-7.867770344,-7.721197125,18.71312423,-3.664330463,-0.361903767,-4.02623423,-8.304737545,2.469098862,6.820454543
827,Hoka,0.02818,0.09071,0.72176,0.66253,216.16704,129.22766,0.84127,0.67944,8.53172,18.12789,0.04,0.035167088,0.11,18.75135191,17.66071947,16.29967023,12.78897936,34.02623101,4.676126764,38.70235778,20.29944622,3.435677876,0.304057088
828,Hoka,0.09673,1.35045,0.74521,0.62482,40.86655,53.82214,0.20011,0.08186,37.00186,-3.32134,0.04,0.039444829,0.11,-2.954008173,-0.53331982,0.453795234,34.24908714,-24.67787635,-0.347331476,-25.02520782,-3.955016486,0.351865241,1.636624829
829,Hoka,0.01433,1.63242,0.83174,0.88727,528.94715,134.98742,0.47109,0.6541,17.86627,35.95063,0.04,0.036830351,0.11,50.74113655,50.47847932,49.80340899,19.88248038,16.87675826,1.452427008,18.32918527,51.47430396,2.151519542,1.833580351
830,Hoka,0.05071,4.34018,0.78124,0.55405,515.65593,1.31887,0.86688,0.53289,10.62494,31.41053,0.04,0.035958143,0.11,43.49760673,43.13017699,42.86963487,11.42196763,6.513553012,0.73215275,7.245705762,43.78743496,2.810112808,4.576848143
831,Hoka,0.03876,6.60312,0.35113,0.75544,169.62383,146.99104,0.34698,0.42588,15.99073,-8.92168,0.04,0.037952622,0.11,-5.467973649,-5.34547588,-5.225529762,15.64308411,-2.998652937,-0.161764241,-3.160417177,-5.594390337,1.348640906,6.829832622
832,Hoka,0.00016,3.83839,0.37229,0.92876,152.39764,57.63396,0.72809,0.04701,37.56735,37.81571,0.04,0.039582705,0.11,42.9824537,42.98223646,42.92849089,37.71670847,1.343639167,0.014165125,1.357804292,43.03676588,0.263558945,4.028132705
833,Hoka,0.0311,3.7816,0.18853,0.79348,372.06653,40.48394,0.6449,0.79931,26.22997,15.86942,0.04,0.035503332,0.11,28.35210125,28.33542746,28.31639288,26.28894485,0.475864451,0.060270526,0.536134977,28.37354665,3.166370502,3.998203332
834,Hoka,0.04709,1.18776,0.86668,0.87104,628.39365,143.12363,0.1416,0.89656,5.71499,-1.73767,0.04,0.038767466,0.11,16.3595389,15.99726261,15.69901385,6.56125019,7.456218932,0.237055518,7.693274451,16.66726988,0.794824831,1.423617466
835,Hoka,0.08694,4.46752,0.84581,0.55074,949.08401,112.0867,0.30438,0.34823,7.22442,4.7711,0.04,0.038305031,0.11,23.23899354,22.94293218,22.81249004,7.599008796,3.261053472,0.144299217,3.405352689,23.37520765,1.106231609,4.742765031
836,Hoka,0.03135,3.37791,0.85505,0.91621,649.23727,46.81529,0.66598,0.45947,31.72761,19.64558,0.04,0.036859158,0.11,43.63375559,43.52879351,43.40538636,32.095898,3.085178568,0.262894165,3.348072733,43.7676785,2.130299422,3.596119158
837,Hoka,0.00689,5.64935,0.99731,0.62543,822.22317,107.1764,0.53689,0.63115,17.29164,38.12678,0.04,0.036587974,0.11,55.57397697,55.52852236,55.28714468,18.01733049,6.034441944,0.562744315,6.597186259,55.83786442,2.331385074,5.842827974
838,Hoka,0.09948,5.05558,0.13897,0.18397,165.68216,103.45677,0.07992,0.11318,16.18977,14.68837,0.04,0.03955639,0.11,15.39450416,15.40941816,15.41534844,16.17327885,-0.148256932,-0.001662644,-0.149919576,15.38850738,0.280365307,5.34461639
839,Hoka,0.08808,5.40202,0.42224,0.79961,561.91405,93.64606,0.94758,0.9561,31.11427,39.46194,0.04,0.033134056,0.11,57.09359776,56.68739075,56.53458324,31.62156759,3.820187863,0.791608399,4.611796263,57.27806962,5.180428475,5.673234056
840,Hoka,0.07487,0.45698,0.22215,0.16448,90.46957,87.63449,0.08784,0.04168,36.75043,38.24562,0.04,0.039736228,0.11,37.97433377,37.83989198,37.76853884,36.94795367,1.78382856,0.01184119,1.79566975,38.04616056,0.165951913,0.721586228
841,Hoka,0.04717,5.81991,0.6229,0.86282,105.03379,138.8381,0.95973,0.63215,8.903,28.98127,0.04,0.035071538,0.11,29.02750831,28.8696159,28.75222075,9.271203612,2.934878873,0.412426693,3.347305566,29.16140053,3.513149185,6.052151538
842,Hoka,0.03212,6.48025,0.11622,0.71727,237.45559,127.21292,0.98729,0.26654,4.31665,30.50993,0.04,0.037713965,0.11,37.07557719,36.91758868,36.73208515,4.857706541,4.637588081,0.281107743,4.918695824,37.27232502,1.51537684,6.700083965
843,Hoka,0.02994,1.76805,0.64443,0.19676,707.82866,2.73364,0.33958,0.64268,7.7509,13.94121,0.04,0.037552209,0.11,19.67478435,19.49128738,19.26113653,8.425070559,5.753771348,0.375051916,6.128823264,19.91993728,1.629591675,1.985542209
844,Hoka,0.0804,1.30191,0.21018,0.81611,812.11846,50.7162,0.36279,0.6816,11.25156,6.00527,0.04,0.037355601,0.11,33.76941595,32.58586602,32.03596279,12.87084473,13.74758053,0.973189768,14.7207703,34.35824676,1.769747349,1.569665601
845,Hoka,0.00126,2.29492,0.90037,0.87786,186.56814,1.94835,0.52302,0.92715,6.72224,6.23571,0.04,0.035886049,0.11,13.17465145,13.17132228,13.07650439,7.012881303,2.370447274,0.271746393,2.642193667,13.2803392,2.865982254,2.482066049
846,Hoka,0.05815,6.97868,0.32324,0.12386,806.90107,99.66908,0.50855,0.96526,2.10861,-5.69266,0.04,0.035907846,0.11,-2.721166332,-2.682065435,-2.657920483,2.034644416,-0.603623818,-0.068790579,-0.672414396,-2.748062908,2.849066608,7.222737846
847,Hoka,0.0881,1.68471,0.66501,0.17567,470.67338,92.51222,0.58527,0.35099,-0.06306,8.53008,0.04,0.037588997,0.11,9.256043702,8.82852159,8.646113785,0.470736054,4.560195117,0.292496284,4.852691401,9.450151358,1.603529437,1.960398997
848,Hoka,0.05433,2.00969,0.46619,0.70164,956.35849,69.35762,0.56498,0.02272,1.59299,5.52021,0.04,0.039797215,0.11,32.72661374,31.96255347,31.40287243,3.13995539,13.99202607,0.071295654,14.06332173,33.28914661,0.127386223,2.253817215
849,Hoka,0.07115,0.82889,0.49587,0.45435,43.61318,114.83714,0.78737,0.7339,-4.21998,1.26051,0.04,0.03509477,0.11,-0.49629394,-0.749792599,-0.874830929,-3.82806359,3.12595825,0.436918201,3.562876451,-0.353778882,3.49427412,1.08513477
850,Hoka,0.02124,2.15974,0.59163,0.66615,702.69744,141.63549,0.45259,0.93536,20.98608,-7.21767,0.04,0.036358797,0.11,9.68551361,9.788646008,9.965188845,20.45196683,-4.413570925,-0.44200335,-4.855574275,9.491290639,2.503660629,2.367338797
851,Hoka,0.0761,1.54078,0.69416,0.58483,640.15946,34.32905,0.06823,0.84651,19.32634,32.63385,0.04,0.039394139,0.11,47.24313564,46.04033926,45.41769632,21.06494187,15.56607359,0.239397952,15.80547154,47.87535451,0.384486734,1.806274139
852,Hoka,0.08274,6.51865,0.61118,0.14592,225.30299,28.00783,0.10774,0.55206,-0.81376,1.30459,0.04,0.039115626,0.11,1.973223033,1.939063373,1.922914273,-0.768345901,0.403727486,0.009127964,0.412855449,1.98973725,0.565230499,6.790505626
853,Hoka,0.06952,1.17122,0.02982,0.39411,783.93191,71.78745,0.30184,0.70125,36.80628,24.75772,0.04,0.037699204,0.11,38.06133249,37.99849124,37.96441379,36.90571235,0.851936467,0.051993994,0.903930461,38.09748971,1.52575913,1.428439204
854,Hoka,0.04877,0.22037,0.97491,0.19183,391.13038,20.1577,0.58443,0.40321,11.8222,4.87543,0.04,0.037330555,0.11,7.680942988,8.165897091,8.537100821,10.72839333,-9.280093255,-0.663603748,-9.943697002,7.283195108,1.787707648,0.456470555
855,Hoka,0.08964,1.04997,0.62108,0.68321,48.82905,110.13718,0.7414,0.93407,1.63141,2.41681,0.04,0.034459871,0.11,0.915481233,0.965459708,0.984672691,1.570079876,-0.480324578,-0.077222004,-0.557546582,0.893179369,4.019261546,1.324069871
856,Hoka,0.03897,4.78223,0.02745,0.43718,978.60411,54.51408,0.46214,0.82373,32.6175,-11.11905,0.04,0.036497435,0.11,7.618319269,7.814429859,7.99809764,32.06394175,-4.591694518,-0.440653176,-5.032347694,7.417025361,2.399186045,5.007697435
857,Hoka,0.05228,1.54965,0.39296,0.63044,708.79225,132.12241,0.66783,0.82534,-0.46736,4.03566,0.04,0.03528816,0.11,20.72153494,20.087524,19.65957681,0.866633944,10.6986798,1.428537872,12.12721767,21.20662365,3.338117177,1.78721816
858,Hoka,0.07372,4.5537,0.4513,0.19117,677.02459,70.53566,0.84221,0.46969,34.50946,14.03569,0.04,0.036412892,0.11,18.41377538,18.66233328,18.78510474,34.13857871,-3.069286435,-0.302361669,-3.371648104,18.27890946,2.462801008,4.813832892
859,Hoka,0.06867,4.65023,0.62489,0.6409,307.07579,133.39786,0.72455,0.03792,6.38785,19.13747,0.04,0.039661679,0.11,23.92580829,23.67843922,23.53556645,6.784101612,3.571819121,0.030468258,3.602287379,24.06989979,0.213254487,4.908561679
860,Hoka,0.03542,1.44185,0.17539,0.31444,617.46151,23.79204,0.83308,0.25831,26.38933,36.19371,0.04,0.037877196,0.11,44.01984188,43.63558578,43.22467262,27.58267194,10.27282883,0.575734253,10.84856309,44.4537844,1.40110933,1.665147196
861,Hoka,0.05102,1.22482,0.25309,0.42221,926.1689,94.09358,0.38935,0.05736,1.36849,17.66553,0.04,0.039525344,0.11,32.75108549,31.62776645,30.7575279,3.790385214,21.75596385,0.261265361,22.01722921,33.63177466,0.300222691,1.465365344
862,Hoka,0.09274,1.59695,0.43472,0.56032,831.44248,51.25246,0.30098,0.72134,1.14555,17.45752,0.04,0.037681526,0.11,35.98571045,34.22717852,33.51266304,3.231365305,17.86288704,1.099070274,18.96195732,36.74418874,1.538203583,1.877371526
863,Hoka,0.0454,5.0274,0.96511,0.51954,285.82846,14.0213,0.43831,0.35962,32.96472,-14.50128,0.04,0.037872506,0.11,-8.316846848,-7.957854183,-7.658383877,32.09491398,-7.48675767,-0.420569748,-7.907327418,-8.633139945,1.404378793,5.260672506
864,Hoka,0.03442,3.41069,0.3826,0.15461,127.44609,49.53909,0.71812,0.98805,25.48657,30.6221,0.04,0.034409778,0.11,30.59778569,30.54877411,30.49977708,25.64320202,1.224925658,0.199001777,1.423927435,30.65474279,4.061507239,3.629519778
865,Hoka,0.01349,0.08054,0.63492,0.52826,803.83929,58.24655,0.43371,0.61229,19.38849,25.48977,0.04,0.037117929,0.11,39.0782904,37.97682787,34.94613788,28.37002284,75.76724978,5.883048745,81.65029852,42.34430234,1.941158206,0.281147929
866,Hoka,0.00088,4.94218,0.31254,0.74975,412.82809,56.8344,0.27961,0.06631,28.2609,19.72079,0.04,0.039489648,0.11,32.3734802,32.37276954,32.34087896,28.34973248,0.79726441,0.010303603,0.807568012,32.40578292,0.323092398,5.132549648
867,Hoka,0.04904,4.24452,0.68199,0.36463,413.96205,101.87576,0.35494,0.24555,14.71008,-3.44695,0.04,0.038508058,0.11,0.225426523,0.38533569,0.510902401,14.35139304,-3.139167769,-0.121622765,-3.260790535,0.094994901,0.968590836,4.482068058
868,Hoka,0.0704,5.39928,0.66289,0.77222,485.43633,33.17033,0.10488,0.61012,14.5056,-12.02158,0.04,0.03912249,0.11,3.399888133,3.539035596,3.616362233,14.28818209,-1.933165911,-0.043360562,-1.976526473,3.320827074,0.560745481,5.65880249
869,Hoka,0.09959,6.28387,0.68504,0.67831,582.87688,109.94044,0.42632,0.13698,27.7492,17.81231,0.04,0.038971422,0.11,31.70364436,31.64335699,31.61976542,27.81578912,0.589789272,0.015566392,0.605355664,31.72785859,0.659828544,6.572431422
870,Hoka,0.01852,1.95186,0.93727,0.72008,912.60369,30.93827,0.10666,0.68916,7.97087,-8.7331,0.04,0.039092197,0.11,18.38130401,18.29033738,18.09832413,8.511168543,4.800331194,0.111473746,4.91180494,18.57777621,0.580552372,2.159472197
871,Hoka,0.00794,6.98758,0.95237,0.29875,147.26103,40.1685,0.15518,0.36494,7.92411,17.71537,0.04,0.038914972,0.11,17.90898697,17.89789023,17.84350367,8.077843146,1.359663897,0.03791016,1.397574057,17.96488993,0.697050206,7.184434972
872,Hoka,0.06666,4.28354,0.6375,0.50198,699.49803,109.19799,0.42513,0.1557,35.31172,4.44141,0.04,0.038859457,0.11,16.84560075,17.11920271,17.27869902,34.86023161,-3.98740764,-0.117032284,-4.104439923,16.68142315,0.73376172,4.539059457
873,Hoka,0.09541,0.19777,0.61646,0.62301,847.24662,141.5306,0.1425,0.88173,9.02185,30.25501,0.04,0.03876315,0.11,46.0591027,38.06322296,34.81465901,18.24045153,81.21409866,2.591369754,83.80546841,49.41132144,0.797697012,0.48194315
874,Hoka,0.00009,3.13764,0.02667,0.84498,431.61841,82.77945,0.99092,0.11882,-1.71962,19.19241,0.04,0.038945184,0.11,34.51237537,34.51138322,34.0820552,-0.506990438,10.73320038,0.29070473,11.02390511,34.95333157,0.677115677,3.326675184
875,Hoka,0.0154,1.87019,0.44818,0.44932,658.21633,99.04489,0.48026,0.40521,-2.79447,14.355,0.04,0.037584125,0.11,24.74194554,24.53337472,24.02435187,-1.304678411,12.72557122,0.817988681,13.5435599,25.28368794,1.606978317,2.073174125
876,Hoka,0.03641,0.26105,0.2161,0.50733,471.93135,148.18215,0.58582,0.47905,2.66519,6.05969,0.04,0.03698022,0.11,14.05234776,13.11947446,12.17199137,5.483538337,23.6870774,1.934271117,25.62134852,15.0772017,2.041483511,0.48444022
877,Hoka,0.07627,3.86364,0.7828,0.26755,102.80073,116.89339,0.6669,0.0891,30.11087,-12.27967,0.04,0.039236233,0.11,-14.62466773,-13.79026875,-13.3610217,28.90746252,-10.73117629,-0.208891681,-10.94006797,-15.06227045,0.486646747,4.129146233
878,Hoka,0.02679,2.43961,0.8757,0.26571,620.66212,98.38653,0.26527,0.7747,35.50334,17.52597,0.04,0.037871694,0.11,21.16959177,21.31647823,21.52412434,34.90022277,-5.191152574,-0.291731343,-5.482883917,20.95027642,1.404944947,2.654271694
879,Hoka,0.02552,6.46745,0.81186,0.38519,554.13668,69.05767,0.52685,0.03046,39.86679,4.99748,0.04,0.039731189,0.11,12.00796417,12.11499251,12.28162115,39.40546098,-4.165716057,-0.02818414,-4.193900197,11.84020817,0.169143432,6.682701189
880,Hoka,0.03386,4.66951,0.80727,0.34942,950.22025,42.18055,0.07808,0.67141,17.14661,-5.46874,0.04,0.039325116,0.11,7.565663239,7.632514926,7.710156696,16.92943086,-1.941044252,-0.033311551,-1.974355803,7.486689007,0.429041626,4.892695116
881,Hoka,0.05704,0.74102,0.91468,0.6048,358.10904,124.75876,0.30811,0.31361,24.05226,21.90829,0.04,0.038388017,0.11,26.2697876,26.13614289,26.04619977,24.30998999,2.248577979,0.094421916,2.342999895,26.3635076,1.049795879,0.986448017
882,Hoka,0.04696,1.69753,0.94581,0.37947,125.52558,52.02651,0.75164,0.27784,-5.29439,-6.44465,0.04,0.037804664,0.11,-6.487856922,-6.458239332,-6.434395997,-5.363766807,-0.596083383,-0.034614861,-0.630698244,-6.513084851,1.451762539,1.932294664
883,Hoka,0.06008,0.4116,0.50332,0.93442,0.06013,143.70931,0.32884,0.08862,9.72053,14.64637,0.04,0.039326527,0.11,11.39603166,11.2339333,11.12782868,10.01731461,2.652615493,0.045426455,2.698041947,11.50395334,0.428128906,0.661006527
884,Hoka,0.07235,6.87206,0.03809,0.37154,859.30495,4.11888,0.74096,0.37097,33.69565,11.5459,0.04,0.037211551,0.11,25.46663166,25.55058558,25.59376535,33.56800754,-1.079494072,-0.080891925,-1.160385997,25.42021622,1.873375842,7.131621551
885,Hoka,0.00914,2.21852,0.06403,0.21268,341.1106,128.50523,0.37338,0.99971,39.13007,20.83315,0.04,0.036859763,0.11,23.88642451,23.94510034,24.18172804,38.42390573,-5.915692574,-0.503982567,-6.419675141,23.6296375,2.129854452,2.414519763
886,Hoka,0.05088,6.35548,0.75395,0.53443,494.22645,108.43618,0.3023,0.19838,8.94367,37.51931,0.04,0.038795328,0.11,45.22720904,44.94558238,44.73084578,9.552532658,5.368415148,0.166699921,5.535115069,45.44861364,0.776299505,6.595155328
887,Hoka,0.04704,3.46364,0.74674,0.65773,307.96622,123.56453,0.23017,0.04381,13.41491,20.34717,0.04,0.039654232,0.11,25.01553121,24.86644832,24.74077298,13.76353071,3.141883372,0.027395846,3.169279217,25.14230238,0.21798904,3.700334232
888,Hoka,0.04487,0.11944,0.62269,0.59465,663.98867,121.70218,0.45273,0.31513,7.3457,22.6615,0.04,0.038020134,0.11,33.21989457,29.50275369,26.35307249,16.45836986,78.74203012,4.100423185,82.8424533,36.5335927,1.3018534,0.352330134
889,Hoka,0.01056,5.68772,0.63954,0.30474,786.75015,93.13853,0.5874,0.32302,17.83058,-4.74349,0.04,0.037733011,0.11,3.190957609,3.217402027,3.311893269,17.55511731,-2.362281058,-0.141925205,-2.504206262,3.090789358,1.501993213,5.886013011
890,Hoka,0.04981,1.63903,0.30481,0.86714,286.8032,31.64102,0.58681,0.19233,6.69201,3.20019,0.04,0.038511381,0.11,13.44678868,13.26366882,13.12208683,7.096410411,3.539549631,0.136817746,3.676367376,13.59384337,0.96634996,1.877351381
891,Hoka,0.02294,6.39834,0.24894,0.82479,131.02618,70.63208,0.63475,0.29694,10.08893,9.77105,0.04,0.037811763,0.11,13.68333424,13.67078218,13.65009275,10.1491186,0.517235745,0.029933387,0.547169132,13.705221,1.446796128,6.609091763
892,Hoka,0.06093,3.49475,0.58271,0.52102,19.78435,119.9802,0.79394,0.53194,-6.64669,33.21445,0.04,0.036144782,0.11,30.22449043,29.61761107,29.25759922,-5.551060119,9.000296255,0.959975393,9.960271648,30.62290129,2.666510541,3.741824782
893,Hoka,0.05233,4.33388,0.13074,0.22044,29.27985,91.76477,0.97072,0.3934,-4.0095,1.76536,0.04,0.036740422,0.11,1.475960188,1.412634075,1.36817338,-3.876385678,1.111517367,0.09861283,1.210130197,1.524365396,2.217977725,4.572950422
894,Hoka,0.08732,2.02552,0.39037,0.41052,248.59524,21.97811,0.4114,0.7349,38.41407,3.15183,0.04,0.036977199,0.11,7.758524829,8.943064094,9.444678211,36.92186525,-12.54035292,-1.025144844,-13.56549777,7.215904918,2.043692171,2.299817199
895,Hoka,0.06799,2.61759,0.7437,0.92766,588.10704,27.92285,0.27134,0.20242,-2.56122,15.74066,0.04,0.038837791,0.11,37.98571917,37.013108,36.45752528,-0.987646999,13.88956794,0.415641155,14.3052091,38.55792753,0.748117503,2.874417791
896,Hoka,0.00254,0.46025,0.25014,0.31196,784.76263,144.64709,0.21371,0.18432,-4.42506,35.91299,0.04,0.039021964,0.11,41.95186618,41.75932762,38.80136202,3.91322395,73.94913999,1.853441378,75.80258136,44.98396943,0.626593284,0.651811964
897,Hoka,0.00084,2.06369,0.24652,0.58755,243.81567,50.91244,0.49554,0.4236,33.32718,13.06281,0.04,0.037469361,0.11,19.00454636,19.00998534,19.2525984,32.61493309,-6.065326445,-0.409645425,-6.47497187,18.74554749,1.688472288,2.251999361
898,Hoka,0.04791,2.58163,0.9697,0.22732,348.35094,7.79414,0.23068,0.52033,8.78208,11.21781,0.04,0.038335881,0.11,14.25333789,14.15897516,14.08346945,8.998734161,1.887642757,0.081940523,1.969583281,14.33212122,1.085222868,2.817875881
899,Hoka,0.06187,2.77701,0.03488,0.71253,691.20156,57.76886,0.5226,0.87114,18.7742,5.88937,0.04,0.036013411,0.11,27.10326976,26.93062723,26.83013513,19.08114485,2.512302546,0.278105223,2.790407769,27.21488607,2.76743364,3.024893411
900,Hoka,0.08031,1.64787,0.34186,0.75639,607.7859,142.28,0.62278,0.50634,4.62568,38.63484,0.04,0.036750351,0.11,55.4242847,53.24839804,52.25269889,7.605975515,24.89247879,2.201116808,27.0935956,56.50802853,2.210624369,1.914930351
901,Hoka,0.03696,1.27664,0.99976,0.35604,395.49556,50.27209,0.15175,0.8542,28.9326,0.92161,0.04,0.038693915,0.11,5.499654209,6.091930268,6.711991936,27.16987363,-15.5015417,-0.523243433,-16.02478514,4.858662804,0.843857087,1.502293915
902,Hoka,0.03988,3.39611,0.66783,0.31632,65.51289,58.73666,0.12895,0.21189,13.20722,29.96755,0.04,0.039220018,0.11,28.98701452,28.81148834,28.63886698,13.69136943,4.315533948,0.085824533,4.401358481,29.16306886,0.497183746,3.625210018
903,Hoka,0.08973,2.17703,0.52229,0.27798,305.13859,128.0607,0.86292,0.44295,2.39942,16.65032,0.04,0.036548571,0.11,17.18514595,16.63539314,16.41146937,3.073361938,5.598094196,0.528650695,6.126744891,17.43021575,2.360851194,2.453308571
904,Hoka,0.04073,6.28629,0.76558,0.8268,75.26878,85.62834,0.19841,0.51316,20.64099,-6.00872,0.04,0.038531794,0.11,-5.988709579,-5.821213789,-5.662757778,20.18863211,-3.961400282,-0.150944183,-4.112344465,-6.153203358,0.952593603,6.515551794
905,Hoka,0.08264,1.02851,0.24179,0.40303,880.8462,11.62009,0.50252,0.29126,-1.77481,-10.08831,0.04,0.038037676,0.11,5.009136486,4.563908703,4.35897852,-1.182178633,5.123254575,0.264303303,5.387557878,5.224638801,1.289723647,1.299187676
906,Hoka,0.01615,3.03947,0.90155,0.2756,144.58189,94.95538,0.10593,0.24883,19.29917,6.20704,0.04,0.039280551,0.11,4.40337645,4.478438706,4.661007546,18.78791005,-4.564220995,-0.083596718,-4.647817714,4.217463741,0.457891491,3.244900551
907,Hoka,0.08526,3.22729,0.29613,0.35615,464.40246,107.50477,0.68916,0.2799,5.55811,29.43046,0.04,0.037853264,0.11,34.89833008,34.17542383,33.8544719,6.49078286,8.023798184,0.455045999,8.478844183,35.23748385,1.417801109,3.500403264
908,Hoka,0.00559,4.05187,0.41853,0.7846,217.12934,54.96551,0.17885,0.85217,-0.37576,29.76077,0.04,0.03847691,0.11,35.82324186,35.77513072,35.44397365,0.570970845,8.278926804,0.32771724,8.606644044,36.16750762,0.989612686,4.24593691
909,Hoka,0.04363,6.11674,0.5658,0.48781,760.48772,127.71802,0.67598,0.98049,0.38683,37.76083,0.04,0.034715958,0.11,50.43076698,50.08447242,49.80892927,1.259908195,6.888578676,1.048495823,7.937074499,50.74824996,3.805196516,6.345085958
910,Hoka,0.03927,0.6771,0.67899,0.8181,901.38874,41.955,0.22361,0.40103,-3.01392,38.02082,0.04,0.038526312,0.11,65.6678432,62.54939674,59.49000683,5.721224139,76.48474768,2.925653587,79.41040126,68.84425925,0.956286605,0.904896312
911,Hoka,0.03023,5.55968,0.24418,0.73103,459.13485,127.29532,0.16886,0.50929,-5.47028,9.98701,0.04,0.038716885,0.11,23.03002271,22.87988851,22.68760507,-4.923976265,4.807086112,0.159311475,4.966397587,23.22867862,0.828524137,5.778626885
912,Hoka,0.05455,3.22572,0.20106,0.37789,677.78317,20.41158,0.02678,0.02756,9.33453,31.47909,0.04,0.039874711,0.11,42.05507023,41.53471158,41.15434218,10.3838325,9.509235015,0.029878634,9.539113648,42.43663478,0.078551623,3.470144711
913,Hoka,0.03817,0.47614,0.17245,0.91524,658.57005,30.07811,0.56573,0.5097,34.16795,28.51464,0.04,0.036913951,0.11,53.33607218,52.22956776,51.15947476,37.35672354,26.75232503,2.23652535,28.98885038,54.4956262,2.090028949,0.701223951
914,Hoka,0.0238,0.86893,0.65189,0.77699,52.48707,138.69784,0.5421,0.02214,29.41711,20.55349,0.04,0.0398026,0.11,18.80275125,19.04506668,19.45030971,28.29716472,-10.13107578,-0.050244934,-10.18132072,18.39549842,0.123987163,1.0825326
915,Hoka,0.01568,0.2452,0.15856,0.85795,461.97508,131.57114,0.11053,0.70529,-3.43419,-14.9756,0.04,0.039058346,0.11,0.924712082,0.757985585,0.342675553,-2.264552582,10.38275079,0.250316647,10.63306744,1.350034779,0.602722371,0.449938346
916,Hoka,0.04533,5.83327,0.37989,0.35291,558.76499,115.43142,0.5279,0.13069,36.16925,28.02629,0.04,0.038959699,0.11,34.70308541,34.71411164,34.72358833,36.14249322,-0.236917318,-0.00632616,-0.243243478,34.69335567,0.667549351,6.067559699
917,Hoka,0.03578,4.94597,0.95018,0.85934,806.25439,56.3702,0.49843,0.32766,24.02094,3.27916,0.04,0.037870541,0.11,31.01957747,30.97076075,30.91909178,24.17101935,1.291724141,0.072633595,1.364357736,31.07415178,1.405748957,5.169620541
918,Hoka,0.01394,6.48313,0.03616,0.24213,928.5487,88.72518,0.69694,0.13001,23.08067,4.744,0.04,0.038907473,0.11,14.43175911,14.44990028,14.5005335,22.93751872,-1.265830602,-0.035544692,-1.301375295,14.3797041,0.702003339,6.685977473
919,Hoka,0.06253,0.87815,0.48579,0.80561,807.12318,46.35112,0.9815,0.44012,28.60614,22.27187,0.04,0.036376639,0.11,48.81979741,47.65706131,46.9806431,30.65157373,16.91045534,1.684396761,18.5948521,49.5635915,2.490170619,1.127056639
920,Hoka,0.01363,4.99348,0.53768,0.78928,336.25666,34.71404,0.07166,0.4354,18.39266,14.71378,0.04,0.039410338,0.11,25.38715778,25.36866954,25.31521188,18.54186813,1.336441568,0.019995976,1.356437544,25.44141529,0.374052565,5.196520338
921,Hoka,0.02374,5.50563,0.33975,0.33294,835.9854,6.08676,0.96735,0.34026,12.61886,25.98201,0.04,0.037148345,0.11,37.81597851,37.71060061,37.5457053,13.10713166,4.122382696,0.316450578,4.438833274,37.99353184,1.919099957,5.716518345
922,Hoka,0.0106,0.58317,0.61773,0.7475,786.49682,80.5692,0.67857,0.62123,-7.2946,7.60054,0.04,0.036051295,0.11,29.03361164,28.51310886,26.74284477,-1.893156018,44.25660206,4.847434143,49.1040362,30.99777309,2.738254813,0.779821295
923,Hoka,0.0558,5.46935,0.8352,0.29499,517.47548,30.68807,0.59281,0.08724,15.43046,-0.65573,0.04,0.039262562,0.11,4.9407969,5.04394823,5.116528614,15.22711508,-1.81450961,-0.034080527,-1.848590138,4.866853295,0.46955562,5.714412562
924,Hoka,0.0748,0.70773,0.11673,0.56939,312.94202,48.72712,0.6137,0.94528,-0.64469,2.95857,0.04,0.035234879,0.11,9.999568609,9.141387229,8.737137003,0.617341441,10.10625564,1.366757465,11.4730131,10.45848913,3.38096896,0.967764879
925,Hoka,0.04869,4.49227,0.67855,0.49904,750.813,7.60546,0.85375,0.79647,-3.2406,26.72221,0.04,0.034484843,0.11,42.39888806,41.92461363,41.58870731,-2.169123576,8.397658131,1.343036637,9.740694768,42.78851585,3.998247535,4.725444843
926,Hoka,0.07084,2.2878,0.69242,0.60905,31.0873,85.9343,0.69251,0.97408,14.0402,0.00318,0.04,0.034627001,0.11,-1.512172362,-1.072055484,-0.85692381,13.3567887,-5.378291856,-0.834538159,-6.212830015,-1.760685563,3.879197065,2.543267001
927,Hoka,0.0503,1.0461,0.56159,0.66482,697.4246,71.27142,0.88217,0.24204,26.90231,27.90351,0.04,0.037968582,0.11,45.71767215,44.95711556,44.38301507,28.56555501,14.35251233,0.767896867,15.12040919,46.32248851,1.337565246,1.284368582
928,Hoka,0.03465,6.33585,0.54875,0.35982,238.19956,135.97162,0.25282,0.75449,29.71716,7.85454,0.04,0.037975639,0.11,8.467308941,8.580265923,8.704064296,29.3585664,-3.094959327,-0.16498245,-3.259941777,8.33691127,1.332670581,6.558475639
929,Hoka,0.0128,3.87803,0.12071,0.47252,382.75603,100.04233,0.88736,0.35734,20.93989,15.02781,0.04,0.037105585,0.11,22.35224392,22.34776684,22.33478838,20.97836484,0.324461699,0.025309586,0.349771284,22.36623477,1.950121212,4.077935585
930,Hoka,0.03488,3.59147,0.59492,0.46221,711.92005,99.19558,0.83678,0.83392,-3.11631,-2.60011,0.04,0.034373921,0.11,9.012235604,8.900043972,8.789480145,-2.762494647,2.764095673,0.45240754,3.216503212,9.140895733,4.091822364,3.810723921
931,Hoka,0.00436,5.43421,0.07525,0.47189,629.49331,14.9651,0.13131,0.1396,18.49144,-11.44267,0.04,0.039348344,0.11,1.544962948,1.558185518,1.677517221,18.15784306,-2.983292589,-0.04940689,-3.032699479,1.423654969,0.414029874,5.627918344
932,Hoka,0.05359,1.85304,0.28056,0.60644,562.91414,67.27941,0.74673,0.60734,36.63058,27.67737,0.04,0.035877035,0.11,41.60212362,41.47231894,41.38541826,36.89701991,2.172516862,0.249664175,2.422181037,41.69901086,2.872983172,2.092507035
933,Hoka,0.04116,2.05001,0.11352,0.24999,510.2651,10.16024,0.62685,0.23508,7.49872,21.50347,0.04,0.03820225,0.11,26.65724804,26.3051114,25.97827924,8.439804308,8.170804078,0.384507815,8.555311893,26.99946052,1.176468714,2.27937225
934,Hoka,0.00112,5.43183,0.49168,0.89262,142.67166,92.93788,0.87974,0.76159,-7.18946,32.29142,0.04,0.034560108,0.11,35.53526849,35.52668909,35.26195246,-6.346840257,6.618415721,1.04176376,7.660179482,35.84167567,3.935094909,5.617510108
935,Hoka,0.03685,3.12899,0.73646,0.13726,725.68487,106.00672,0.99,0.67864,27.35754,15.00187,0.04,0.034667818,0.11,16.07462444,16.20021709,16.31837239,26.98263658,-2.95388265,-0.454330283,-3.408212933,15.93829592,3.845195771,3.350507818
936,Hoka,0.01781,4.07923,0.03649,0.48577,770.65697,54.80171,0.02981,0.69784,28.90986,-0.39942,0.04,0.03973316,0.11,15.91266565,15.96717293,16.08877575,28.57320642,-3.040070549,-0.020416521,-3.06048707,15.79024617,0.167895126,4.28677316
937,Hoka,0.01159,3.77144,0.07996,0.99347,244.11848,148.78031,0.0814,0.56154,-8.74413,31.1513,0.04,0.039313391,0.11,40.67589748,40.53023927,40.03616521,-7.361696554,12.35185153,0.215725252,12.56757678,41.17860055,0.436625334,3.972343391
938,Hoka,0.04336,3.53471,0.91881,0.25436,453.71317,63.2837,0.69522,0.65152,-6.73339,-12.55723,0.04,0.035853755,0.11,-10.03219696,-9.993786865,-9.962026113,-6.830832587,-0.794018789,-0.091822914,-0.885841703,-10.06763063,2.891081271,3.763923755
939,Hoka,0.09668,3.54753,0.97036,0.92893,934.76084,44.0614,0.22929,0.93296,1.61901,21.68464,0.04,0.038041809,0.11,56.99497746,55.58321769,55.02771608,3.225273699,13.88754031,0.714856961,14.60239727,57.57907335,1.286867482,3.832251809
940,Hoka,0.04782,6.74854,0.66604,0.94815,393.12932,99.47478,0.57587,0.53604,5.30539,-7.04337,0.04,0.036774893,0.11,6.276746206,6.270056108,6.264911239,5.320779184,0.128621729,0.011279946,0.139901676,6.282342273,2.192465164,6.983134893
941,Hoka,0.06592,2.01718,0.97622,0.46654,770.1452,32.50421,0.49359,0.03121,12.50745,36.87474,0.04,0.039725852,0.11,50.43751428,49.3177002,48.64285843,14.3760718,16.87104406,0.11642688,16.98747094,51.11701312,0.17252471,2.272825852
942,Hoka,0.06968,2.36475,0.56966,0.12297,194.0699,21.33292,0.73716,0.5851,-0.91319,-7.62934,0.04,0.036020774,0.11,-7.02536526,-6.860317984,-6.774997509,-1.173741096,-2.133011858,-0.235634474,-2.368646332,-7.120111113,2.761757662,2.620450774
943,Hoka,0.0194,0.06988,0.51021,0.84691,819.69785,115.59139,0.11744,0.93853,18.78278,30.04957,0.04,0.038963772,0.11,52.07829827,49.36707083,43.9217281,34.15571913,136.1335682,3.620423914,139.7539921,57.66845796,0.664866124,0.278243772
944,Hoka,0.04333,6.18378,0.44356,0.557,482.11404,24.25833,0.1257,0.41114,34.96206,-2.87738,0.04,0.039050761,0.11,8.496366217,8.676217158,8.838306151,34.50548018,-4.052224821,-0.098500792,-4.150725613,8.330337192,0.607695751,6.416160761
945,Hoka,0.05187,4.23168,0.97319,0.60972,583.64456,127.1788,0.55383,0.87577,29.01882,-2.44207,0.04,0.035804577,0.11,7.840084709,8.088098495,8.259296271,28.49286055,-4.279944402,-0.501505113,-4.781449515,7.648826728,2.929390349,4.469354577
946,Hoka,0.09405,0.95812,0.55518,0.6316,671.23369,109.41469,0.35457,0.26589,-8.31467,-9.52677,0.04,0.038428807,0.11,5.794731662,4.689458844,4.237844646,-7.021953254,11.29035494,0.461615476,11.75197042,6.264810479,1.022145625,1.240598807
947,Hoka,0.08026,6.83891,0.07573,0.32178,968.51216,74.00733,0.43591,0.45776,15.1611,28.16879,0.04,0.037537552,0.11,41.32691152,41.0297338,40.89074397,15.56839565,3.474745858,0.227941897,3.702687755,41.47501903,1.639989704,7.106707552
948,Hoka,0.09307,1.90016,0.83731,0.42576,978.31757,120.30187,0.0555,0.36067,7.99196,-2.83728,0.04,0.03954404,0.11,10.83992675,10.71622717,10.66366908,8.138161297,1.31395224,0.015150457,1.329102697,10.89309086,0.288261185,2.18277404
949,Hoka,0.06935,3.42525,0.32968,0.23291,684.1257,5.30609,0.68265,0.61706,1.05109,1.94262,0.04,0.036054828,0.11,8.710225555,8.564328436,8.488477021,1.282505762,1.896285352,0.207494302,2.103779654,8.794376741,2.735536367,3.680654828
950,Hoka,0.06468,0.73519,0.79769,0.73693,221.95894,120.13794,0.47615,0.12628,37.62558,17.74667,0.04,0.039012921,0.11,21.37665664,22.48425416,23.15232179,35.74191076,-16.70169091,-0.422574882,-17.12426579,20.69168601,0.632533083,0.988882921
951,Hoka,0.00242,0.37227,0.41659,0.68536,422.21033,9.77808,0.37546,0.02873,33.30692,2.13049,0.04,0.039751275,0.11,15.86485226,15.94533754,17.2674006,29.64849809,-33.05157663,-0.206804355,-33.25838098,14.53451702,0.156425484,0.564441275
952,Hoka,0.09877,4.69547,0.6118,0.48439,233.91205,14.48003,0.5767,0.63281,31.54237,15.32872,0.04,0.036409845,0.11,19.9635837,20.19505866,20.28038788,31.28457669,-2.133230606,-0.210344968,-2.343575575,19.86984068,2.465098802,4.980649845
953,Hoka,0.0603,2.0558,0.76184,0.46427,170.9571,46.60697,0.51416,0.44234,0.5046,-0.37721,0.04,0.037341795,0.11,1.512081189,1.48524104,1.468619823,0.55356213,0.415530411,0.029579859,0.44511027,1.5298856,1.779644632,2.303441795
954,Hoka,0.02362,3.16876,0.72072,0.14208,785.54134,29.22339,0.42285,0.48979,31.08231,-1.52744,0.04,0.03748877,0.11,2.748759549,2.949138219,3.267171661,30.14913245,-7.95083607,-0.532596184,-8.483432254,2.409422259,1.674654651,3.37986877
955,Hoka,0.0444,6.32116,0.94196,0.95566,618.20111,87.50437,0.06769,0.20145,11.28687,32.84594,0.04,0.039518714,0.11,54.68231165,54.38657345,54.12334838,12.01955471,6.580626771,0.080143352,6.660770123,54.94874245,0.304467015,6.555078714
956,Hoka,0.0398,5.2846,0.38768,0.7529,512.42695,142.57346,0.91456,0.47294,15.13696,19.38395,0.04,0.036253034,0.11,33.61982424,33.48535802,33.3628754,15.50860029,3.062065487,0.31648258,3.378548067,33.75496616,2.583897876,5.510653034
957,Hoka,0.00432,5.99151,0.9152,0.76572,71.67339,137.05825,0.46578,0.75607,22.94811,32.58511,0.04,0.036616528,0.11,29.47504263,29.47045222,29.43154368,23.06499544,0.972713441,0.089881503,1.062594945,29.51754643,2.31007148,6.182446528
958,Hoka,0.02604,5.52771,0.28489,0.53033,879.9739,38.88337,0.87302,0.45136,39.222,10.57298,0.04,0.036474626,0.11,30.44323836,30.48334186,30.53951544,39.05259198,-1.404339585,-0.135733345,-1.54007293,30.38163544,2.416319861,5.740224626
959,Hoka,0.06136,3.98278,0.07771,0.42633,92.59516,49.66094,0.30061,0.45339,20.68067,-13.10627,0.04,0.038082545,0.11,-11.25301273,-10.78561131,-10.49552272,19.84276002,-7.252214706,-0.365148729,-7.617363435,-11.55770726,1.258749028,4.232222545
960,Hoka,0.01681,1.14766,0.64038,0.98081,584.75335,133.53865,0.62653,0.80579,30.80682,-1.12738,0.04,0.035580415,0.11,20.40822865,20.54165888,20.82408021,29.93368944,-7.060533452,-0.877017066,-7.937550519,20.09072663,3.105349873,1.350050415
961,Hoka,0.05282,6.29932,0.24261,0.15652,292.40862,66.67922,0.82482,0.14224,4.35047,31.68492,0.04,0.038778229,0.11,32.79644698,32.56532324,32.39564189,4.831795462,4.242033813,0.133652202,4.375686015,32.97147442,0.787665821,6.540918229
962,Hoka,0.0114,4.50907,0.71304,0.37619,501.97412,114.26717,0.79126,0.37179,19.08512,25.07508,0.04,0.037131151,0.11,29.65237304,29.62656392,29.54250055,19.33415538,2.101584168,0.162373848,2.263958016,29.74293136,1.931564889,4.707601151
963,Hoka,0.03404,1.51644,0.79422,0.46327,726.10764,62.79745,0.15121,0.22366,7.17627,-0.60818,0.04,0.039114888,0.11,11.74129065,11.64986104,11.54480055,7.471724096,2.626512238,0.059434093,2.685946331,11.84872851,0.565713078,1.739594888
964,Hoka,0.06166,1.73961,0.69462,0.58991,360.6776,140.62317,0.59743,0.60368,16.93474,2.34438,0.04,0.036432417,0.11,7.541108344,7.838490184,8.014201168,16.40421774,-4.392774613,-0.430154995,-4.822929608,7.34819116,2.448082548,1.987702417
965,Hoka,0.08906,5.99849,0.78396,0.5009,67.06825,138.78766,0.38484,0.88068,11.11999,2.28491,0.04,0.036918538,0.11,-0.907897467,-0.736077905,-0.664852584,10.90777181,-1.780633002,-0.14862326,-1.929256262,-0.985067718,2.086663276,6.274468538
966,Hoka,0.09726,0.6972,0.46043,0.4408,545.07158,72.91352,0.94001,0.62709,8.85172,-7.00839,0.04,0.035161982,0.11,2.259044025,2.941450011,3.188157261,8.079926267,-6.16768124,-0.848625424,-7.016306664,1.978391759,3.439807405,0.979621982
967,Hoka,0.07893,0.02534,0.52212,0.99557,464.96197,144.39445,0.29148,0.7648,16.0019,-0.20145,0.04,0.037698775,0.11,16.55849342,16.38413881,16.30086305,16.24488755,2.081893874,0.127083894,2.208977768,16.64685253,1.526061144,0.291968775
968,Hoka,0.06074,2.77212,0.30032,0.51736,514.79896,75.6668,0.7258,0.68655,31.7149,-6.54117,0.04,0.035574495,0.11,4.417265813,4.973953664,5.299997277,30.70673958,-8.151090307,-1.014004389,-9.165094695,4.050662025,3.110026851,3.018434495
969,Hoka,0.00567,2.7859,0.16849,0.78792,361.42955,111.97459,0.34641,0.88639,17.39762,19.50831,0.04,0.037185489,0.11,30.88606268,30.86003824,30.68936248,17.90250334,4.26689406,0.322954511,4.589848571,31.06965662,1.892210745,2.978755489
970,Hoka,0.02978,1.25235,0.55178,0.73222,79.72515,19.69629,0.10062,0.671,17.42117,13.89644,0.04,0.039143484,0.11,16.00168999,16.03122461,16.07004556,17.31207638,-0.970523695,-0.021236458,-0.991760153,15.96201958,0.547036047,1.471273484
971,Hoka,0.0033,6.9821,0.75452,0.43287,542.84649,74.91547,0.20436,0.23956,10.85526,38.99315,0.04,0.038899714,0.11,46.55199718,46.5354855,46.34084932,11.40564914,4.865904601,0.137633042,5.003537643,46.75213868,0.707129779,7.174299714
972,Hoka,0.03601,5.98009,0.33857,0.40834,119.49914,100.61342,0.73968,0.49967,10.82885,18.90728,0.04,0.036464084,0.11,19.49155612,19.44093692,19.38967942,10.98347682,1.281437576,0.124260766,1.405698343,19.54778405,2.424245404,6.202564084
973,Hoka,0.03276,2.15254,0.27603,0.96518,976.19708,144.98965,0.71764,0.15414,14.25982,-7.38085,0.04,0.03871607,0.11,31.54827212,31.30561326,31.01883678,15.07460862,7.16941202,0.237757257,7.407169278,31.84455889,0.829068188,2.37401607
974,Hoka,0.08354,1.67868,0.73785,0.15077,455.96152,93.33077,0.39386,0.99648,19.53444,31.51186,0.04,0.0367056,0.11,31.2609751,30.74778865,30.52230605,20.2101703,5.637065021,0.50593767,6.14300269,31.50669521,2.243799157,1.9489256
975,Hoka,0.05562,3.23616,0.33773,0.63386,516.09826,38.19054,0.65471,0.20821,27.75405,-3.09616,0.04,0.038357847,0.11,10.76382553,11.03852274,11.22796528,27.21077971,-4.736063357,-0.202757477,-4.938820834,10.5662727,1.070284865,3.480137847
976,Hoka,0.06675,6.12538,0.96211,0.79569,504.19801,130.31712,0.54246,0.27307,23.74809,36.52827,0.04,0.038071747,0.11,48.3645275,48.10536427,47.95754708,24.17517548,3.695429686,0.187165613,3.8825953,48.51983132,1.266196555,6.380201747
977,Hoka,0.05631,1.00437,0.30384,0.75777,689.27368,15.86017,0.16737,0.33034,-6.34234,22.34266,0.04,0.038890934,0.11,43.20383931,40.89728144,39.30423953,-1.836544126,39.82604788,1.135732797,40.96178067,44.84231054,0.712933405,1.249570934
978,Hoka,0.06553,5.01639,0.91684,0.19425,386.11116,134.46693,0.58981,0.16668,9.53267,-14.1699,0.04,0.03868156,0.11,-16.07332523,-15.75252831,-15.5631658,8.994173721,-4.734062701,-0.161358014,-4.895420715,-16.26914206,0.85211173,5.27060156
979,Hoka,0.09569,3.00119,0.12111,0.76725,682.24154,67.90212,0.75097,0.43338,4.19459,-10.67983,0.04,0.036816533,0.11,11.62962302,11.41028737,11.32589842,4.446726297,2.109723701,0.182424454,2.292148155,11.72130895,2.161710248,3.283696533
980,Hoka,0.09474,3.10058,0.62219,0.54323,293.90421,45.92938,0.81722,0.37952,-4.67645,12.0764,0.04,0.037042923,0.11,17.51004579,16.88116477,16.63527505,-3.946273597,6.147242792,0.490724508,6.6379673,17.77556448,1.995709802,3.382362923
981,Hoka,0.07125,4.42537,0.42146,0.40612,716.88783,28.88486,0.98545,0.12434,5.23898,28.70389,0.04,0.038898331,0.11,40.52909893,39.98784158,39.69234673,6.074605393,7.387371154,0.209223331,7.596594485,40.83296271,0.708043927,4.685518331
982,Hoka,0.07898,0.18416,0.30977,0.39563,179.01653,62.61191,0.1126,0.32968,20.76501,29.16818,0.04,0.039180808,0.11,30.46336866,28.60564926,27.68406218,23.35236294,23.03967683,0.481713508,23.52139034,31.40422428,0.52269994,0.452320808
983,Hoka,0.00231,4.74981,0.91546,0.60785,132.30707,54.59652,0.64724,0.54161,32.28862,-2.28167,0.04,0.036515529,0.11,-0.688829507,-0.673278665,-0.427457356,31.5481037,-6.145532732,-0.586433612,-6.731966343,-0.958108161,2.385609342,4.938635529
984,Hoka,0.05261,1.43421,0.72917,0.18878,575.57522,49.12435,0.3492,0.20646,20.12874,38.59846,0.04,0.03868389,0.11,41.24875156,40.56937451,40.0698317,21.54922043,12.48857027,0.4248882,12.91345847,41.7652899,0.850554129,1.67550389
985,Hoka,0.00622,4.25176,0.9465,0.44036,988.39497,59.35852,0.37582,0.55538,32.36554,5.59651,0.04,0.037526083,0.11,22.17024259,22.18463702,22.27148052,32.11097612,-2.171087536,-0.143129542,-2.314217078,22.0776739,1.648131867,4.445506083
986,Hoka,0.00604,3.19306,0.12713,0.13773,843.44712,10.64287,0.60572,0.09859,10.28704,1.65124,0.04,0.039171867,0.11,6.686211238,6.69270683,6.734833393,10.16874281,-1.053164077,-0.022264952,-1.075429029,6.643194077,0.528525245,3.388271867
987,Hoka,0.01439,1.05175,0.72165,0.62653,187.97099,20.66824,0.76627,0.92268,30.92085,-2.67794,0.04,0.034355165,0.11,2.72567367,3.060849389,3.861059064,28.35870065,-20.00524187,-3.287024918,-23.29226678,1.793982999,4.107704545,1.250495165
988,Hoka,0.01845,4.74313,0.54349,0.59804,999.39879,94.77317,0.91629,0.19157,-0.82938,-1.17722,0.04,0.038352258,0.11,22.38031301,22.29309819,22.11180361,-0.30940007,4.532364587,0.194725685,4.727090271,22.56939662,1.074084404,4.949932258
989,Hoka,0.02304,5.98457,0.641,0.46389,416.38731,121.13505,0.15977,0.58459,32.24902,-8.28767,0.04,0.038731862,0.11,-3.036220126,-2.904165742,-2.682173026,31.61855202,-5.549817887,-0.181709198,-5.731527085,-3.265481209,0.818536761,6.196341862
990,Hoka,0.02052,2.21024,0.43796,0.4119,257.72805,92.71311,0.42001,0.43807,-4.46732,18.13967,0.04,0.037654627,0.11,20.56876927,20.35276801,19.95640121,-3.309418519,9.909170052,0.617207051,10.5263771,20.98982435,1.557161315,2.418414627
991,Hoka,0.06029,5.87929,0.8502,0.96962,197.20042,50.19686,0.63615,0.8482,-4.55797,1.72388,0.04,0.035387949,0.11,8.098598513,7.973196946,7.899590971,-4.32917298,1.840149376,0.239823537,2.079972913,8.181797429,3.258207459,6.124967949
992,Hoka,0.06504,1.39078,0.47526,0.39284,863.83658,12.20209,0.63761,0.96109,24.3973,2.74049,0.04,0.03503124,0.11,17.41709353,17.70068805,17.85343509,23.91766598,-3.818676029,-0.541633218,-4.360309246,17.24268116,3.545948999,1.64085124
993,Hoka,0.07969,6.95263,0.569,0.61073,121.45214,39.97712,0.1407,0.03517,13.90515,33.71602,0.04,0.039737472,0.11,35.82988917,35.5866187,35.46531172,14.24094811,3.03267452,0.02003555,3.05271007,35.95199757,0.165164032,7.222057472
994,Hoka,0.0907,3.65162,0.09277,0.13186,38.56115,94.47815,0.94988,0.38345,36.78081,24.60808,0.04,0.036840348,0.11,24.57362801,24.8583145,24.9739479,36.43554524,-2.890835026,-0.247935531,-3.138770557,24.44807719,2.144151506,3.929160348
995,Hoka,0.07025,6.1382,0.6473,0.88094,380.34566,90.89734,0.86436,0.71029,20.00921,-14.93259,0.04,0.034909193,0.11,-2.779382772,-2.527406047,-2.402191752,19.6146557,-3.130357375,-0.45649992,-3.586857295,-2.922857064,3.645749233,6.393359193
996,Hoka,0.01075,6.75502,0.10829,0.41433,449.65983,122.06426,0.69437,0.12332,-9.13616,35.09577,0.04,0.038960072,0.11,42.32370563,42.24370344,41.95376008,-8.31753293,7.248584,0.193480274,7.442064274,42.6213882,0.667303689,6.954730072
997,Hoka,0.04163,2.39592,0.62165,0.91721,182.99225,53.99924,0.35645,0.23187,39.52051,-4.37216,0.04,0.038561736,0.11,2.045462101,2.648717646,3.207511333,37.92651264,-13.96984219,-0.521042859,-14.49088505,1.465826699,0.932442277,2.626111736
998,Hoka,0.07456,2.69467,0.92847,0.283,683.67879,148.4167,0.18772,0.40767,-8.05263,39.72154,0.04,0.038697563,0.11,41.4636506,40.19839167,39.54170663,-6.185965819,16.417126,0.552548381,16.96967438,42.14243757,0.841420692,2.957927563
999,Hoka,0.04829,4.61646,0.4027,0.71128,108.19621,109.72808,0.20726,0.31262,-0.15849,-6.84171,0.04,0.03874131,0.11,-5.373576991,-5.321258095,-5.279284548,-0.277667439,-1.049338677,-0.03409259,-1.083431267,-5.416914242,0.812239914,4.85349131
1000,Hoka,0.06909,3.60729,0.10998,0.22999,39.82203,73.61649,0.55444,0.85929,31.56566,-11.52072,0.04,0.035842627,0.11,-11.02877618,-10.25884469,-9.859418322,30.33983188,-9.9856591,-1.158232908,-11.14389201,-11.47453186,2.899740759,3.862222627
1001,Hoka,0.09641,4.92201,0.19385,0.67958,422.8481,91.86321,0.48874,0.43259,11.37047,27.25873,0.04,0.037454553,0.11,38.76622861,38.25494537,38.05631571,11.95382397,4.965741437,0.337476504,5.303217941,38.97835733,1.69902374,5.205874553
1002,Hoka,0.08211,6.35072,0.59328,0.62598,112.03238,72.74226,0.323,0.7845,38.06836,4.23006,0.04,0.037463703,0.11,5.600187025,6.005330291,6.190181918,37.52560322,-4.621290686,-0.312861867,-4.934152553,5.402820923,1.692502639,6.620293703
1003,Hoka,0.00049,3.8525,0.92096,0.31645,295.39271,69.66531,0.47721,0.81519,8.57802,18.25711,0.04,0.036421057,0.11,19.42333906,19.42201032,19.32324628,8.876310193,2.469100916,0.242628114,2.71172903,19.53180823,2.456644363,4.039411057
1004,Hoka,0.07687,5.70937,0.09216,0.96575,132.50027,110.77936,0.39049,0.4215,23.63693,33.79775,0.04,0.03780664,0.11,38.81512046,38.61850126,38.52179889,23.91828959,2.417559319,0.140255168,2.557814487,38.91743304,1.450379796,5.97404664
1005,Hoka,0.0867,5.44775,0.05154,0.90835,119.83393,125.73965,0.19021,0.23784,37.40095,28.2931,0.04,0.038949627,0.11,32.77653935,32.84708452,32.87877665,37.31144632,-0.792303378,-0.021366425,-0.813669803,32.74399255,0.674186985,5.723399627
1006,Hoka,0.02775,1.08842,0.68998,0.62226,854.08026,0.36202,0.5879,0.95424,-3.0434,31.83328,0.04,0.035383284,0.11,53.14772655,51.9117076,50.33569283,1.856134563,39.40036929,5.140854011,44.5412233,54.92937548,3.261932631,1.301553284
1007,Hoka,0.03046,0.85581,0.21266,0.33262,536.71386,108.23068,0.89397,0.49728,8.71948,-0.7854,0.04,0.036128583,0.11,6.078047144,6.155980266,6.248416683,8.438040623,-2.310910431,-0.247629361,-2.558539792,5.975705552,2.678915607,1.072398583
1008,Hoka,0.09112,2.25432,0.62794,0.20314,11.4154,86.19408,0.24023,0.69513,35.13205,4.56037,0.04,0.038109973,0.11,2.826175544,4.006705837,4.500450103,33.70691466,-12.34360665,-0.612169178,-12.95577582,2.307944511,1.239850709,2.533549973
1009,Hoka,0.07337,0.61871,0.23554,0.20037,291.67209,102.38931,0.37393,0.41355,29.27094,17.79383,0.04,0.037887368,0.11,19.74011217,20.57261693,21.00251218,28.02280692,-10.74738119,-0.599283212,-11.3466644,19.28624559,1.394021485,0.879967368
1010,Hoka,0.09992,5.37214,0.20074,0.44846,527.56565,119.35047,0.95833,0.84468,27.24651,-12.4214,0.04,0.033729002,0.11,-2.961294092,-2.42381596,-2.242384805,26.65481069,-4.535778881,-0.843305711,-5.379084592,-3.176457476,4.648075521,5.655789002
1011,Hoka,0.0572,0.0008,0.75699,0.87949,628.67413,118.25366,0.2472,0.70603,34.35348,38.91761,0.04,0.038053722,0.11,55.04795524,49.30322046,45.48139282,45.40104688,95.54569104,4.886735116,100.4324262,59.06525228,1.278638278,0.246053722
1012,Hoka,0.08978,2.89696,0.55835,0.95011,688.99475,11.8173,0.26552,0.33235,4.01374,12.60141,0.04,0.038479528,0.11,40.31318778,39.27371848,38.82820403,5.287315652,11.13786146,0.440099018,11.57796047,40.77630619,0.987844524,3.175219528
1013,Hoka,0.0221,4.06621,0.54818,0.85864,34.41824,47.75235,0.20227,0.61782,33.1469,-3.92804,0.04,0.038423708,0.11,-3.435871085,-3.245045015,-2.913269214,32.19708698,-8.294395036,-0.340268741,-8.634663777,-3.781257636,1.025598431,4.276733708
1014,Hoka,0.06736,1.35763,0.41225,0.65357,987.22152,3.58422,0.149,0.75173,35.41595,32.49123,0.04,0.038744435,0.11,59.85869205,58.81247798,58.21071176,37.12443497,15.04415552,0.487526005,15.53168153,60.47995931,0.810158477,1.613734435
1015,Hoka,0.0543,1.46011,0.14479,0.70609,644.74072,84.23094,0.95149,0.25223,17.43957,-9.98609,0.04,0.037849153,0.11,9.468725215,9.729103912,9.910597706,16.91209934,-4.537344855,-0.257842931,-4.795187786,9.276917704,1.420670783,1.702259153
1016,Hoka,0.02768,0.43786,0.65061,0.3271,842.82433,137.74949,0.3853,0.60859,12.36705,-1.84797,0.04,0.037367021,0.11,6.617139051,6.876815527,7.227369582,11.33509869,-8.763851372,-0.617524195,-9.381375567,6.241884028,1.76156626,0.652907021
1017,Hoka,0.09074,5.65404,0.51619,0.85396,935.94613,111.00349,0.98633,0.4508,24.62768,10.35097,0.04,0.036290016,0.11,42.4888963,42.21378045,42.10375225,24.96119051,2.750704998,0.281208772,3.03191377,42.61017286,2.555788171,5.931070016
1018,Hoka,0.01597,0.71289,0.42235,0.83881,409.89003,88.2985,0.25369,0.49543,34.6933,14.92932,0.04,0.038240751,0.11,28.5373223,28.64940858,28.91780331,33.92125922,-6.709868052,-0.308684481,-7.018552532,28.2565802,1.150113826,0.917100751
1019,Hoka,0.02296,3.45237,0.80194,0.16748,202.47769,130.11834,0.23973,0.91947,35.71892,-13.49353,0.04,0.037965787,0.11,-15.9851745,-15.65753743,-15.11576918,34.14923021,-13.54420623,-0.725700935,-14.26990716,-16.55597079,1.339504366,3.663295787
1020,Hoka,0.0971,0.67508,0.1889,0.61234,192.99978,140.93093,0.8113,0.45185,13.58428,20.61775,0.04,0.036586347,0.11,24.13908293,23.02359653,22.60329198,14.84796181,10.50761393,0.980402546,11.48801648,24.59860359,2.332600323,0.958766347
1021,Hoka,0.02932,4.62431,0.83123,0.38958,783.14917,26.80737,0.64401,0.46384,-5.65645,28.55014,0.04,0.036892011,0.11,40.46221452,40.18053698,39.82611505,-4.599678864,8.860548303,0.746462021,9.607010324,40.84649493,2.106139472,4.840522011
1022,Hoka,0.07695,1.93404,0.69179,0.7653,153.64799,22.38284,0.90313,0.70502,21.32351,33.95829,0.04,0.034795581,0.11,38.08650009,37.48815111,37.21758711,22.17884966,6.764100023,1.011715084,7.775815107,38.39753269,3.739281947,2.195785581
1023,Hoka,0.08911,5.19499,0.33573,0.66938,991.63021,108.32067,0.35872,0.95537,18.22342,-0.73743,0.04,0.037019592,0.11,26.4804931,26.34501684,26.28873499,18.39065588,1.407046341,0.113279802,1.520326143,26.54130615,2.012723375,5.471119592
1024,Hoka,0.05942,4.13433,0.15704,0.30823,402.60928,70.8563,0.72618,0.23257,39.49101,39.90647,0.04,0.0381391,0.11,44.76953616,44.69729801,44.6509315,39.62473932,1.159162721,0.056558371,1.215721092,44.818165,1.219810852,4.3818891
1025,Hoka,0.07999,1.95999,0.43099,0.616,51.84319,40.29108,0.14542,0.20356,6.52406,-2.48559,0.04,0.03917151,0.11,-1.701794268,-1.401227551,-1.254038501,6.110729097,-3.679726249,-0.077827411,-3.75755366,-1.852096414,0.52875816,2.22915151
1026,Hoka,0.08061,1.44556,0.04944,0.89636,982.65421,36.05201,0.25476,0.24716,16.7406,3.20736,0.04,0.038732149,0.11,40.85024819,39.68989459,39.13235845,18.32401268,13.93840344,0.456257299,14.39466074,41.42603462,0.818345698,1.714902149
1027,Hoka,0.00586,0.89962,0.52712,0.96299,900.34957,89.81817,0.32749,0.454,-8.59476,30.34136,0.04,0.03796453,0.11,63.25167952,62.85201905,60.26278326,-1.092601011,64.73089468,3.470550679,68.20144536,65.97973733,1.340376452,1.09344453
1028,Hoka,0.09587,4.93552,0.29214,0.78564,675.40605,47.08992,0.09951,0.38776,5.67384,31.58544,0.04,0.039230135,0.11,53.68729627,52.79878294,52.43520207,6.693308722,9.089521617,0.178375859,9.267897476,54.05801217,0.49060849,5.220620135
1029,Hoka,0.05662,0.95255,0.95128,0.24717,834.90024,48.58611,0.50515,0.79866,3.06252,39.28154,0.04,0.036289367,0.11,44.79943252,42.75423383,41.44340788,7.035883764,32.77064861,3.350840144,36.12148876,46.24429207,2.556281525,1.195459367
1030,Hoka,0.01828,5.49236,0.58848,0.68439,680.46938,53.50007,0.59,0.10162,10.76042,7.52285,0.04,0.039151983,0.11,26.29232843,26.24216346,26.13472046,11.06228797,2.686074926,0.058179363,2.74425429,26.4020986,0.54149051,5.699791983
1031,Hoka,0.04554,6.77049,0.76058,0.78285,530.06544,3.77962,0.80571,0.40165,8.03242,7.76637,0.04,0.036915312,0.11,25.58237807,25.46759545,25.37455118,8.3096727,2.326106808,0.194372283,2.520479091,25.68319723,2.089030069,7.002945312
1032,Hoka,0.06285,0.88029,0.29853,0.12205,765.64384,37.51136,0.85577,0.20595,14.52564,21.48102,0.04,0.038262127,0.11,24.68471345,24.09968824,23.74353375,15.54955048,8.903862095,0.404415028,9.308277123,25.05704454,1.135504525,1.131402127
1033,Hoka,0.01171,0.35166,0.67453,0.19874,998.39097,10.57477,0.95578,0.71522,18.81573,9.91806,0.04,0.034542855,0.11,18.27729913,18.28971273,18.3263311,18.69912064,-0.915459171,-0.144625961,-1.060085132,18.23489573,3.949546996,0.547912855
1034,Hoka,0.05288,2.47154,0.08833,0.9721,281.40563,143.03015,0.81448,0.77071,27.31725,33.24279,0.04,0.03479446,0.11,44.3321818,43.99509776,43.77330016,28.018446,5.544939972,0.829569105,6.374509077,44.58716216,3.740207778,2.70921446
1035,Hoka,0.08966,2.65659,0.35613,0.63102,76.3042,28.36215,0.73415,0.03932,-5.73398,0.70722,0.04,0.039649237,0.11,2.251221747,2.00399174,1.894662261,-5.430664131,2.73323697,0.024180016,2.757416987,2.361518426,0.221166483,2.935899237
1036,Hoka,0.08104,0.30628,0.83362,0.70042,917.26418,24.99898,0.52544,0.99086,7.60815,5.63299,0.04,0.035735843,0.11,30.91172619,27.36890447,25.80664238,12.41701461,39.05655232,4.66039872,43.71695104,32.66040423,2.983109391,0.573055843
1037,Hoka,0.06721,1.36661,0.29431,0.81744,811.46144,140.45858,0.92072,0.84985,35.73755,30.65035,0.04,0.033877988,0.11,57.15019183,56.2380124,55.77821767,37.2304787,11.49486828,2.077210785,13.57207906,57.69307499,4.517691578,1.617697988
1038,Hoka,0.00724,3.02743,0.4634,0.65879,804.13704,51.01681,0.61066,0.66619,1.91196,34.08709,0.04,0.036143469,0.11,55.4192686,55.29747809,54.68947647,3.762368395,15.20004036,1.621854144,16.8218945,56.09214438,2.66751618,3.220813469
1039,Hoka,0.05242,5.82535,0.09055,0.85698,693.61829,0.20188,0.13239,0.21032,39.82142,2.01719,0.04,0.039208776,0.11,27.9394711,28.04281505,28.12011359,39.60455938,-1.932463545,-0.038996674,-1.971460219,27.86061269,0.504494301,6.066978776
1040,Hoka,0.03712,3.38123,0.81548,0.98219,938.67666,35.21696,0.20666,0.67298,1.50249,4.88786,0.04,0.038356237,0.11,43.2561263,42.82158112,42.37256394,2.790204683,11.22542957,0.481067546,11.70649712,43.72438618,1.071378922,3.606706237
1041,Hoka,0.0794,6.84197,0.14862,0.97949,73.39504,120.65993,0.91975,0.50477,32.05882,11.47516,0.04,0.036025427,0.11,13.92376713,14.12750884,14.21995068,31.77655819,-2.311045922,-0.25497052,-2.566016442,13.82112648,2.758172367,7.107395427
1042,Hoka,0.02887,3.04492,0.99014,0.86207,958.84516,90.15257,0.88462,0.19636,3.89955,-5.97244,0.04,0.038325578,0.11,25.81325709,25.61691134,25.3562579,4.647663381,6.516335827,0.284694913,6.80103074,26.08529832,1.092235424,3.262115578
1043,Hoka,0.06569,4.60534,0.17316,0.89413,830.69171,77.43857,0.94409,0.78206,9.36435,7.2032,0.04,0.034171603,0.11,38.67006607,38.27027129,38.06230008,10.03381912,5.199280215,0.886802671,6.086082886,38.91350939,4.264064613,4.855201603
1044,Hoka,0.0408,4.33781,0.20851,0.80988,867.85114,10.65028,0.52165,0.63401,11.12705,37.01842,0.04,0.036647214,0.11,66.98703171,66.48339465,66.03101976,12.48489502,11.30937219,1.034673473,12.34404567,67.48079354,2.287203602,4.565257214
1045,Hoka,0.08248,2.72867,0.10625,0.18612,792.72761,41.02231,0.81191,0.98036,35.04883,6.11244,0.04,0.03383212,0.11,12.6411452,13.26659258,13.52314219,34.21469794,-6.413740079,-1.169278663,-7.583018742,12.33782445,4.557709886,2.99498212
1046,Hoka,0.00948,1.37237,0.59046,0.42976,76.81396,120.54148,0.16282,0.23306,-3.2599,8.77029,0.04,0.039055161,0.11,6.846938851,6.784353111,6.526515965,-2.533694157,6.445928643,0.155942661,6.601871304,7.111013703,0.604810686,1.570905161
1047,Hoka,0.05565,1.59368,0.23755,0.83768,98.37457,109.58534,0.89103,0.70247,-1.8117,22.61298,0.04,0.034854797,0.11,24.4779338,23.6625116,23.15179506,-0.19990409,12.76791347,1.884776623,14.65269009,25.0640414,3.690455428,1.834184797
1048,Hoka,0.08349,4.65649,0.44984,0.26432,388.30117,29.09499,0.72977,0.17855,25.67008,34.36536,0.04,0.038527576,0.11,38.15656704,37.94331242,37.84490323,25.95104787,2.460229779,0.094023609,2.554253388,38.25873717,0.955435233,4.928507576
1049,Hoka,0.0175,3.03082,0.19601,0.46916,82.86928,66.47736,0.42174,0.75497,34.62516,38.8275,0.04,0.036878191,0.11,39.88550445,39.8566937,39.7959801,34.80625609,1.51784001,0.128488052,1.646328062,39.95135757,2.116297687,3.235198191
1050,Hoka,0.03459,6.28092,0.61488,0.6371,882.54978,98.85984,0.54952,0.67675,2.83349,-0.25371,0.04,0.036385912,0.11,21.43486355,21.33529192,21.23055053,3.150138723,2.618534705,0.260090052,2.878624757,21.55000854,2.483164073,6.501895912
1051,Hoka,0.02983,6.63582,0.03462,0.80937,164.11245,46.9683,0.32841,0.16451,13.19957,6.48349,0.04,0.03890709,0.11,12.19381319,12.19821579,12.20395806,13.18333516,-0.143556911,-0.00403255,-0.147589461,12.18790961,0.702256333,6.85455709
1052,Hoka,0.01527,5.43976,0.4913,0.43552,264.04042,41.38713,0.40805,0.09808,13.68514,-6.83118,0.04,0.03923132,0.11,-2.599238984,-2.554868736,-2.440873751,13.36551149,-2.849874603,-0.055839113,-2.905713716,-2.715467533,0.489838333,5.64426132
1053,Hoka,0.09735,6.60538,0.24539,0.55923,519.55195,45.79248,0.51884,0.56358,21.07226,5.1985,0.04,0.03688465,0.11,17.36415527,17.41685663,17.43682449,21.01271044,-0.499196498,-0.042163114,-0.541359612,17.34250088,2.111548993,6.88961465
1054,Hoka,0.05822,5.23927,0.93809,0.56048,872.92146,67.62387,0.65862,0.95895,3.63704,2.98619,0.04,0.034898759,0.11,21.36967515,21.17998013,21.06627143,3.995446934,2.842717529,0.415527322,3.258244851,21.50000494,3.654314207,5.482388759
1055,Hoka,0.0248,0.69134,0.54422,0.2639,720.37843,41.71179,0.34115,0.57204,12.86109,36.43785,0.04,0.037664083,0.11,42.35085923,41.50420164,40.21837173,16.61642605,32.14574784,1.993670792,34.13941864,43.71643597,1.550493398,0.903804083
1056,Hoka,0.0796,1.94525,0.63646,0.84339,678.6154,88.65602,0.45101,0.29779,-4.29512,4.39182,0.04,0.038099766,0.11,26.26028316,25.14097054,24.60522244,-2.748331206,13.39370259,0.668013713,14.06171631,26.82275181,1.246880218,2.212949766
1057,Hoka,0.00473,5.09768,0.15386,0.36046,562.18551,18.1927,0.53441,0.50714,6.64188,1.0068,0.04,0.037027996,0.11,9.672673598,9.669942705,9.648564376,6.705389141,0.534458228,0.042897595,0.577355824,9.695767831,2.006592519,5.289437996
1058,Hoka,0.00752,1.8952,0.77537,0.61822,844.59102,13.67419,0.3146,0.92237,21.86846,36.23011,0.04,0.037385334,0.11,57.77050966,57.6388172,56.9841142,23.79481246,16.36757489,1.144720247,17.51229513,58.47100146,1.748457323,2.090105334
1059,Hoka,0.01616,6.45955,0.86794,0.63889,906.78443,127.37371,0.58369,0.24051,38.32153,12.56673,0.04,0.038209978,0.11,32.98084035,32.99386973,33.02467741,38.23283994,-0.770192102,-0.036081172,-0.806273274,32.94858942,1.171174447,6.663919978
1060,Hoka,0.01085,2.32117,0.97177,0.98676,374.59888,66.34087,0.26097,0.71606,11.67323,-9.19469,0.04,0.03795184,0.11,4.194249804,4.226970714,4.341424055,11.34149727,-2.861333524,-0.15441854,-3.015752064,4.073619721,1.349183335,2.51997184
1061,Hoka,0.06446,5.91934,0.46449,0.87139,408.28407,43.3411,0.9861,0.35372,20.45127,7.39138,0.04,0.037026182,0.11,21.97462139,21.95860475,21.94940471,20.47860215,0.230001161,0.018472919,0.24847408,21.98456036,2.007915859,6.170826182
1062,Hoka,0.02324,1.40282,0.95694,0.76774,227.20793,101.22163,0.27171,0.23821,22.75101,-3.49888,0.04,0.038715583,0.11,0.440579615,0.769829324,1.318327361,21.19259916,-13.71245092,-0.454920371,-14.16737129,-0.126115236,0.829392889,1.614775583
1063,Hoka,0.03783,6.79896,0.27926,0.64469,150.75168,53.57379,0.66227,0.98576,2.25362,23.2633,0.04,0.034791851,0.11,26.698338,26.56588325,26.44406602,2.638764662,3.045430846,0.455884261,3.501315107,26.83839061,3.74236261,7.021581851
1064,Hoka,0.03064,3.69496,0.62515,0.67031,982.18194,10.11959,0.5698,0.29249,5.28631,7.98149,0.04,0.037926499,0.11,36.01375303,35.77069574,35.46983699,6.15890471,7.521468664,0.411210521,7.932679185,36.3310602,1.366789318,3.913526499
1065,Hoka,0.01092,1.12408,0.46355,0.17876,666.18157,81.12591,0.89539,0.03969,-3.13163,21.65114,0.04,0.039642612,0.11,24.33844181,24.1049347,23.25723949,-0.779452148,21.19238039,0.191054623,21.38343502,25.19377921,0.225381268,1.324642612
1066,Hoka,0.02841,4.52394,0.56056,0.77809,448.33215,21.57989,0.17499,0.76051,9.2386,15.51185,0.04,0.038541353,0.11,29.97651835,29.85118802,29.68116336,9.723863506,4.250616394,0.160870022,4.411486416,30.1529778,0.946157022,4.740891353
1067,Hoka,0.08804,1.72654,0.36006,0.4448,837.38844,131.27827,0.3609,0.40856,8.4955,-14.09532,0.04,0.037947272,0.11,0.212729933,0.584299331,0.744454318,8.031249276,-4.003874693,-0.216586436,-4.220461129,0.043911488,1.352355231,2.002527272
1068,Hoka,0.07494,3.92772,0.80876,0.74091,514.02557,62.95693,0.80817,0.55667,9.04757,33.55322,0.04,0.035964643,0.11,47.52697807,46.83189305,46.49831306,10.06784425,8.339499747,0.935720689,9.275220436,47.89798689,2.805086389,4.188624643
1069,Hoka,0.09088,3.47259,0.3234,0.60317,558.15106,37.46021,0.15189,0.18225,22.66299,2.79289,0.04,0.03919215,0.11,16.96494745,17.10442637,17.16457689,22.49416648,-1.503762864,-0.030996378,-1.534759242,16.90355708,0.515313595,3.75266215
1070,Hoka,0.00536,4.18771,0.74664,0.198,310.1118,42.59166,0.65824,0.75715,1.10304,-12.0808,0.04,0.035586471,0.11,-10.68509821,-10.67053508,-10.57384657,0.804169783,-2.417212799,-0.299789178,-2.717001977,-10.79377829,3.100566675,4.378656471
1071,Hoka,0.09871,0.16657,0.90683,0.9394,379.40936,19.3829,0.39633,0.50385,16.25886,-14.90863,0.04,0.037556841,0.11,1.275315087,4.857906494,6.220998533,12.26650811,-34.07730097,-2.216807094,-36.29410806,-0.176449236,1.626307712,0.452836841
1072,Hoka,0.08711,6.42448,0.03985,0.91487,363.69266,133.85282,0.92135,0.90701,3.29956,33.85199,0.04,0.033554192,0.11,47.81908295,47.23636144,47.011901,4.03540394,5.611511115,1.07797925,6.689490365,48.08666256,4.802535486,6.695144192
1073,Hoka,0.05224,1.55302,0.68981,0.65747,802.00669,83.85011,0.08629,0.46021,7.00557,5.84784,0.04,0.039297318,0.11,25.82976395,25.26929443,24.84768362,8.185731693,10.5402704,0.188472262,10.72874266,26.25891366,0.447029,1.794557318
1074,Hoka,0.02392,5.90438,0.11765,0.10406,606.87097,18.94024,0.81999,0.53137,23.58197,36.68959,0.04,0.036081902,0.11,39.23532407,39.17368352,39.08070241,23.86543406,2.324527839,0.252418149,2.576945987,39.33840191,2.71472495,6.114381902
1075,Hoka,0.01875,0.15124,0.0587,0.73953,263.11357,130.23626,0.92724,0.14111,11.33938,6.44561,0.04,0.038765402,0.11,14.21267644,14.04366187,13.69422625,12.33093216,8.735890526,0.278220061,9.014110587,14.57324087,0.796198338,0.358755402
1076,Hoka,0.08468,4.02407,0.29113,0.82172,158.17761,146.74005,0.56055,0.85668,2.22675,15.33524,0.04,0.035811889,0.11,18.97160491,18.63832634,18.49738001,2.659681542,3.523658268,0.412083025,3.935741293,19.12903456,2.923687496,4.294561889
1077,Hoka,0.00899,3.4276,0.70785,0.86868,858.68214,130.85294,0.93863,0.15797,34.05498,22.76311,0.04,0.038621989,0.11,50.97845869,50.93602268,50.75371312,34.57421921,4.557738957,0.162617535,4.720356492,51.16727295,0.891985788,3.625211989
1078,Hoka,0.0541,4.98644,0.53233,0.21224,698.42524,136.62485,0.22733,0.13198,31.2064,-8.52333,0.04,0.039185309,0.11,-4.961768306,-4.584735267,-4.311645507,30.43978938,-6.827243997,-0.141943418,-6.969187415,-5.240535803,0.519768364,5.229725309
1079,Hoka,0.01508,6.57782,0.93323,0.86759,168.00532,96.45983,0.43614,0.24631,25.09924,26.32768,0.04,0.038364476,0.11,28.72963988,28.72151879,28.70085821,25.15847874,0.516514334,0.022019629,0.538533964,28.75118124,1.065780167,6.781264476
1080,Hoka,0.0965,2.96164,0.71211,0.32096,39.42671,139.08306,0.40064,0.41283,37.5765,30.62612,0.04,0.037798678,0.11,27.00205394,27.32034888,27.44502378,37.21367676,-3.116872465,-0.181520649,-3.298393114,26.87011822,1.455951845,3.245938678
1081,Hoka,0.07034,3.01263,0.83948,0.63592,106.72496,19.45616,0.50643,0.15069,18.91927,6.56177,0.04,0.038835583,0.11,8.926127957,9.143627925,9.263712345,18.57913641,-3.002110504,-0.090013012,-3.092123516,8.802443016,0.749581099,3.271805583
1082,Hoka,0.01133,6.40645,0.12226,0.21173,977.44928,125.24463,0.96779,0.85313,12.29337,31.32774,0.04,0.033633094,0.11,39.49421809,39.44724869,39.30782009,12.74938355,3.48571513,0.659862614,4.145577744,39.6600412,4.732620058,6.601413094
1083,Hoka,0.06955,5.52613,0.15466,0.13626,296.85895,2.35132,0.199,0.78659,-6.99028,13.45058,0.04,0.0383478,0.11,15.04005076,14.77330249,14.62622543,-6.568392003,3.676926481,0.158418947,3.835345429,15.19346458,1.077115276,5.7840278
1084,Hoka,0.07971,3.56635,0.82884,0.71034,83.83518,147.96911,0.17614,0.31463,34.57195,16.16507,0.04,0.038870858,0.11,13.64257629,14.08218387,14.29656003,33.96529043,-5.359404067,-0.155682898,-5.515086966,13.42197281,0.726213663,3.834930858
1085,Hoka,0.08751,1.19128,0.42119,0.32464,557.39278,109.65706,0.65665,0.35268,28.88002,6.76607,0.04,0.037454963,0.11,13.06887528,14.03899845,14.45421873,27.66057596,-10.3805071,-0.705347809,-11.0858549,12.62544109,1.698731581,1.466244963
1086,Hoka,0.03663,0.25053,0.87524,0.23692,873.05201,6.42953,0.38425,0.03142,-3.76687,0.52394,0.04,0.039728804,0.11,8.178765769,7.177209688,6.090924539,-0.759194081,27.15712872,0.185379636,27.34250836,9.272466103,0.170654673,0.476888804
1087,Hoka,0.09093,1.88383,0.06738,0.11656,893.22709,70.70493,0.40365,0.14639,4.13262,15.47074,0.04,0.038930753,0.11,19.50086195,18.84284042,18.5611152,4.928642967,7.04313032,0.193442108,7.236572428,19.79032484,0.686633994,2.163690753
1088,Hoka,0.04653,3.82149,0.0588,0.96883,221.00219,116.13276,0.78233,0.37746,13.29162,29.00606,0.04,0.037107535,0.11,37.77454214,37.49081756,37.26454806,13.96236368,5.65673746,0.440932396,6.097669856,38.01844893,1.948704528,4.055127535
1089,Hoka,0.07529,3.63,0.04902,0.64861,908.0525,91.63277,0.98063,0.44735,13.31557,34.33334,0.04,0.036324378,0.11,59.26828727,58.37001975,57.93664202,14.62795447,10.83444315,1.096324769,11.93076792,59.74551798,2.52972108,3.891614378
1090,Hoka,0.01864,5.39615,0.65951,0.43639,252.15823,3.30284,0.97437,0.67035,22.44943,-9.31036,0.04,0.034772937,0.11,-4.427374581,-4.337262526,-4.169158405,21.91765286,-4.202603024,-0.631734654,-4.834337678,-4.620748088,3.75799624,5.599562937
1091,Hoka,0.07389,5.39241,0.60927,0.97684,580.37733,134.54503,0.42343,0.69276,-6.67024,6.14945,0.04,0.036990865,0.11,26.99483889,26.55169194,26.3298434,-6.010527406,5.546213498,0.45117372,5.997387218,27.23473437,2.033701554,5.653290865
1092,Hoka,0.07816,5.69591,0.52585,0.72161,44.53415,54.22768,0.55634,0.36172,-0.62007,12.27997,0.04,0.037591754,0.11,12.34978057,12.17859155,12.09625664,-0.379143783,2.058372539,0.131865794,2.190238334,12.43739011,1.601578331,5.961661754
1093,Hoka,0.00227,2.53871,0.71055,0.47648,83.35218,51.58634,0.76747,0.94271,-8.4474,37.3501,0.04,0.034266277,0.11,36.80903627,36.77077829,36.19326345,-6.593488859,14.4378709,2.415866753,16.85373765,37.48318578,4.183211587,2.725246277
1094,Hoka,0.02839,2.25824,0.28767,0.84857,157.30548,102.21572,0.37928,0.80664,3.79058,-13.21027,0.04,0.037059799,0.11,-8.483305957,-8.340125991,-8.153221422,3.23581437,-4.672614238,-0.370709674,-5.043323912,-8.685038913,1.983416857,2.473689799
1095,Hoka,0.02582,4.53975,0.90814,0.36665,64.03138,90.67802,0.68005,0.32095,-6.88656,24.67672,0.04,0.037607032,0.11,21.87302313,21.71547071,21.48599438,-6.215345207,5.736908299,0.365044361,6.10195266,22.11710123,1.59077129,4.753177032
1096,Hoka,0.06768,1.17972,0.26335,0.13116,365.0385,50.10222,0.16899,0.88311,9.2877,25.39784,0.04,0.038546082,0.11,26.41506685,25.58467648,25.11174067,10.63732974,11.82339512,0.445966198,12.26936131,26.90584131,0.942974065,1.435946082
1097,Hoka,0.06089,3.66034,0.80745,0.31344,827.73185,1.7901,0.29023,0.35176,15.55993,36.60637,0.04,0.03834539,0.11,47.49361141,46.99111652,46.67467108,16.4677053,7.911135955,0.341366758,8.252502712,47.82371151,1.078753922,3.90957539
1098,Hoka,0.04157,1.3269,0.77905,0.86482,374.19597,116.82906,0.1266,0.41875,14.16171,16.0591,0.04,0.039040709,0.11,25.86354232,25.54298763,25.24193682,15.00994227,7.52627031,0.184932154,7.711202463,26.17199042,0.614288837,1.557510709
1099,Hoka,0.03198,2.32655,0.96955,0.23449,366.14427,72.80838,0.28748,0.68983,8.9935,12.86036,0.04,0.037803881,0.11,13.45292024,13.3960195,13.32875656,9.189218627,1.681573573,0.097686676,1.779260248,13.52409065,1.45231046,2.546333881
1100,Hoka,0.03177,1.667,0.02463,0.61112,724.07647,10.2129,0.27806,0.77619,32.01142,21.715,0.04,0.037780683,0.11,40.75371427,40.60330265,40.42443409,32.53220309,4.471713852,0.262677871,4.734391723,40.94308994,1.468552551,1.886550683
1101,Hoka,0.03631,5.29186,0.78985,0.29216,963.62892,9.29101,0.99274,0.50233,13.81653,-7.65431,0.04,0.035899889,0.11,4.336497973,4.399379881,4.461551557,13.62603124,-1.554291885,-0.177515019,-1.731806904,4.267225696,2.855239428,5.514069889
1102,Hoka,0.08917,1.82401,0.37394,0.79242,206.51249,129.18217,0.83462,0.52646,33.77159,27.08363,0.04,0.036075458,0.11,32.13021918,32.20129391,32.23004858,33.6839123,-0.718866669,-0.078203366,-0.797070036,32.09833638,2.719675624,2.099255458
1103,Hoka,0.01523,2.60773,0.60067,0.25805,920.87875,114.7713,0.62367,0.26166,5.91266,-10.76326,0.04,0.038038451,0.11,-3.295851082,-3.245239136,-3.118830731,5.547110817,-3.160210136,-0.162964252,-3.323174389,-3.428778058,1.289188418,2.810998451
1104,Hoka,0.09453,5.06358,0.66827,0.65506,22.56841,82.20667,0.75769,0.24959,-9.46382,12.61419,0.04,0.037995903,0.11,10.71629776,10.35678241,10.21227685,-9.045469331,3.61263892,0.190548978,3.803187899,10.86842527,1.318627343,5.346105903
1105,Hoka,0.0612,3.86635,0.22103,0.75507,175.19452,58.36464,0.9491,0.99292,24.24076,9.24803,0.04,0.032918454,0.11,14.53401655,14.67995865,14.75845845,23.97844577,-1.962495157,-0.422179619,-2.384674777,14.43862956,5.378097596,4.110468454
1106,Hoka,0.01129,6.08872,0.53946,0.78111,955.34135,149.56957,0.1272,0.11248,6.0516,-8.07224,0.04,0.039428809,0.11,20.77006993,20.7434801,20.65061868,6.310668333,2.321535439,0.033631221,2.35516666,20.86427659,0.362165705,6.289438809
1107,Hoka,0.05743,1.47148,0.06889,0.45492,575.38908,20.82411,0.25917,0.8425,28.71455,-7.09063,0.04,0.037864149,0.11,4.79822475,5.617365813,6.157433355,27.14558749,-13.50168856,-0.761606987,-14.26329555,4.227692928,1.410206922,1.716774149
1108,Hoka,0.03095,4.34659,0.28515,0.8437,880.02174,124.62636,0.69175,0.93213,20.5193,-5.45071,0.04,0.03477401,0.11,25.24389799,25.21156359,25.17523413,20.63422032,0.908236457,0.136493735,1.044730193,25.28568719,3.757109019,4.56231401
1109,Hoka,0.03142,2.0766,0.88917,0.87863,789.84433,17.1001,0.05884,0.64005,37.77832,32.94379,0.04,0.039486794,0.11,62.02615206,61.68867052,61.26454372,38.95982764,10.60317006,0.137808499,10.74097856,62.45579121,0.324922872,2.297506794
1110,Hoka,0.09242,1.51117,0.78897,0.11018,4.97846,34.0638,0.23802,0.88893,27.29608,1.1031,0.04,0.03799586,0.11,0.568812831,1.979040036,2.558814931,25.6176014,-14.49437237,-0.764524022,-15.2588964,-0.041543024,1.318656652,1.79158586
1111,Hoka,0.08781,3.93367,0.03878,0.85212,574.06624,104.08704,0.51451,0.1658,39.08928,20.96005,0.04,0.038732806,0.11,42.02479859,41.96298691,41.9357219,39.16671179,0.681625118,0.022300252,0.703925371,42.05295561,0.81790751,4.210212806
1112,Hoka,0.08288,1.13218,0.61922,0.46521,27.67401,64.76264,0.43299,0.9126,34.43893,35.30661,0.04,0.036533951,0.11,34.13180234,34.15049715,34.15873793,34.41411787,-0.20601933,-0.019545464,-0.225564793,34.12277975,2.371799737,1.401593951
1113,Hoka,0.09395,3.21107,0.69538,0.48967,213.02277,94.92636,0.16193,0.0782,35.22288,16.10827,0.04,0.039498236,0.11,17.97326344,18.44238861,18.63961711,34.67361157,-4.930712379,-0.062637022,-4.9933494,17.77352946,0.317586066,3.494518236
1114,Hoka,0.08109,6.99901,0.25609,0.75881,513.10948,79.13026,0.55564,0.71536,-0.48698,-3.81219,0.04,0.036237231,0.11,12.16508719,12.02311262,11.95966749,-0.294389017,1.586128182,0.164698936,1.750827118,12.23512027,2.595927273,7.266337231
1115,Hoka,0.07078,1.60198,0.93203,0.16074,449.42898,22.82378,0.64028,0.33113,-2.87773,-10.83899,0.04,0.037604237,0.11,-8.499427599,-8.280842907,-8.164712497,-3.217434947,-2.903260267,-0.184966521,-3.088226788,-8.622956671,1.592748363,1.860364237
1116,Hoka,0.01119,2.69099,0.42022,0.47991,544.39982,23.39735,0.97702,0.80504,33.12038,38.2052,0.04,0.033889913,0.11,48.91499264,48.85289237,48.66481616,33.73083844,4.701905357,0.847716798,5.549622154,49.13697753,4.507304663,2.886069913
1117,Hoka,0.00674,2.93048,0.25214,0.68638,829.08618,44.28087,0.03323,0.81631,16.05681,-5.72667,0.04,0.039701184,0.11,18.49835333,18.49302245,18.46162154,16.14381247,0.785022961,0.005908581,0.790931542,18.52999059,0.188165875,3.126921184
1118,Hoka,0.02355,4.88352,0.98883,0.31152,163.20976,31.4619,0.64111,0.1696,-1.84802,10.42101,0.04,0.038634425,0.11,11.17590718,11.11524037,11.01571478,-1.564650588,2.48813964,0.087945922,2.576085563,11.2789506,0.883651394,5.095704425
1119,Hoka,0.08449,6.42244,0.55674,0.88756,699.96701,92.44518,0.09059,0.97672,2.19448,29.26527,0.04,0.039191571,0.11,53.72925798,53.07509724,52.77165794,3.046150979,7.585982568,0.156480882,7.74246345,54.03895652,0.515690882,6.696121571
1120,Hoka,0.01503,1.07059,0.32446,0.72883,718.17614,67.82919,0.76675,0.1772,19.79586,11.91981,0.04,0.038521992,0.11,33.28354755,33.11928773,32.69828869,20.99802769,10.52497598,0.403821222,10.9287972,33.72069944,0.959197491,1.274141992
1121,Hoka,0.08866,1.62358,0.20636,0.35912,779.94084,31.18781,0.50338,0.84337,23.6047,-4.08604,0.04,0.03619752,0.11,8.144816144,8.882356841,9.183475093,22.6896371,-7.527956297,-0.790797327,-8.318753624,7.812066,2.626201907,1.89843752
1122,Hoka,0.03367,5.47479,0.48486,0.46761,433.92203,106.34313,0.38364,0.54951,-0.76308,27.41136,0.04,0.037502388,0.11,33.7475014,33.54205957,33.31323393,-0.091900863,5.720640933,0.380987585,6.101628518,33.99156654,1.664968969,5.695962388
1123,Hoka,0.07848,1.15273,0.99506,0.78828,924.45174,112.70638,0.04093,0.64587,21.00815,20.17946,0.04,0.039637907,0.11,46.25579814,44.82085703,44.09611108,23.01940792,18.11864891,0.165514034,18.28416294,46.98716466,0.228375243,1.420847907
1124,Hoka,0.057,2.52002,0.36542,0.90693,59.62987,74.05562,0.74743,0.39007,22.6065,14.88873,0.04,0.037083543,0.11,16.1581426,16.29307006,16.38085231,22.34611367,-2.194556278,-0.172592141,-2.367148419,16.06345667,1.966139383,2.764103543
1125,Hoka,0.07636,4.13323,0.37451,0.76841,171.58916,106.09027,0.28595,0.60433,38.49374,18.72796,0.04,0.037916045,0.11,22.87649166,23.15016496,23.28605561,38.09950135,-3.397266035,-0.186721727,-3.583987763,22.73313215,1.374058769,4.397506045
1126,Hoka,0.02418,5.71977,0.92638,0.60616,890.76291,15.67121,0.56967,0.3643,-7.23719,13.62009,0.04,0.037551943,0.11,36.17004656,35.99189386,35.71521974,-6.426735201,6.916852792,0.450918105,7.367770897,36.46475739,1.629780619,5.931501943
1127,Hoka,0.02487,6.95843,0.10254,0.45177,386.96901,0.88975,0.20544,0.81395,-7.30124,5.4549,0.04,0.038285658,0.11,12.93832515,12.86774366,12.75908829,-6.989058071,2.716384227,0.121633308,2.838017536,13.05184586,1.119441306,7.171585658
1128,Hoka,0.09508,3.51288,0.98483,0.79021,36.96874,44.97352,0.41095,0.20026,32.83981,-4.17343,0.04,0.038628449,0.11,-4.432133939,-3.488773633,-3.105511692,31.74841713,-9.581548528,-0.340204799,-9.921753327,-4.829004072,0.887656098,3.796588449
1129,Hoka,0.0901,3.17238,0.28435,0.14542,207.56863,0.72865,0.2317,0.34441,8.66415,23.30121,0.04,0.038584319,0.11,24.41981735,24.00364647,23.82542594,9.172238751,4.455513309,0.163475333,4.618988642,24.60457689,0.917264307,3.451064319
1130,Hoka,0.03356,2.92824,0.86027,0.3351,325.7553,139.43625,0.08481,0.82856,-9.41837,28.10234,0.04,0.039253422,0.11,27.16277524,26.76816188,26.30660275,-8.124941238,11.53897828,0.219465008,11.75844329,27.63311297,0.475486223,3.151053422
1131,Hoka,0.05772,1.40704,0.82607,0.12482,447.11234,56.20668,0.22861,0.48262,-5.60027,32.76125,0.04,0.038391431,0.11,32.23091616,30.87728251,29.97693718,-3.020580084,22.50863326,0.943093243,23.45172651,33.16898522,1.047479463,1.653151431
1132,Hoka,0.08833,1.51345,0.27257,0.18272,624.9476,73.18333,0.42849,0.35564,15.73269,29.70819,0.04,0.037913076,0.11,33.40176949,32.50977888,32.12691793,16.84351268,9.571523801,0.526864157,10.09838796,33.80570501,1.376124031,1.789693076
1133,Hoka,0.03258,1.15033,0.35393,0.15541,97.92531,97.99945,0.24996,0.16012,4.07925,2.62855,0.04,0.039036558,0.11,1.849158366,1.903707391,1.969066696,3.895075884,-1.633982625,-0.040327519,-1.674310144,1.78218596,0.617012672,1.371946558
1134,Hoka,0.01372,4.84765,0.53871,0.56556,197.94688,50.09734,0.91413,0.36816,9.26231,-6.12348,0.04,0.036995797,0.11,-2.336802989,-2.305028187,-2.219347858,9.007555759,-2.142008215,-0.173939433,-2.315947648,-2.429440895,2.030097639,5.048365797
1135,Hoka,0.08582,4.72787,0.5853,0.92341,418.15167,23.43626,0.36705,0.58445,24.51437,24.27091,0.04,0.037508538,0.11,40.33501543,40.06134612,39.94173606,24.86514633,2.990251604,0.198624091,3.188875695,40.46257046,1.660596807,5.001198538
1136,Hoka,0.0833,1.97954,0.32084,0.47478,905.26874,39.73819,0.3946,0.83883,-0.98001,38.23705,0.04,0.03691059,0.11,55.35016219,53.22670836,52.28579679,1.824070681,23.52278931,1.968853253,25.49164256,56.36982789,2.092495524,2.24975059
1137,Hoka,0.02306,4.40139,0.29887,0.24116,847.68623,101.78075,0.28158,0.3484,15.35921,31.17764,0.04,0.038384417,0.11,38.5404663,38.4235673,38.2289836,15.91683749,4.864592376,0.204748471,5.069340847,38.74323993,1.052238579,4.612834417
1138,Hoka,0.04824,2.57798,0.96319,0.27102,205.46865,119.17009,0.733,0.84599,39.63507,3.96709,0.04,0.034856127,0.11,1.941737736,2.597918319,3.072045878,38.13880416,-11.85318898,-1.74922775,-13.60241673,1.397641067,3.689361051,2.811076127
1139,Hoka,0.07797,3.40483,0.55388,0.11191,181.33318,76.85612,0.80883,0.73309,34.47079,-5.85053,0.04,0.035008418,0.11,-6.368760396,-5.491023928,-5.09692152,33.23248025,-9.852560216,-1.404801169,-11.25736139,-6.819054851,3.5645587,3.667808418
1140,Hoka,0.01953,5.50391,0.78602,0.25146,565.56445,68.12402,0.07594,0.45967,-5.10372,16.92811,0.04,0.039373605,0.11,20.60207112,20.51357287,20.33515529,-4.605265931,4.460439514,0.070961112,4.531400626,20.78332715,0.397724886,5.712813605
1141,Hoka,0.02741,3.386,0.92005,0.23672,296.19283,68.96879,0.32053,0.29373,10.36218,-1.94267,0.04,0.038413251,0.11,-1.519667845,-1.428231121,-1.300088769,9.995232184,-3.203558788,-0.132330448,-3.335889236,-1.653103414,1.032683154,3.601823251
1142,Hoka,0.06329,1.16524,0.31752,0.31755,43.02643,84.54379,0.56009,0.90567,34.20461,13.98659,0.04,0.035689917,0.11,14.00154898,14.93200539,15.45669984,32.58744765,-13.11736139,-1.584114537,-14.70147592,13.41348994,3.019118118,1.414219917
1143,Hoka,0.01661,0.34613,0.22352,0.73895,198.46139,17.57303,0.29644,0.35851,6.27315,16.32562,0.04,0.038306808,0.11,21.35091272,20.86085656,19.73066465,9.518555064,28.25479766,1.248884742,29.5036824,22.53106002,1.105020072,0.551046808
1144,Hoka,0.04144,2.40788,0.78552,0.51362,578.74276,133.75951,0.0752,0.20069,39.15612,-14.47336,0.04,0.039478676,0.11,-5.431296304,-4.720312976,-4.042979952,37.2688573,-16.93332561,-0.223607977,-17.15693359,-6.117573648,0.330130038,2.638798676
1145,Hoka,0.00678,3.47104,0.6456,0.88703,543.35946,43.19808,0.74432,0.81955,17.45775,25.90506,0.04,0.034906037,0.11,45.34013231,45.28794991,45.01929491,18.30436717,6.716375018,0.980144683,7.696519701,45.6479931,3.648339618,3.662726037
1146,Hoka,0.05596,2.98214,0.82097,0.97071,520.62518,10.4984,0.97049,0.484,-5.39745,32.24485,0.04,0.03607359,0.11,53.10803553,52.07983563,51.41702538,-3.376327964,16.57025634,1.803580345,18.37383669,53.842989,2.721111109,3.22417359
1147,Hoka,0.00058,5.11552,0.02115,0.10572,894.56315,81.24492,0.12759,0.18201,11.9546,23.61668,0.04,0.039273265,0.11,27.53548407,27.53376778,27.41755338,12.28010347,2.905359964,0.053762454,2.959122418,27.65384896,0.462614394,5.305373265
1148,Hoka,0.07358,3.81381,0.63101,0.80106,272.47304,63.22317,0.12822,0.71146,27.63005,-7.59825,0.04,0.038917591,0.11,0.4266759,0.92258069,1.184872341,26.88868649,-6.557291267,-0.182376979,-6.739668246,0.15708917,0.695321327,4.076307591
1149,Hoka,0.00862,0.59282,0.12676,0.94074,53.35999,117.78606,0.33607,0.89667,34.66917,-12.54526,0.04,0.037249838,0.11,-8.695090673,-8.195818601,-6.03830075,28.29794866,-53.93794627,-3.982247731,-57.920194,-11.01189843,1.845754245,0.788689838
1150,Hoka,0.09284,4.91041,0.85348,0.75602,161.65253,115.02275,0.82996,0.90299,-4.71333,16.83417,0.04,0.0340748,0.11,17.70529897,17.30094417,17.15253498,-4.23423663,3.710229733,0.645164543,4.355394276,17.87951474,4.347200773,5.1873248
1151,Hoka,0.05912,1.53468,0.19862,0.61452,18.55719,114.12737,0.45145,0.58203,34.6035,10.15409,0.04,0.03711274,0.11,10.22448487,11.05237667,11.57208798,33.06310593,-12.99278291,-1.010799557,-14.00358247,9.664341573,1.944925048,1.78091274
1152,Hoka,0.00854,2.36601,0.10693,0.79789,467.36724,142.69851,0.92014,0.57153,19.51925,32.33933,0.04,0.035579065,0.11,47.44602257,47.35138669,46.95711781,20.73821336,9.856722012,1.224763043,11.08148505,47.88928198,3.106415706,2.560129065
1153,Hoka,0.01248,0.99381,0.62424,0.45684,118.05076,50.79061,0.55504,0.70957,36.25573,32.39344,0.04,0.036257829,0.11,33.45687114,33.4871777,33.57522658,35.98860488,-2.201222009,-0.227188156,-2.428410164,33.35973473,2.580250364,1.192547829
1154,Hoka,0.01307,1.19683,0.26938,0.10687,409.44722,77.15686,0.28436,0.93475,-3.31975,34.0928,0.04,0.037607185,0.11,33.9922052,33.63296788,32.59931028,-0.296329486,25.84143987,1.644201167,27.48564104,35.09163085,1.590663267,1.397507185
1155,Hoka,0.03331,6.42933,0.71559,0.47042,620.31839,130.67281,0.16377,0.61567,8.06809,31.56705,0.04,0.038688265,0.11,39.99570784,39.83484622,39.64801173,8.599305184,4.67086222,0.158366727,4.829228948,40.188877,0.847631122,6.651328265
1156,Hoka,0.07314,4.35799,0.02952,0.37445,114.64824,30.49267,0.94698,0.18711,26.35701,34.92369,0.04,0.038378328,0.11,36.66107502,36.49650728,36.41015461,26.60451411,2.15881685,0.091220551,2.250037402,36.75107652,1.056372052,4.619508328
1157,Hoka,0.00331,3.3686,0.66903,0.10981,473.9233,115.3176,0.05163,0.80609,34.38895,26.97619,0.04,0.039539868,0.11,25.97999323,25.98789726,26.08231548,34.12627829,-2.36045558,-0.027469021,-2.387924601,25.88447625,0.290929228,3.561449868
1158,Hoka,0.05716,0.38152,0.34373,0.25169,862.59697,140.5449,0.78718,0.76861,30.60839,17.84723,0.04,0.034927882,0.11,25.53404459,26.03103854,26.33472898,29.65196358,-7.592261125,-1.102524472,-8.694785597,25.18625317,3.630421998,0.623607882
1159,Hoka,0.02113,3.58483,0.95966,0.80678,352.56718,22.65208,0.0353,0.21981,7.37218,2.51175,0.04,0.0397157,0.11,13.86459589,13.82806857,13.75941226,7.562336394,1.716407787,0.012286703,1.72869449,13.93374367,0.178959561,3.7956757
1160,Hoka,0.07903,4.00317,0.55317,0.18565,414.29164,76.25446,0.82096,0.6161,27.43215,10.98504,0.04,0.035589146,0.11,12.63510591,12.91170684,13.03626701,27.04715567,-3.114004421,-0.385944034,-3.499948455,12.49510797,3.098454452,4.267789146
1161,Hoka,0.08506,5.31955,0.51281,0.36235,357.9049,60.06741,0.96539,0.81459,20.3477,26.2774,0.04,0.033880768,0.11,30.5034754,30.34778437,30.28577012,20.54904039,1.550356163,0.280011017,1.83036718,30.57669009,4.515269187,5.588490768
1162,Hoka,0.08175,4.08617,0.95089,0.20765,686.57125,146.08914,0.14674,0.54864,30.14283,37.62842,0.04,0.038839538,0.11,37.71701074,37.57357229,37.50542449,30.33583586,1.703695097,0.050903617,1.754598714,37.78719468,0.746959022,4.356759538
1163,Hoka,0.01386,4.12179,0.43332,0.80305,451.08887,147.87741,0.97834,0.04255,-7.083,33.60155,0.04,0.039615706,0.11,46.06926581,45.89735339,45.40598024,-5.718615703,12.28432882,0.119164795,12.40349361,46.56540555,0.24251385,4.325265706
1164,Hoka,0.08622,2.4587,0.05566,0.44149,952.25649,1.23668,0.36115,0.39303,11.0272,0.4558,0.04,0.03799012,0.11,18.61881312,18.37574935,18.26865098,11.33730223,2.677459324,0.141651892,2.819111216,18.73157757,1.322633464,2.73291012
1165,Hoka,0.01136,5.13423,0.57497,0.98623,23.7049,108.51139,0.14466,0.39468,32.09153,-5.56294,0.04,0.038947763,0.11,-6.964064112,-6.880266135,-6.592964755,31.28010594,-7.182534511,-0.194047896,-7.376582407,-7.259127408,0.675415815,5.334537763
1166,Hoka,0.06393,2.76315,0.16819,0.97995,506.39344,0.55504,0.06051,0.12356,8.19636,-0.69984,0.04,0.039617245,0.11,20.70369436,20.43507656,20.26861484,8.658552379,4.161542893,0.040206003,4.201748896,20.87176432,0.241533032,3.016697245
1167,Hoka,0.09821,6.83404,0.99397,0.57593,323.6394,100.67584,0.64245,0.77318,23.43859,-14.13841,0.04,0.035607616,0.11,-10.19507634,-9.72838676,-9.559180942,22.91587487,-4.230145458,-0.521810311,-4.75195577,-10.38515457,3.083879245,7.117857616
1168,Hoka,0.01273,3.87577,0.58033,0.85295,592.99737,34.85882,0.05317,0.42771,14.06232,7.12748,0.04,0.039551984,0.11,28.10005537,28.05580127,27.91830421,14.44471995,3.437426575,0.038936639,3.476363214,28.2391099,0.283181603,4.078051984
1169,Hoka,0.07353,3.96392,0.92558,0.15582,508.07792,42.01188,0.7059,0.33739,33.9601,39.23946,0.04,0.037470653,0.11,40.92434468,40.80198133,40.73962536,34.14315411,1.558899288,0.105228961,1.664128249,40.99090981,1.687552267,4.224920653
1170,Hoka,0.02739,3.70739,0.22668,0.74383,571.8466,19.96155,0.23083,0.62636,-7.62049,20.92014,0.04,0.038229989,0.11,38.73960494,38.41258981,37.95615372,-6.307176241,11.41090228,0.528313704,11.93921599,39.21717358,1.157475743,3.923009989
1171,Hoka,0.09658,4.48426,0.7745,0.16097,260.44088,53.29299,0.77582,0.12727,36.58843,-1.68042,0.04,0.038910044,0.11,-1.331563631,-0.557249354,-0.245294468,35.70652308,-7.798872139,-0.218463508,-8.017335647,-1.652257057,0.700304812,4.769750044
1172,Hoka,0.01017,6.78631,0.4389,0.95304,81.57866,14.10977,0.97927,0.54297,31.98557,37.93796,0.04,0.035634902,0.11,40.99712075,40.98391908,40.93766146,32.12836086,1.156440559,0.141658202,1.29809876,41.0490447,3.062375334,6.982114902
1173,Hoka,0.01405,5.91308,0.95414,0.50936,522.97652,100.79609,0.81162,0.96879,31.8575,7.73752,0.04,0.033884282,0.11,15.24738226,15.28582265,15.37852906,31.55654321,-2.317660123,-0.418310667,-2.73597079,15.13794343,4.512208917,6.111014282
1174,Hoka,0.02236,5.74218,0.23023,0.1778,445.08177,83.48187,0.7497,0.71981,25.69097,20.89538,0.04,0.035322239,0.11,23.51512893,23.52336123,23.53636586,25.65047117,-0.32511578,-0.04305542,-0.3681712,23.50040208,3.310775926,5.949862239
1175,Hoka,0.00937,2.38901,0.8481,0.38652,823.29343,125.63229,0.91754,0.09392,9.21725,-14.55338,0.04,0.039167584,0.11,-5.125114229,-5.072362338,-4.851853894,8.597964192,-5.512711118,-0.117159868,-5.629870986,-5.350309069,0.531316921,2.587547584
1176,Hoka,0.00416,2.9396,0.92424,0.89849,767.1656,43.52467,0.11116,0.36969,-3.48249,32.80652,0.04,0.039164825,0.11,60.20303838,60.11738101,59.31094932,-1.217511536,20.16079228,0.429921037,20.59071331,61.02666691,0.533115255,3.132924825
1177,Hoka,0.04308,0.29934,0.22724,0.11748,623.53231,33.81988,0.54842,0.06961,-8.2753,8.86387,0.04,0.039407954,0.11,10.21113615,8.591879527,7.110644851,-4.140707892,37.03086689,0.556334099,37.58720099,11.71462418,0.375588088,0.531827954
1178,Hoka,0.01648,2.21373,0.54266,0.80216,757.3868,37.04809,0.48942,0.65732,36.96596,13.21641,0.04,0.036731621,0.11,38.72767109,38.71545666,38.68823239,37.04748839,0.680606782,0.060560389,0.74116717,38.75731778,2.224499895,2.416941621
1179,Hoka,0.05305,3.27064,0.21327,0.33459,797.18063,62.24939,0.99724,0.66076,18.83068,18.04982,0.04,0.034767287,0.11,28.95277126,28.79795404,28.69649174,19.15169593,2.536557453,0.381769177,2.91832663,29.06950433,3.762670316,3.508457287
1180,Hoka,0.00846,6.14731,0.64639,0.42122,681.66541,82.81973,0.74349,0.18545,-7.70416,-7.14297,0.04,0.038469901,0.11,2.945858863,2.931567028,2.866578199,-7.518332352,1.62472072,0.064621538,1.689342257,3.013432553,0.994348394,6.344239901
1181,Hoka,0.05351,0.76857,0.57434,0.47767,401.16291,55.59948,0.20492,0.03445,36.99505,39.61932,0.04,0.039724533,0.11,46.18415586,45.6781806,45.30255677,38.03517856,9.390595732,0.065118407,9.455714139,46.56238443,0.173360693,1.011804533
1182,Hoka,0.0464,0.33087,0.32775,0.1135,619.2569,110.94567,0.46264,0.91315,24.34882,-7.17497,0.04,0.036326567,0.11,-3.567396753,-1.093521751,0.843275341,18.48403012,-48.41992729,-4.896344303,-53.3162716,-5.700047617,2.528062606,0.563596567
1183,Hoka,0.06916,6.59286,0.71493,0.95336,974.65223,89.67857,0.37257,0.99452,27.11884,1.69003,0.04,0.036871648,0.11,39.23107244,39.10804478,39.04245438,27.31451731,1.639760146,0.139124446,1.778884592,39.30222782,2.121109696,6.848891648
1184,Hoka,0.02564,3.01976,0.57538,0.48995,805.86653,80.63542,0.38332,0.31551,-1.91587,21.60207,0.04,0.038176794,0.11,36.27323728,35.96663162,35.51010974,-0.600479116,11.41304698,0.545051963,11.95809894,36.75156124,1.193922982,3.233576794
1185,Hoka,0.00025,1.7925,0.36759,0.14836,440.27354,56.13884,0.71395,0.12902,13.6206,34.0034,0.04,0.038910711,0.11,35.49549212,35.4926756,35.05430467,14.85986808,10.95927315,0.306800268,11.26607341,35.94613505,0.699864544,1.981660711
1186,Hoka,0.09354,1.29762,0.45886,0.3318,3.38046,77.67603,0.34623,0.4867,28.30957,35.97037,0.04,0.037811659,0.11,34.31341794,33.94849898,33.80098785,28.73870284,3.687778254,0.213429349,3.901207603,34.46946624,1.446869456,1.578971659
1187,Hoka,0.0254,0.74202,0.50469,0.97804,258.81697,133.30652,0.88615,0.64143,-8.0043,21.70654,0.04,0.035235241,0.11,28.20040158,27.19279281,25.79502363,-3.640639993,34.9442295,4.725406925,39.66963643,29.78718703,3.380677577,0.952655241
1188,Hoka,0.00595,3.48037,0.45086,0.955,36.24461,110.29673,0.40132,0.05085,24.82379,26.09544,0.04,0.039573181,0.11,25.43158895,25.43059431,25.42397901,24.8421783,0.165382596,0.001783743,0.167166338,25.4382756,0.269638792,3.675893181
1189,Hoka,0.02197,6.33209,0.90367,0.22557,462.84281,117.42016,0.30813,0.83972,-6.0949,4.55218,0.04,0.037509096,0.11,4.413371782,4.377862396,4.31723768,-5.917110627,1.515617897,0.100649134,1.616267031,4.478022464,1.660199679,6.541569096
1190,Hoka,0.04428,0.11846,0.26814,0.58069,996.48348,134.61272,0.56716,0.52359,1.89042,12.19882,0.04,0.036853848,0.11,31.9095593,27.61603895,24.04258034,12.5563468,89.33646522,7.626505724,96.96297094,35.78807814,2.134208496,0.349593848
1191,Hoka,0.00499,3.70502,0.33142,0.65697,642.86075,61.89639,0.57634,0.47187,28.28987,4.31582,0.04,0.037038843,0.11,21.85328984,21.86161707,21.92342689,28.1063038,-1.54524541,-0.123538269,-1.668783679,21.78653849,1.998683651,3.897048843
1192,Hoka,0.06761,4.20752,0.25916,0.28933,559.50729,96.91377,0.47923,0.96145,23.27542,12.13036,0.04,0.036124031,0.11,18.12332303,18.20210911,18.24420452,23.14723676,-1.052385309,-0.112916874,-1.165302183,18.07671094,2.682403318,4.461254031
1193,Hoka,0.08796,5.67105,0.55423,0.10731,430.40462,16.99882,0.64848,0.0652,1.93209,37.30958,0.04,0.039433327,0.11,38.6594353,38.11266907,37.86754843,2.615858593,6.128015986,0.088062136,6.216078122,38.90807842,0.359260389,5.948443327
1194,Hoka,0.03951,4.22941,0.87253,0.80846,850.55647,89.20176,0.22585,0.14544,6.66602,6.40261,0.04,0.039133295,0.11,32.68054471,32.44790064,32.21747471,7.313725568,5.760648352,0.127584082,5.888232435,32.916074,0.553688033,4.458053295
1195,Hoka,0.04397,3.87291,0.25067,0.86984,682.90751,60.32764,0.26346,0.2986,23.26192,-6.45955,0.04,0.038567695,0.11,18.75427638,18.80302897,18.84579164,23.13995538,-1.069066898,-0.039702409,-1.108769306,18.70992561,0.928436022,4.105447695
1196,Hoka,0.06881,0.24345,0.02927,0.3385,35.07751,25.5255,0.9178,0.26298,39.43085,-8.79071,0.04,0.037784692,0.11,-4.488262297,2.080825818,5.688019097,28.92947385,-90.17983196,-5.287223924,-95.46705589,-8.306944533,1.46574456,0.500044692
1197,Hoka,0.07298,6.68438,0.35283,0.53594,89.3734,47.54181,0.2622,0.16735,29.76204,0.83086,0.04,0.038987777,0.11,2.342909004,2.632649435,2.787436164,29.32532518,-3.869668212,-0.100466493,-3.970134705,2.184103616,0.649064001,6.946347777
1198,Hoka,0.07506,6.34471,0.93633,0.14711,964.44807,5.15698,0.949,0.50438,39.96874,11.67813,0.04,0.035969299,0.11,17.77211006,18.02586352,18.14746402,39.59686576,-3.040012657,-0.340662227,-3.380674883,17.63688306,2.801486911,6.605739299
1199,Hoka,0.00797,2.88668,0.36327,0.72271,559.41064,45.42745,0.83629,0.32077,26.10155,39.15666,0.04,0.037422583,0.11,55.6288096,55.55145041,55.18821571,27.16924266,9.080867528,0.625429344,9.706296872,56.01706147,1.721832583,3.082072583
1200,Hoka,0.05245,0.7551,0.26507,0.46074,776.4279,47.63965,0.23949,0.65484,27.47952,18.91803,0.04,0.03814883,0.11,33.66369834,33.32430256,33.07744742,28.19131287,6.171378502,0.299465813,6.470844315,33.92253211,1.213123668,0.99569883
1201,Hoka,0.09302,1.61926,0.18999,0.9316,579.41261,43.10585,0.32515,0.30572,0.95591,9.57242,0.04,0.038362629,0.11,32.01732022,30.46445223,29.82402976,2.792240669,16.01056187,0.683353306,16.69391518,32.68507683,1.067035173,1.900642629
1202,Hoka,0.0037,2.34132,0.97849,0.64717,140.80443,136.79595,0.96031,0.63548,-7.41462,31.99151,0.04,0.03504769,0.11,29.54009068,29.48517955,28.96504219,-5.782126959,13.0034341,1.837411723,14.84084583,30.13372452,3.532550919,2.53006769
1203,Hoka,0.05884,5.24143,0.21486,0.10674,627.67187,52.82899,0.16754,0.61512,35.69138,7.17843,0.04,0.038662127,0.11,9.788012354,10.06772847,10.25152215,35.16845727,-4.594842023,-0.159000939,-4.753842963,9.597858635,0.865105581,5.488932127
1204,Hoka,0.05544,4.72281,0.55568,0.20838,641.34081,16.58491,0.81257,0.80962,32.58194,-11.88089,0.04,0.034611708,0.11,-6.156271955,-5.720012194,-5.447651162,31.71634524,-6.809025798,-1.060017504,-7.869043302,-6.471033687,3.891957292,4.962861708
1205,Hoka,0.0182,6.54919,0.82021,0.94643,173.93938,18.84735,0.56605,0.3731,14.46152,2.82816,0.04,0.037516293,0.11,9.343977819,9.357848342,9.386440136,14.37768716,-0.714794837,-0.047321857,-0.762116693,9.313493151,1.655085297,6.754906293
1206,Hoka,0.05552,4.71751,0.48644,0.60875,816.03856,110.73317,0.05216,0.07982,17.79028,9.4885,0.04,0.039704871,0.11,28.65665803,28.53410394,28.44645994,18.0330925,2.191099816,0.016286589,2.207386405,28.74495349,0.185826649,4.962734871
1207,Hoka,0.03289,4.86592,0.21762,0.99109,9.8374,132.2673,0.78677,0.97797,-4.02715,20.86965,0.04,0.03400174,0.11,19.85265683,19.69690903,19.53589667,-3.50625434,4.025308864,0.71010623,4.735415093,20.04207343,4.410259274,5.08281174
1208,Hoka,0.00826,1.09845,0.61076,0.82853,345.2217,29.62538,0.41865,0.53891,30.97184,34.95671,0.04,0.037371346,0.11,46.12270108,46.02291001,45.57141771,32.30077669,11.28730765,0.793935022,12.08124267,46.60595078,1.758468552,1.294081346
1209,Hoka,0.0471,4.31593,0.77738,0.33099,651.05692,57.31748,0.1368,0.83382,-2.45183,26.7831,0.04,0.038820307,0.11,33.89287868,33.51346986,33.20075719,-1.565737226,7.817816806,0.237572048,8.055388854,34.21509423,0.75971353,4.551850307
1210,Hoka,0.08372,0.62217,0.32023,0.30547,146.25224,123.94573,0.77882,0.6491,38.82836,29.94575,0.04,0.035553454,0.11,30.55131633,31.36517436,31.71079625,37.75902909,-8.64054712,-1.080642977,-9.721190097,30.16246872,3.126662471,0.891443454
1211,Hoka,0.05419,0.34152,0.84251,0.66178,148.19557,76.30161,0.54886,0.95683,36.19238,6.72452,0.04,0.03564362,0.11,10.12002012,12.72988755,14.44653497,30.89462364,-42.91618557,-5.245235923,-48.16142149,8.193563255,3.055511489,0.58135362
1212,Hoka,0.02688,5.273,0.56207,0.19667,553.18425,38.302,0.85722,0.06767,14.14821,3.99307,0.04,0.039398393,0.11,7.833610574,7.864758997,7.910413679,14.02074249,-1.141367037,-0.01742849,-1.158795527,7.787258753,0.381745948,5.489278393
1213,Hoka,0.01468,6.81549,0.27764,0.18057,144.00112,26.71358,0.5172,0.88109,22.42292,35.32854,0.04,0.036025588,0.11,36.05842322,36.02973005,35.95931531,22.63792334,1.760368606,0.194207216,1.954575821,36.13660626,2.75804759,7.016195588
1214,Hoka,0.07417,6.54438,0.03846,0.51589,321.56489,49.91102,0.90519,0.9374,20.87935,2.13897,0.04,0.033478822,0.11,9.336491025,9.463100046,9.520248771,20.69157877,-1.428718121,-0.278293085,-1.707011206,9.268210577,4.869628957,6.802028822
1215,Hoka,0.07463,4.27825,0.42285,0.42213,794.80593,72.37075,0.27607,0.62575,17.04507,16.3626,0.04,0.03794814,0.11,29.50876484,29.30209942,29.19701341,17.34968204,2.627150061,0.142050284,2.769200345,29.61953285,1.351752666,4.54082814
1216,Hoka,0.0424,0.25586,0.1127,0.93856,641.64711,73.56721,0.88395,0.98985,19.947,15.96553,0.04,0.033336085,0.11,39.9746056,38.05164816,36.53976437,24.93580468,37.7970948,7.555675024,45.35276982,41.78871639,4.997523662,0.481596085
1217,Hoka,0.09735,4.0893,0.25561,0.72428,601.9648,7.04392,0.3417,0.94463,37.54309,11.60316,0.04,0.037159418,0.11,30.54559598,30.70278011,30.76277878,37.36548082,-1.499966782,-0.114662137,-1.61462892,30.48101082,1.911077944,4.373809418
1218,Hoka,0.07812,6.38805,0.4981,0.36075,71.02469,71.75006,0.77144,0.96624,15.91669,35.78203,0.04,0.034146641,0.11,35.2253406,34.99715307,34.89741117,16.2379986,2.493547581,0.427439665,2.920987246,35.34218009,4.285457277,6.650316641
1219,Hoka,0.00428,4.16567,0.72612,0.49617,369.18818,8.97075,0.23559,0.65054,-7.75369,24.59681,0.04,0.0381781,0.11,31.91053115,31.87121716,31.52053173,-6.743283586,8.767135688,0.418377162,9.18551285,32.27795166,1.193026939,4.3581281
1220,Hoka,0.07582,0.29352,0.31102,0.24473,857.37549,99.81406,0.32177,0.33886,10.18658,9.50915,0.04,0.038273565,0.11,16.77324872,15.80843393,15.32140015,11.58633767,12.17584448,0.549225278,12.72506976,17.28225151,1.127694425,0.557613565
1221,Hoka,0.02251,0.07087,0.2887,0.58514,124.74013,103.5275,0.87828,0.25259,11.79171,-6.69908,0.04,0.037889902,0.11,-2.461968541,-1.132128802,1.106320674,5.293159517,-55.96123688,-3.116494785,-59.07773167,-4.825077808,1.392256032,0.281269902
1222,Hoka,0.07141,4.35031,0.58611,0.92131,177.75129,132.81973,0.30644,0.96063,1.42536,33.29849,0.04,0.037416023,0.11,36.72498802,36.17329807,35.8842343,2.275183481,7.226594299,0.499073714,7.725668013,37.03401474,1.726517684,4.609136023
1223,Hoka,0.01101,2.09469,0.86833,0.58342,980.46682,95.7583,0.55017,0.032,38.17811,15.04074,0.04,0.039717369,0.11,36.32893301,36.33795992,36.37052349,38.08792294,-0.814089289,-0.005793103,-0.819882392,36.29613772,0.177901325,2.295417369
1224,Hoka,0.06277,2.39076,0.37615,0.51127,707.04135,128.10729,0.86394,0.43932,33.90076,17.75895,0.04,0.036570983,0.11,31.41893367,31.47884836,31.51375579,33.79576373,-0.872685612,-0.081825903,-0.954511514,31.38075321,2.344083075,2.640100983
1225,Hoka,0.00922,6.84872,0.71996,0.41553,302.56987,110.20789,0.82187,0.98937,25.61179,21.20601,0.04,0.033729517,0.11,23.2361724,23.23930068,23.25074487,25.57446777,-0.286104741,-0.05318828,-0.339293021,23.22260068,4.647623109,7.041669517
1226,Hoka,0.00025,1.70756,0.75218,0.48879,551.47385,28.65715,0.27495,0.15034,9.1422,9.86651,0.04,0.039040877,0.11,20.40644721,20.40493063,20.16809627,9.809494939,5.920858941,0.14545869,6.066317631,20.64909992,0.614179004,1.896850877
1227,Hoka,0.01053,5.63686,0.93363,0.70741,955.6393,42.74227,0.7768,0.45014,31.47384,36.77856,0.04,0.036665108,0.11,64.21009722,64.150603,63.94344612,32.09533707,5.178922096,0.471051302,5.649973398,64.43609616,2.273886791,5.834055108
1228,Hoka,0.06821,0.61188,0.66715,0.82984,924.63223,139.61659,0.11852,0.05936,2.63672,14.90194,0.04,0.039627619,0.11,42.30071101,39.0399862,37.1456194,7.895182534,47.3591699,0.44503496,47.80420486,44.21287921,0.234925444,0.869717619
1229,Hoka,0.06235,1.95317,0.42427,0.64438,484.68585,44.45986,0.29217,0.27246,19.9015,17.60567,0.04,0.038555985,0.11,30.17486275,29.87887306,29.695839,20.42369511,4.575851601,0.171376693,4.747228294,30.36475188,0.936310375,2.204075985
1230,Hoka,0.08552,4.00849,0.08604,0.28782,909.17229,111.99269,0.22629,0.40757,29.31994,31.91101,0.04,0.038503853,0.11,42.74280714,42.47223087,42.35040873,29.66796842,3.045553449,0.118341263,3.163894712,42.86936293,0.97142658,4.282513853
1231,Hoka,0.03149,6.95641,0.61247,0.18755,294.16576,30.27176,0.08403,0.10191,-1.64139,17.33035,0.04,0.039564124,0.11,18.80836413,18.71814122,18.60478491,-1.32622583,2.833907823,0.031220992,2.865128815,18.92296928,0.275423497,7.177464124
1232,Hoka,0.04175,4.39426,0.93768,0.79593,412.16265,107.07247,0.92315,0.09912,0.68831,20.50639,0.04,0.039122346,0.11,30.14734619,29.87910644,29.62774911,1.395049465,6.283933195,0.140971032,6.424904227,30.40434236,0.560839157,4.625132346
1233,Hoka,0.07673,1.77655,0.53641,0.61509,694.80148,13.26145,0.23139,0.7515,29.94441,16.19707,0.04,0.03812977,0.11,34.38023631,34.21017571,34.12566676,30.1882086,2.112723758,0.103627124,2.216350882,34.46889035,1.226226614,2.04140977
1234,Hoka,0.03994,4.77176,0.04514,0.51161,49.95631,104.21329,0.97594,0.97133,-5.16816,32.14544,0.04,0.032882057,0.11,32.74603988,32.44040499,32.18877995,-4.326401414,6.290625928,1.361724853,7.652350781,33.05213391,5.411722412,4.994582057
1235,Hoka,0.04668,3.73119,0.69076,0.84165,100.59994,125.96852,0.06648,0.41486,39.37695,14.19857,0.04,0.039452795,0.11,14.35153888,14.6489899,14.90038824,38.67601571,-6.284958418,-0.087171511,-6.372129929,14.09665368,0.34674657,3.967322795
1236,Hoka,0.02746,4.87724,0.4642,0.93807,232.89248,125.51787,0.37479,0.09093,36.67696,38.65266,0.04,0.03929208,0.11,45.5478447,45.49964626,45.43067989,36.87003456,1.724159373,0.031063935,1.755223308,45.61805363,0.450421451,5.09399208
1237,Hoka,0.04695,0.88364,0.39722,0.47367,213.50523,3.23273,0.66537,0.94992,3.38644,-6.48146,0.04,0.034883059,0.11,-1.942105437,-1.709486678,-1.536654859,2.841433323,-4.320795469,-0.633810685,-4.954606155,-2.140289683,3.667210643,1.115473059
1238,Hoka,0.02846,5.22833,0.2365,0.95724,442.90903,7.26077,0.99555,0.07004,27.2555,-6.9495,0.04,0.03937094,0.11,11.52571319,11.60852051,11.72307436,26.93544357,-2.863846008,-0.045757866,-2.909603873,11.40932903,0.399444187,5.44616094
1239,Hoka,0.00836,5.45852,0.76246,0.92425,856.21767,116.52138,0.10566,0.82478,32.70623,28.18179,0.04,0.039078462,0.11,58.54195999,58.50350054,58.32372346,33.21227546,4.494426915,0.105986384,4.600413299,58.72597653,0.58954337,5.655958462
1240,Hoka,0.00443,0.43568,0.22249,0.37043,479.46406,124.54678,0.73529,0.76707,25.52266,7.89122,0.04,0.035175238,0.11,15.11948252,15.19822375,15.82344752,23.5674603,-15.6305944,-2.143948332,-17.77454273,14.40850081,3.429089573,0.625285238
1241,Hoka,0.07147,6.07323,0.24214,0.90532,972.53254,137.79553,0.20104,0.7206,26.48378,35.06123,0.04,0.038367139,0.11,71.60431954,71.09188818,70.81680038,27.27246686,6.877195026,0.292685502,7.169880528,71.89111476,1.063971215,6.333067139
1242,Hoka,0.01487,2.48927,0.97505,0.60132,417.18491,123.22755,0.86039,0.06851,2.78406,-12.30991,0.04,0.039390947,0.11,-6.487170187,-6.435215566,-6.297586669,2.399728579,-3.440722429,-0.053199584,-3.493922012,-6.626927067,0.386543704,2.693530947
1243,Hoka,0.03524,6.99546,0.53426,0.9019,66.3821,66.22282,0.28036,0.89225,27.57506,29.51016,0.04,0.037668983,0.11,30.55831088,30.54366553,30.52801072,27.62077479,0.391370335,0.024218623,0.415588958,30.57493444,1.54704001,7.218368983
1244,Hoka,0.04209,5.47101,0.72848,0.47936,452.64258,34.6122,0.41391,0.21158,38.71139,-9.23638,0.04,0.038567183,0.11,-0.62091021,-0.328505789,-0.060574813,37.94720643,-6.698274407,-0.24884893,-6.947123337,-0.898795144,0.928779992,5.701667183
1245,Hoka,0.05461,2.78725,0.769,0.5967,736.25979,102.88778,0.36659,0.46609,6.82975,-11.76736,0.04,0.037774548,0.11,3.932513059,3.985435283,4.022042371,6.723149659,-0.915177203,-0.05391681,-0.969094013,3.893749299,1.472851645,3.029634548
1246,Hoka,0.02384,4.43857,0.5714,0.72833,476.73596,69.1593,0.09878,0.20747,3.00509,21.18634,0.04,0.039355913,0.11,34.29337417,34.13163294,33.86462481,3.751379236,6.675203196,0.109244402,6.784447598,34.56475208,0.409142608,4.651765913
1247,Hoka,0.01556,1.47927,0.24387,0.11301,675.57849,147.9916,0.09287,0.55845,-3.98118,-10.96336,0.04,0.039225579,0.11,-9.08881206,-9.040471386,-8.918608216,-4.322919984,-3.046579251,-0.060147872,-3.106727124,-9.213081145,0.493568913,1.684055579
1248,Hoka,0.05051,2.22525,0.26685,0.47349,939.70157,84.32333,0.34504,0.74737,0.77585,12.6795,0.04,0.037365286,0.11,30.55477408,29.93403298,29.47483344,2.127691635,11.47998847,0.80948094,12.28946941,31.04635286,1.762808696,2.463125286
1249,Hoka,0.06996,4.49874,0.11453,0.99289,294.70781,76.60099,0.58929,0.17365,-9.62201,-14.51092,0.04,0.038634353,0.11,-2.232736086,-2.342322044,-2.402839234,-9.449705035,1.512929743,0.053479029,1.566408773,-2.170079735,0.883699814,4.757334353
1250,Hoka,0.05935,2.2671,0.04622,0.23553,131.67835,112.88107,0.4157,0.21091,13.06921,-4.3085,0.04,0.038568219,0.11,-2.928353735,-2.544738213,-2.29544811,12.3582124,-6.232252558,-0.231361976,-6.463614535,-3.186898317,0.928083283,2.515018219
1251,Hoka,0.05486,1.53972,0.57358,0.9834,4.21154,86.69651,0.10981,0.40048,15.87864,6.07373,0.04,0.039157318,0.11,4.356059793,4.718573541,4.977324289,15.15176227,-6.468768712,-0.139210648,-6.607979361,4.091740619,0.538010611,1.783737318
1252,Hoka,0.01695,3.20528,0.85728,0.15143,985.24534,141.76894,0.2476,0.90821,-2.40259,35.62193,0.04,0.03791032,0.11,36.36441643,36.16943916,35.73335358,-1.137250785,10.90213954,0.600944233,11.50308378,36.82453978,1.378041969,3.41014032
1253,Hoka,0.05038,6.83007,0.38655,0.71639,570.66696,134.83856,0.7816,0.80105,-6.3914,26.65801,0.04,0.034801889,0.11,41.89171811,41.54546668,41.30628042,-5.635392518,5.979656509,0.893138783,6.872795292,42.16662992,3.734072273,7.065251889
1254,Hoka,0.00524,0.19054,0.94837,0.84094,26.34556,12.67849,0.91068,0.02708,28.57864,1.81174,0.04,0.039754984,0.11,4.983640702,5.34145627,8.056141804,21.06724451,-67.86713836,-0.418275218,-68.28541358,2.252224159,0.1540787,0.385534984
1255,Hoka,0.07883,4.58307,0.27427,0.2541,114.28431,88.14315,0.46646,0.52705,19.69796,-13.38824,0.04,0.037208074,0.11,-12.90555335,-12.37112265,-12.11886924,18.95221122,-6.30633543,-0.473198912,-6.779534343,-13.17673472,1.875887025,4.849108074
1256,Hoka,0.00487,6.54718,0.75028,0.73292,309.53169,37.8443,0.29926,0.66959,30.65985,6.96546,0.04,0.037753557,0.11,15.68392093,15.69480674,15.77919646,30.41396933,-2.109743187,-0.125535645,-2.235278832,15.59450978,1.487570214,6.739803557
1257,Hoka,0.03774,0.00931,0.52384,0.66028,568.32481,7.93534,0.89787,0.22514,32.40025,20.98474,0.04,0.038091865,0.11,36.31660618,35.55919166,34.79471545,34.60787048,19.11190512,0.957372005,20.06927713,37.11937726,1.252324139,0.235141865
1258,Hoka,0.06692,6.1988,0.61847,0.80729,941.19629,38.44486,0.33731,0.15182,29.69304,2.5871,0.04,0.038960337,0.11,34.55855838,34.50779974,34.47824842,29.77647471,0.738782868,0.019714535,0.758497404,34.58889828,0.667128871,6.454680337
1259,Hoka,0.06224,0.52088,0.44257,0.30756,331.68177,78.5753,0.21891,0.38825,4.41239,-11.50119,0.04,0.038567502,0.11,-7.904501632,-6.856782034,-6.207554406,2.560700479,-16.23069069,-0.602850403,-16.8335411,-8.577843276,0.928565541,0.771687502
1260,Hoka,0.04872,4.64145,0.32832,0.49404,617.68389,46.44395,0.89663,0.70432,11.43379,4.7892,0.04,0.034823433,0.11,17.34516772,17.28560149,17.24302553,11.56827861,1.064398895,0.158224838,1.222623733,17.39407267,3.716295611,4.874993433
1261,Hoka,0.02451,5.88381,0.08717,0.66918,273.39795,18.24338,0.26273,0.9535,21.84215,-1.57582,0.04,0.037764522,0.11,6.411410429,6.473861246,6.570084227,21.56187298,-2.405574515,-0.142398439,-2.547972954,6.309491511,1.479879733,6.096084522
1262,Hoka,0.08412,0.96882,0.49279,0.97853,96.42077,143.56543,0.44554,0.05211,25.19311,-8.23456,0.04,0.039558251,0.11,-6.165235697,-3.971582576,-2.939995796,22.32456693,-25.7896695,-0.287994799,-26.0776643,-7.208342269,0.279176512,1.242498251
1263,Hoka,0.05321,4.29178,0.43416,0.95834,74.53015,41.50621,0.07316,0.62208,24.79296,5.38474,0.04,0.039370687,0.11,7.857418678,8.057923314,8.206278984,24.37846066,-3.708891765,-0.059284068,-3.768175832,7.706691644,0.399607697,4.534360687
1264,Hoka,0.06538,5.00945,0.49826,0.8306,19.45134,89.57501,0.10134,0.64044,30.86186,29.34403,0.04,0.039143525,0.11,28.12691232,28.16114122,28.18163434,30.80427084,-0.512327883,-0.011209932,-0.523537815,28.10597081,0.547009644,5.263973525
1265,Hoka,0.00737,5.32169,0.9234,0.28392,313.79235,102.00788,0.82941,0.89057,18.32019,22.85575,0.04,0.034136625,0.11,22.60261982,22.59685326,22.57014351,18.40625804,0.667743685,0.114693,0.782436684,22.63391729,4.294050327,5.513196625
1266,Hoka,0.06979,5.77934,0.13461,0.8989,595.86614,91.38959,0.309,0.25533,33.50129,-1.0636,0.04,0.038569522,0.11,21.76778902,21.90432154,21.97977639,33.28609331,-1.88637128,-0.0699623,-1.956333581,21.68953568,0.92720745,6.037699522
1267,Hoka,0.03605,4.04836,0.79981,0.89303,1.90037,112.31664,0.89462,0.67381,5.41458,26.39048,0.04,0.035012368,0.11,22.39790773,22.25314825,22.11255541,5.856287138,3.514821061,0.500698376,4.015519437,22.5585285,3.561336177,4.269422368
1268,Hoka,0.03384,6.67827,0.06207,0.93988,199.3461,93.58637,0.64372,0.73263,31.04417,15.42675,0.04,0.035747811,0.11,23.36512699,23.40301911,23.4430475,30.92099819,-1.000709639,-0.119034051,-1.119743691,23.32033724,2.973741001,6.897857811
1269,Hoka,0.0569,1.83989,0.32525,0.33574,591.44034,33.64025,0.59539,0.52994,30.24635,-7.56512,0.04,0.036733975,0.11,1.161948025,1.971775799,2.494591151,28.68077785,-13.07038378,-1.162090279,-14.23247406,0.592649063,2.222754699,2.083523975
1270,Hoka,0.05473,0.74699,0.25131,0.27312,639.74375,73.81449,0.20978,0.63507,22.18069,14.13515,0.04,0.038361176,0.11,20.97614565,21.04553416,21.09416972,22.04122836,-1.215889207,-0.051943879,-1.267833086,20.92543233,1.068022455,0.990081176
1271,Hoka,0.03157,4.31998,0.29161,0.57085,410.30893,97.28786,0.46088,0.07872,2.69137,1.87802,0.04,0.039352694,0.11,10.75654997,10.6999796,10.6294634,2.888479304,1.762905033,0.028997729,1.791902762,10.82822608,0.411220806,4.540902694
1272,Hoka,0.01702,2.90419,0.05006,0.27752,194.92377,18.35562,0.51219,0.09755,37.66504,28.4436,0.04,0.03920154,0.11,30.84447119,30.88227918,30.96936092,37.42068755,-2.17704367,-0.044342201,-2.221385871,30.75561575,0.509202011,3.11041154
1273,Hoka,0.02119,6.71967,0.12044,0.77726,548.4518,122.54063,0.67715,0.07406,5.4891,35.22465,0.04,0.039357539,0.11,52.84239417,52.69676506,52.42627881,6.245079377,6.762156242,0.110383545,6.872539787,53.11729576,0.408093,6.930217539
1274,Hoka,0.0153,4.47265,0.57211,0.87631,887.60968,87.07543,0.95722,0.21505,30.44141,26.14783,0.04,0.038145876,0.11,57.56616915,57.47665227,57.25346929,31.08499538,5.579574476,0.271201668,5.850776143,57.80020019,1.215153901,4.676095876
1275,Hoka,0.03336,6.2434,0.37809,0.44444,121.57809,142.64408,0.72224,0.71759,38.81484,29.40315,0.04,0.035450501,0.11,29.46580833,29.51437162,29.56597813,38.65470923,-1.290162682,-0.16557155,-1.455734232,29.40757896,3.208346369,6.462210501
1276,Hoka,0.02585,3.27904,0.14663,0.80463,767.5357,148.06516,0.74068,0.19968,11.24046,6.87885,0.04,0.038366045,0.11,32.539591,32.38015233,32.14351671,11.91892241,5.915890674,0.251949395,6.167840069,32.7863046,1.064714551,3.493256045
1277,Hoka,0.04846,5.09052,0.57937,0.15818,74.27107,133.94038,0.23702,0.14038,-0.69007,20.30629,0.04,0.039136506,0.11,17.30699093,17.14206689,17.00887351,-0.315706708,3.329834376,0.073468276,3.403302653,17.44312304,0.551591071,5.328116506
1278,Hoka,0.08772,3.11056,0.38275,0.99549,67.76549,113.02108,0.845,0.53841,20.43827,-14.77359,0.04,0.035977079,0.11,-13.31762288,-12.43220443,-12.06906296,19.32796414,-9.078536817,-1.015152777,-10.09368959,-13.72137047,2.795474639,3.384257079
1279,Hoka,0.03769,0.28443,0.81841,0.24917,157.70026,40.24981,0.72084,0.62232,2.30554,-3.75991,0.04,0.035892739,0.11,-3.027845863,-2.598337654,-2.1893107,1.05200052,-10.22567386,-1.170139595,-11.39581345,-3.483678401,2.86078847,0.508012739
1280,Hoka,0.04762,3.50998,0.69841,0.7822,581.40321,148.82762,0.41206,0.50851,39.93604,35.14249,0.04,0.037479593,0.11,50.28428751,50.15128536,50.04660526,40.24326882,2.617002493,0.175986767,2.792989259,50.39600708,1.681186463,3.745079593
1281,Hoka,0.0459,0.09921,0.83433,0.59358,817.18212,46.18383,0.54581,0.72613,7.30128,33.41944,0.04,0.036255261,0.11,47.33745082,41.03038375,36.04858941,22.41625555,124.5448585,12.86401012,137.4088686,52.83380556,2.582204171,0.331365261
1282,Hoka,0.01981,3.00768,0.77654,0.59983,709.89662,8.44719,0.71582,0.4062,1.71766,-0.27458,0.04,0.037043184,0.11,17.75197915,17.65192039,17.46481816,2.273261408,4.67755576,0.373366131,5.050921891,17.95401603,1.995519401,3.214533184
1283,Hoka,0.08744,3.74403,0.58494,0.38006,436.67154,138.31211,0.35032,0.81176,10.23142,12.4413,0.04,0.037246201,0.11,16.08062978,15.95208206,15.89732549,10.39313374,1.368914187,0.101210719,1.470124906,16.13943478,1.848375895,4.018716201
1284,Hoka,0.02513,0.5442,0.30614,0.70473,113.36444,89.99043,0.99807,0.601,16.78747,20.0076,0.04,0.035180735,0.11,21.9919641,21.80891725,21.55266088,17.58870968,6.406409191,0.87758788,7.283997071,22.28332398,3.424648091,0.754510735
1285,Hoka,0.09212,6.47356,0.09402,0.50535,343.41025,19.30985,0.56222,0.30087,13.99895,32.42051,0.04,0.037892233,0.11,39.73356622,39.38044976,39.2352004,14.42060448,3.631234028,0.201988484,3.833222512,39.88689512,1.390632509,6.753572233
1286,Hoka,0.01146,4.9736,0.40605,0.87839,173.03378,142.8277,0.24097,0.70792,30.83036,33.46689,0.04,0.038094676,0.11,37.50168447,37.48679044,37.43728054,30.97332193,1.237747342,0.061906554,1.299653896,37.55367063,1.250387535,5.173154676
1287,Hoka,0.01032,6.13242,0.48538,0.76368,637.6931,96.98382,0.08308,0.58807,15.12119,7.32527,0.04,0.039295981,0.11,26.38062409,26.36215672,26.29183759,15.31803213,1.757978287,0.031495601,1.789473888,26.45220305,0.447895199,6.332035981
1288,Hoka,0.0743,5.23559,0.48157,0.58835,333.81875,91.54525,0.10193,0.02677,-3.74126,-9.72862,0.04,0.039803255,0.11,-3.110769001,-3.119349242,-3.123945763,-3.728557087,0.114913023,0.000568007,0.11548103,-3.10614976,0.123573281,5.499693255
1289,Hoka,0.07284,1.98559,0.19281,0.32596,289.04048,131.86132,0.04287,0.39914,19.80268,28.93254,0.04,0.039635761,0.11,31.70780661,31.31507853,31.10137622,20.39576194,5.342557762,0.049096247,5.391654008,31.92347277,0.2297413,2.248065761
1290,Hoka,0.07191,2.7096,0.76368,0.38165,747.18759,37.60574,0.76957,0.10987,8.25524,15.37787,0.04,0.03905208,0.11,26.2816229,25.83929233,25.59907638,8.9318686,6.005398671,0.145770424,6.151169095,26.52766966,0.606830754,2.97056208
1291,Hoka,0.04354,6.70696,0.5738,0.52347,351.92621,48.60831,0.15732,0.22791,27.79217,10.24439,0.04,0.039084691,0.11,17.10337363,17.17082554,17.23137532,27.62175864,-1.513744377,-0.035449792,-1.549194169,17.04140586,0.585465297,6.939584691
1292,Hoka,0.03702,5.0705,0.69116,0.28588,754.92352,129.97993,0.84295,0.40179,9.96791,-1.87243,0.04,0.036856135,0.11,3.653060782,3.697552404,3.741847089,9.83570907,-1.107367114,-0.094459526,-1.20182664,3.604987716,2.132525085,5.294376135
1293,Hoka,0.09347,0.74927,0.13751,0.71686,500.02552,129.14265,0.54791,0.74321,8.44808,24.94108,0.04,0.036194892,0.11,38.53667375,35.6928254,34.59158668,11.79485777,27.53096816,2.894284291,30.42525245,39.75368385,2.628207873,1.028934892
1294,Hoka,0.07562,0.48099,0.44313,0.15277,189.00391,22.92932,0.77101,0.77836,12.90592,23.07793,0.04,0.034956873,0.11,23.29899499,22.17875348,21.66089921,14.53546993,12.94635674,1.867733536,14.81409027,23.8915586,3.606677873,0.741566873
1295,Hoka,0.02822,3.85894,0.14514,0.91548,48.24297,91.98936,0.88129,0.74789,28.06844,4.1168,0.04,0.034630678,0.11,5.678677344,5.835391606,6.027706316,27.45757647,-4.807867733,-0.7454371,-5.553304833,5.456545151,3.876131485,4.071790678
1296,Hoka,0.02128,4.51805,0.70392,0.58306,330.54186,57.27746,0.52016,0.99686,26.40081,22.10176,0.04,0.035762064,0.11,28.70844878,28.69796733,28.68035275,26.45499042,0.440364477,0.052184815,0.492549292,28.72815075,2.962592214,4.725092064
1297,Hoka,0.06809,0.58935,0.37143,0.7454,184.25558,126.54511,0.3877,0.0738,-3.3514,33.00484,0.04,0.039405651,0.11,35.02994455,31.79092883,29.9164168,1.88125868,46.8628008,0.706823565,47.56962436,36.93272953,0.377070701,0.846845651
1298,Hoka,0.00695,6.65912,0.45422,0.51047,376.98296,96.74478,0.9835,0.07464,-8.10373,-8.58715,0.04,0.039330935,0.11,-2.165692976,-2.171748284,-2.206016048,-8.00789058,0.856694091,0.014573364,0.871267455,-2.130842277,0.425279109,6.855400935
1299,Hoka,0.02639,4.97323,0.49395,0.56773,158.80278,55.44805,0.52964,0.9598,36.05931,0.5865,0.04,0.035770553,0.11,3.568151455,3.734794136,3.960671395,35.36470239,-5.646931492,-0.667683154,-6.314614646,3.315566869,2.955955613,5.185390553
1300,Hoka,0.07858,4.80752,0.3731,0.18721,937.59868,147.34654,0.24399,0.27561,34.25401,-14.84997,0.04,0.0386876,0.11,-9.262812369,-8.583627431,-8.249241646,33.30325481,-8.359644619,-0.283584416,-8.643229035,-9.60854153,0.848075574,5.0747876
1301,Hoka,0.06498,5.86004,0.95502,0.48903,491.78729,101.43169,0.98011,0.3623,23.30606,-5.38599,0.04,0.036966131,0.11,1.005675206,1.244325126,1.380089426,22.9020666,-3.394107501,-0.27855978,-3.672667281,0.858768515,2.051789608,6.111986131
1302,Hoka,0.01588,4.64588,0.7506,0.16693,800.38402,60.73673,0.7968,0.67491,7.11528,6.60939,0.04,0.035354561,0.11,10.40890181,10.39802154,10.37379816,7.190647124,0.60558445,0.079571223,0.685155673,10.43630804,3.284893753,4.847114561
1303,Hoka,0.03111,2.53595,0.0932,0.96395,944.44601,59.91995,0.6039,0.82925,17.19389,-2.22212,0.04,0.035632649,0.11,36.82811114,36.60293981,36.34503396,17.99005993,6.447646261,0.790262223,7.237908485,37.11762748,3.064150045,2.752692649
1304,Hoka,0.0701,3.90127,0.56139,0.95989,646.99775,17.79777,0.52571,0.65768,0.22259,7.63278,0.04,0.036556693,0.11,33.87352394,33.30067973,33.00194521,1.121489618,7.468363071,0.703451642,8.171814713,34.20039653,2.35477184,4.157926693
1305,Hoka,0.0348,6.59586,0.93282,0.44888,971.51927,30.8416,0.93158,0.26372,6.15055,9.00549,0.04,0.037770195,0.11,26.5946699,26.48971118,26.37579419,6.482316076,2.847924895,0.168130344,3.016055239,26.71531211,1.475902197,6.818430195
1306,Hoka,0.03814,3.31509,0.85636,0.43058,765.35925,125.60674,0.56438,0.74198,-8.76003,8.88233,0.04,0.036112185,0.11,18.22533731,17.93121862,17.65273755,-7.911759026,6.962026974,0.749527334,7.711554308,18.53379948,2.691483876,3.539342185
1307,Hoka,0.08073,3.8957,0.11967,0.84702,750.325,81.67483,0.8193,0.34936,20.12353,-14.2472,0.04,0.037243296,0.11,13.02884752,13.16774157,13.23181778,19.9342776,-1.601905257,-0.118571119,-1.720476375,12.96002846,1.850470217,4.163673296
1308,Hoka,0.06307,0.59799,0.14321,0.21509,759.49177,4.65998,0.86207,0.53069,7.78193,11.04267,0.04,0.035983426,0.11,17.62820627,16.85872519,16.41971194,9.123977223,10.97533121,1.225098096,12.2004293,18.11622344,2.790572041,0.847043426
1309,Hoka,0.06838,1.2095,0.49222,0.25767,749.75694,1.97034,0.55834,0.82011,39.27844,-6.19527,0.04,0.035922483,0.11,3.176366478,4.910216375,5.821070321,36.48926936,-22.77134866,-2.584748104,-25.35609676,2.162122608,2.837719609,1.463802483
1310,Hoka,0.05863,2.52458,0.61707,0.99471,241.80493,80.88483,0.60846,0.73678,-2.54454,16.69701,0.04,0.035904882,0.11,24.58692351,24.00405405,23.64710609,-1.450976293,8.923699021,1.01778922,9.941488242,24.98458304,2.851365835,2.769114882
1311,Hoka,0.0368,1.26641,0.73128,0.84443,613.81826,118.59411,0.93882,0.63331,24.72999,27.78651,0.04,0.035124998,0.11,45.96529811,45.42574108,44.91074272,26.34279636,12.87495895,1.78691703,14.66187598,46.55177315,3.469752868,1.488334998
1312,Hoka,0.01288,3.57316,0.34827,0.33352,112.94762,131.11232,0.83901,0.27679,1.86155,-1.76229,0.04,0.03773668,0.11,-2.067682921,-2.054128677,-2.014416552,1.745791705,-0.99280312,-0.059545014,-1.052348134,-2.109776846,1.499416463,3.77377668
1313,Hoka,0.00219,6.17561,0.64799,0.29398,891.53304,120.43511,0.21717,0.71843,1.83594,-4.33342,0.04,0.038252989,0.11,3.657330035,3.656699493,3.645685735,1.867611076,0.275343934,0.012574937,0.287918871,3.66884679,1.141748151,6.366052989
1314,Hoka,0.08902,0.8092,0.81902,0.93632,753.94184,43.8802,0.48545,0.30067,5.36754,-10.18271,0.04,0.038021737,0.11,18.44731272,17.33441373,16.85907839,6.742724098,11.88338357,0.61829005,12.50167362,18.94737966,1.300744957,1.086241737
1315,Hoka,0.09551,4.02848,0.02187,0.45741,523.79808,11.32303,0.08715,0.99405,-7.36276,35.40067,0.04,0.039220423,0.11,45.3137942,44.13642703,43.65295055,-6.006772256,12.08691199,0.240249319,12.32716131,45.80688066,0.496920386,4.313210423
1316,Hoka,0.07226,3.86828,0.91259,0.7234,45.54546,47.41389,0.02862,0.56858,35.60283,36.42405,0.04,0.039745939,0.11,35.97166669,35.96515073,35.96156669,35.61274912,0.089601075,0.000572741,0.090173817,35.97527365,0.159803166,4.130285939
1317,Hoka,0.06985,6.88728,0.40424,0.98778,567.85736,18.10282,0.19778,0.90871,4.26333,27.94873,0.04,0.038304889,0.11,51.75097509,51.28414765,51.02814516,4.998491329,6.400062156,0.283222657,6.683284813,52.01830648,1.106327759,7.145434889
1318,Hoka,0.074,6.76143,0.6654,0.43189,678.43544,97.86611,0.17851,0.31971,12.24413,32.35613,0.04,0.038852998,0.11,42.09341243,41.77715278,41.61110365,12.7142457,4.151228188,0.122550872,4.273779061,42.26436359,0.738039843,7.024282998
1319,Hoka,0.03193,1.56825,0.73875,0.12467,883.70199,21.50476,0.77059,0.74172,27.82309,19.32679,0.04,0.035129555,0.11,23.52463002,23.60326927,23.68978858,27.55217497,-2.16298288,-0.299881066,-2.462863947,23.42611546,3.466059174,1.785309555
1320,Hoka,0.00304,6.72008,0.60546,0.29604,360.31255,140.13749,0.52476,0.93001,-2.65025,-8.63125,0.04,0.035868065,0.11,-7.653450531,-7.65123627,-7.625110861,-2.730371272,-0.653135231,-0.075239965,-0.728375196,-7.682585539,2.879953559,6.908988065
1321,Hoka,0.08856,1.3125,0.1638,0.69613,822.79362,38.96848,0.9219,0.7232,33.88659,20.64265,0.04,0.034616949,0.11,44.9811165,44.34545246,44.09697967,34.67614562,6.211819637,0.96595869,7.177778327,45.26822764,3.887583455,1.585676949
1322,Hoka,0.09696,3.37277,0.04475,0.48097,793.58571,87.81093,0.88929,0.72189,0.05971,1.70579,0.04,0.034747923,0.11,17.93240773,17.45296455,17.28114469,0.603632744,4.29549671,0.649255509,4.944752219,18.13019782,3.778698676,3.654477923
1323,Hoka,0.02082,1.84566,0.86542,0.46845,210.20878,17.3734,0.87082,0.07069,34.92051,8.32729,0.04,0.039371486,0.11,12.40181866,12.6343949,13.07420623,33.69172104,-10.99528336,-0.175525352,-11.17080871,11.95498631,0.39909238,2.055851486
1324,Hoka,0.04463,0.97807,0.66451,0.62711,25.12554,21.73449,0.18116,0.17745,35.5691,34.49685,0.04,0.039120938,0.11,34.58747471,34.62486091,34.65763222,35.47695386,-0.819282651,-0.018409577,-0.837692227,34.55396702,0.561759014,1.211820938
1325,Hoka,0.07014,6.57541,0.0739,0.71823,480.85073,21.75594,0.12488,0.70099,18.57799,12.49618,0.04,0.038946278,0.11,27.39011312,27.29914503,27.24863365,18.72065452,1.262784564,0.034165608,1.296950172,27.44199112,0.676394226,6.834496278
1326,Hoka,0.04446,4.58145,0.17121,0.82664,733.148,18.7488,0.96351,0.11913,37.12383,17.48032,0.04,0.038946013,0.11,43.63617687,43.57553861,43.52242079,37.27385717,1.327945534,0.035937868,1.363883403,43.6907322,0.676568946,4.814856013
1327,Hoka,0.08358,0.92692,0.11838,0.2191,919.90081,71.13671,0.47882,0.75283,7.41432,32.8835,0.04,0.036549016,0.11,40.14876473,37.78417615,36.75015621,10.52636527,25.85049839,2.440822265,28.29132065,41.28041755,2.360517609,1.197049016
1328,Hoka,0.09838,0.73282,0.96232,0.7263,995.69005,74.9289,0.96299,0.57028,0.14225,16.74698,0.04,0.035481629,0.11,43.28711678,38.94118473,37.37378537,5.001495023,39.184984,4.989970755,44.17495476,45.05411497,3.183598821,1.016681629
1329,Hoka,0.09218,1.56799,0.13319,0.87254,990.51345,88.22602,0.20282,0.56931,16.9858,26.41501,0.04,0.038456888,0.11,62.47469695,60.15627155,59.18903976,19.75241743,24.18079479,0.970272715,25.1510675,63.48073965,1.003143945,1.848626888
1330,Hoka,0.08296,6.23867,0.45529,0.82036,872.49448,45.13074,0.61612,0.66179,25.53715,39.76191,0.04,0.03613607,0.11,69.71529812,69.14863892,68.90181109,26.28850622,6.17069571,0.659815418,6.830511129,69.98851857,2.673180827,6.50776607
1331,Hoka,0.01357,6.36337,0.56392,0.75075,177.18991,18.05957,0.39929,0.99795,30.27121,21.95127,0.04,0.036662225,0.11,27.31034531,27.31650433,27.33314419,30.22128434,-0.415996726,-0.037872866,-0.453869593,27.29219053,2.276031516,6.563602225
1332,Hoka,0.01812,5.58711,0.14935,0.17345,270.91249,2.15276,0.46182,0.73426,4.15599,25.67137,0.04,0.036687374,0.11,27.53782263,27.46416392,27.31502791,4.603145517,3.728400392,0.336649766,4.065050158,27.70042464,2.257333781,5.791917374
1333,Hoka,0.01634,4.65492,0.55715,0.48701,192.17023,95.95574,0.60854,0.0581,-2.35166,15.95098,0.04,0.039495233,0.11,17.53066311,17.46327177,17.3003809,-1.897985122,4.072271566,0.052045506,4.124317072,17.69563579,0.319511513,4.860755233
1334,Hoka,0.03449,4.59742,0.8812,0.86261,57.75684,148.47149,0.84559,0.41991,-4.19253,35.02136,0.04,0.036731041,0.11,31.20284325,30.94737597,30.67530931,-3.377760482,6.80166653,0.605329088,7.406995618,31.49912308,2.224929306,4.818641041
1335,Hoka,0.00044,1.91416,0.89217,0.95767,653.92144,88.43641,0.40424,0.63457,26.98463,37.9726,0.04,0.037215304,0.11,61.10801227,61.1007302,60.48481079,28.80514809,15.39798515,1.152179257,16.55016441,61.77001885,1.870665618,2.101815304
1336,Hoka,0.04326,0.12289,0.21956,0.73057,635.59796,139.38327,0.90484,0.8951,39.71452,10.81998,0.04,0.033707383,0.11,30.82593553,32.06689407,33.03382574,36.55905447,-24.17329193,-4.512758381,-28.68605031,29.67849352,4.667091262,0.349857383
1337,Hoka,0.00124,0.42342,0.35795,0.80786,55.81053,105.28193,0.14328,0.51475,34.18315,-4.73245,0.04,0.038880056,0.11,-1.894509969,-1.816509665,0.629180804,27.26376825,-61.14226173,-1.761208701,-62.90347043,-4.410648786,0.720127393,0.613540056
1338,Hoka,0.0119,4.89121,0.84318,0.7702,587.0321,129.83194,0.48344,0.70662,6.48017,-11.09127,0.04,0.036634159,0.11,3.8280177,3.834267643,3.853508097,6.422397419,-0.481011349,-0.044193932,-0.525205281,3.807009489,2.296927731,5.089744159
1339,Hoka,0.02614,5.29742,0.04292,0.70389,630.17049,6.71764,0.91119,0.04408,19.48761,39.53265,0.04,0.039603341,0.11,58.52052947,58.33410702,58.05166816,20.27209621,7.060971502,0.070721275,7.131692777,58.80579718,0.25039499,5.513163341
1340,Hoka,0.07481,6.80096,0.26266,0.7799,492.96749,142.35637,0.05276,0.36134,-9.39025,37.07917,0.04,0.039564294,0.11,51.82082859,51.16901608,50.8242961,-8.43183032,8.617999487,0.094906694,8.712906181,52.16934484,0.275315328,7.065334294
1341,Hoka,0.03499,0.99587,0.84106,0.90655,183.46246,129.03834,0.45699,0.39504,-8.80291,7.84707,0.04,0.037687887,0.11,9.730602425,9.180359531,8.587690422,-7.073080955,14.81672772,0.908990871,15.72571859,10.35963117,1.533724058,1.218547887
1342,Hoka,0.08451,2.36168,0.23426,0.30238,988.88249,146.67756,0.30573,0.18053,14.74391,4.95024,0.04,0.038864462,0.11,16.43108624,16.37614201,16.35087426,14.81542657,0.631693842,0.018456768,0.65015061,16.45709227,0.73044751,2.635054462
1343,Hoka,0.06263,3.18573,0.22139,0.84541,801.27413,77.22427,0.65064,0.54602,27.72055,-8.17915,0.04,0.036484683,0.11,20.61365193,20.74476397,20.82114241,27.49027178,-1.909460849,-0.183977507,-2.093438356,20.5299144,2.40876249,3.434844683
1344,Hoka,0.06815,4.50647,0.73278,0.24504,932.58554,67.01261,0.38048,0.33933,13.94184,-6.56075,0.04,0.038099737,0.11,1.346591419,1.528343935,1.629953957,13.64847571,-2.540250555,-0.126697577,-2.666948132,1.239913494,1.246900401,4.762719737
1345,Hoka,0.04951,4.45513,0.18542,0.81512,796.79795,109.55289,0.1195,0.21006,32.72788,-12.44421,0.04,0.039261322,0.11,15.06295152,15.25087785,15.39990302,32.31035028,-3.725629337,-0.070095424,-3.79572476,14.91112253,0.470359619,4.693901322
1346,Hoka,0.02753,4.05429,0.14232,0.23251,316.898,147.10732,0.0361,0.66641,1.48541,39.29925,0.04,0.039678933,0.11,41.21695974,40.95846752,40.5859032,2.518252154,9.314107967,0.075366156,9.389474124,41.5925387,0.202290323,4.271498933
1347,Hoka,0.00485,6.14075,0.48767,0.26233,279.1612,63.36924,0.09585,0.85117,25.89632,10.26575,0.04,0.039157643,0.11,12.19322106,12.20377905,12.28902158,25.65686028,-2.131063202,-0.045843316,-2.176906518,12.1061448,0.537798645,6.334757643
1348,Hoka,0.01442,2.98645,0.07877,0.88474,30.27694,27.78054,0.7097,0.52095,-4.6189,14.61889,0.04,0.036430008,0.11,15.43355661,15.34168217,15.10957492,-3.918054761,5.802681252,0.568639106,6.371320357,15.68840942,2.449898078,3.187300008
1349,Hoka,0.06628,5.25993,0.02722,0.70203,622.30288,35.78456,0.31089,0.35803,-3.28807,-10.29728,0.04,0.038257332,0.11,8.568317179,8.424770548,8.341914314,-3.049836303,2.071405836,0.094355043,2.165760879,8.654947614,1.138780259,5.514467332
1350,Hoka,0.00519,6.48628,0.71687,0.80362,367.69022,53.44257,0.03065,0.54066,18.62262,33.90306,0.04,0.039729179,0.11,44.92601873,44.905463,44.74811003,19.05829039,3.933824369,0.026815572,3.960639941,45.08444432,0.170416684,6.681199179
1351,Hoka,0.05311,3.05792,0.94533,0.6804,517.93627,100.52523,0.89752,0.02795,35.19321,-14.33501,0.04,0.039747296,0.11,-2.680228082,-2.063363416,-1.601704544,33.91557654,-11.54147179,-0.073377874,-11.61484966,-3.144822068,0.158943926,3.300777296
1352,Hoka,0.06843,1.06621,0.19211,0.58802,962.39951,117.08622,0.28933,0.41734,12.0396,-4.92328,0.04,0.038203396,0.11,18.50203084,18.15730899,17.96485619,12.59373419,4.811320059,0.226263527,5.037583586,18.70353418,1.175683202,1.322843396
1353,Hoka,0.00272,2.81108,0.94289,0.3366,68.86917,55.11744,0.07648,0.88725,5.45985,13.14358,0.04,0.039320373,0.11,11.80624215,11.80041648,11.71620035,5.695447292,2.105403025,0.036390542,2.141793568,11.8919139,0.432108981,3.003120373
1354,Hoka,0.07381,6.77574,0.78871,0.24584,896.21388,20.36567,0.77619,0.145,38.39342,2.38271,0.04,0.038768692,0.11,11.41787616,11.70238233,11.85181916,37.96941676,-3.735920752,-0.118654187,-3.854574938,11.26369316,0.794008992,7.038318692
1355,Hoka,0.05519,2.82808,0.87938,0.60028,365.9517,64.66472,0.10282,0.83227,33.46686,-3.04517,0.04,0.039101194,0.11,4.416666886,4.945388489,5.319978917,32.4130572,-9.364760696,-0.215264723,-9.580025419,4.03346587,0.574666908,3.072371194
1356,Hoka,0.06934,1.57574,0.92549,0.64001,272.53634,21.44112,0.84882,0.51882,37.45368,6.12783,0.04,0.036088789,0.11,13.38627388,14.31797498,14.80288938,35.97564248,-12.12286004,-1.313844678,-13.43670472,12.84880569,2.70943629,1.831168789
1357,Hoka,0.02885,4.82276,0.35918,0.95888,378.66578,119.04456,0.40395,0.70397,2.36533,33.43105,0.04,0.037078417,0.11,47.00154563,46.74392708,46.41283219,3.347584405,8.277372435,0.652213068,8.929585503,47.35872905,1.969867472,5.038688417
1358,Hoka,0.07273,2.02278,0.40908,0.76929,590.72957,52.88782,0.40249,0.59429,13.55356,23.84979,0.04,0.037311724,0.11,42.15734644,41.22978569,40.75393129,14.95644302,11.89636006,0.857121919,12.75348198,42.66748572,1.801227254,2.282821724
1359,Hoka,0.02928,0.49953,0.83455,0.25856,566.23875,130.42756,0.44411,0.34204,-8.84145,24.47575,0.04,0.037927161,0.11,24.1582072,22.73042989,20.88099205,-3.477532514,46.23594616,2.526940078,48.76288624,26.10872265,1.366328738,0.716737161
1360,Hoka,0.00575,3.9597,0.07604,0.81454,487.60204,16.83998,0.39224,0.30527,-0.23358,23.5654,0.04,0.038193747,0.11,40.3830998,40.32632631,39.9492146,0.852521532,9.427792597,0.445857697,9.873650294,40.77804581,1.182296101,4.153643747
1361,Hoka,0.06672,3.61182,0.77047,0.59175,546.40021,126.10088,0.45805,0.45024,21.29012,16.72678,0.04,0.037487117,0.11,26.50596203,26.41500581,26.36390139,21.4400778,1.27761041,0.085642351,1.363252761,26.56049214,1.675830727,3.866027117
1362,Hoka,0.0578,0.2783,0.58957,0.47409,85.06429,50.69027,0.68146,0.27088,0.49978,0.62802,0.04,0.037919498,0.11,1.037602629,0.973377638,0.931243046,0.622007492,1.053364799,0.057794217,1.111159016,1.08204899,1.371657219,0.524019498
1363,Hoka,0.09367,3.08507,0.12447,0.7714,569.47656,63.47891,0.2034,0.44125,33.22768,8.41743,0.04,0.038576208,0.11,27.24556255,27.41397003,27.48332545,33.02991313,-1.733885451,-0.063995206,-1.797880657,27.17364732,0.922713871,3.367316208
1364,Hoka,0.04539,1.67351,0.81383,0.87216,655.62416,33.43387,0.76088,0.82151,24.87863,8.15112,0.04,0.034812966,0.11,31.6833211,31.51759551,31.39048823,25.28025623,3.177681951,0.473465633,3.651147584,31.829367,3.724929368,1.903712966
1365,Hoka,0.00404,3.12291,0.28391,0.55533,56.385,98.0404,0.55281,0.24013,10.92256,23.2399,0.04,0.038245176,0.11,23.24066028,23.22546573,23.08162455,11.33627306,3.596029335,0.164998517,3.761027853,23.3911014,1.147088232,3.315195176
1366,Hoka,0.08011,2.70107,0.10371,0.30998,311.83331,43.41109,0.1631,0.24271,32.4348,0.97417,0.04,0.039037106,0.11,5.350842735,6.091298386,6.452117834,31.41807148,-9.020486197,-0.22250034,-9.242986537,4.981123273,0.616652848,2.970217106
1367,Hoka,0.05807,3.69756,0.63841,0.83151,505.60897,52.47719,0.46758,0.30424,23.18437,37.69794,0.04,0.038038613,0.11,54.20257966,53.74116051,53.43890902,24.05842039,7.556287361,0.389625249,7.945912611,54.52041616,1.289076337,3.943668613
1368,Hoka,0.06161,5.44976,0.05469,0.20161,64.72476,84.37534,0.65137,0.75043,24.93657,-6.28427,0.04,0.035645115,0.11,-5.700911602,-5.367241777,-5.174193583,24.34082774,-4.826204861,-0.589633877,-5.415838738,-5.917545151,3.054335105,5.697015115
1369,Hoka,0.07594,5.51898,0.17238,0.50603,496.33726,41.83736,0.17067,0.67007,29.39017,5.50632,0.04,0.038612763,0.11,16.20465381,16.37899043,16.46763434,29.13764131,-2.216097776,-0.07961755,-2.295715326,16.1128252,0.898172808,5.783532763
1370,Hoka,0.03975,5.52059,0.8309,0.5724,534.90484,23.97515,0.62213,0.58088,26.46892,-5.62418,0.04,0.036430414,0.11,6.958597255,7.094494667,7.219043069,26.09285169,-3.113710045,-0.305092769,-3.418802813,6.821845143,2.449591999,5.746770414
1371,Hoka,0.00501,6.88343,0.09884,0.83822,842.43836,107.34202,0.97302,0.21773,-8.0986,27.86813,0.04,0.038117502,0.11,57.73472,57.68784694,57.33122345,-7.06945113,8.91558727,0.440311546,9.355898816,58.10895595,1.234667814,7.076557502
1372,Hoka,0.03529,5.5839,0.53059,0.52913,283.67568,95.38858,0.96637,0.08456,10.98467,-7.82494,0.04,0.039244945,0.11,-3.39958299,-3.311583334,-3.21372157,10.71037241,-2.446544104,-0.04707039,-2.493614495,-3.49932757,0.480988571,5.808434945
1373,Hoka,0.09752,1.76667,0.94234,0.19506,482.57593,16.12557,0.69205,0.25879,-2.82546,-11.31239,0.04,0.037988282,0.11,-7.781883601,-7.541671074,-7.448097845,-3.096413424,-2.339330719,-0.12388223,-2.463212949,-7.880412119,1.323906758,2.052178282
1374,Hoka,0.02872,0.13853,0.99293,0.65901,96.58326,105.68941,0.21526,0.16535,38.00136,-9.21494,0.04,0.03908,0.11,-5.508455389,-1.558144328,3.817139671,22.87133853,-134.3821,-3.163549761,-137.5456497,-11.01028138,0.588536301,0.35633
1375,Hoka,0.02407,6.69341,0.92913,0.34808,596.22341,101.25935,0.77957,0.84151,0.77079,23.37414,0.04,0.034628476,0.11,28.14718361,28.05115631,27.91300594,1.20963519,3.453759096,0.535742631,3.989501727,28.30676368,3.87796757,6.902108476
1376,Hoka,0.09012,0.56517,0.14745,0.32586,280.35629,127.81007,0.5752,0.16189,-1.00482,13.86344,0.04,0.038722269,0.11,16.16204559,14.23784868,13.41107026,1.343844675,20.66946039,0.682036658,21.35149705,17.01610547,0.82493283,0.844012269
1377,Hoka,0.06988,6.29468,0.89795,0.48056,519.17221,27.40337,0.79437,0.38291,28.04159,12.65533,0.04,0.037054252,0.11,22.46724816,22.52706973,22.55879045,27.94742324,-0.793017897,-0.063043538,-0.856061435,22.4330057,1.987456328,6.551614252
1378,Hoka,0.08185,6.54012,0.16915,0.13801,489.06189,145.99732,0.84005,0.25038,13.17098,17.10366,0.04,0.037931392,0.11,18.93049875,18.86086456,18.82859429,13.26456291,0.806756808,0.043996906,0.850753714,18.9645289,1.363388134,6.809901392
1379,Hoka,0.09768,1.41055,0.99671,0.9469,113.58026,5.64726,0.75669,0.80829,0.24627,10.53022,0.04,0.034891883,0.11,14.61389636,13.76493915,13.46168653,1.202302895,7.581315417,1.109892718,8.691208135,14.96154468,3.659960893,1.693121883
1380,Hoka,0.06063,2.14248,0.84356,0.24956,704.37558,23.05228,0.88091,0.6671,38.54568,35.47334,0.04,0.035098934,0.11,42.2082546,42.1136881,42.0589432,38.71725043,1.368622515,0.191108626,1.559731141,42.27064384,3.490893646,2.388208934
1381,Hoka,0.06633,5.6288,0.27229,0.73155,700.70316,113.62334,0.47029,0.71908,10.65977,27.62603,0.04,0.036675008,0.11,48.31000948,47.88251483,47.64614562,11.36871635,5.909230266,0.53573656,6.444966825,48.56780815,2.2665243,5.881805008
1382,Hoka,0.028,2.76954,0.35433,0.88,138.74193,90.75249,0.91841,0.32388,-4.08156,24.02783,0.04,0.037318979,0.11,27.50902094,27.20865468,26.80832033,-2.901549708,10.00835888,0.719007408,10.72736629,27.93811559,1.796017249,2.984858979
1383,Hoka,0.0101,5.78231,0.08698,0.51497,764.95237,20.27417,0.40301,0.2245,28.38969,18.21975,0.04,0.038519144,0.11,35.22434453,35.21272513,35.16841135,28.51623788,1.107844574,0.042590714,1.150435288,35.27036194,0.961116628,5.980929144
1384,Hoka,0.03659,6.03735,0.3133,0.72512,25.631,100.14083,0.33663,0.3491,35.91235,20.21352,0.04,0.038197272,0.11,19.7613246,19.85630258,19.95545261,35.62681905,-2.478750815,-0.116985135,-2.59573595,19.65749516,1.179879944,6.262137272
1385,Hoka,0.06639,4.96441,0.50671,0.50383,884.62702,17.31608,0.71298,0.05861,-1.42192,8.94576,0.04,0.039484092,0.11,27.71760024,27.34415108,27.12204984,-0.803161034,5.552530946,0.072550559,5.625081506,27.9426035,0.326655359,5.220284092
1386,Hoka,0.00353,1.33529,0.13502,0.22944,621.9072,39.55724,0.61784,0.56472,38.8623,5.9588,0.04,0.036512816,0.11,12.63676514,12.69909201,13.34377454,36.92010307,-16.11706332,-1.5392724,-17.65633572,11.93051171,2.387644029,1.525332816
1387,Hoka,0.03893,2.94059,0.93951,0.5471,569.92138,95.24063,0.73902,0.76341,-6.00339,22.89747,0.04,0.035173672,0.11,32.07628338,31.60185554,31.1732049,-4.662854091,10.71626586,1.470424229,12.18669008,32.56375099,3.430355893,3.164693672
1388,Hoka,0.04638,3.41801,0.28073,0.77325,659.73757,52.32924,0.89016,0.66765,33.70548,11.94107,0.04,0.0350644,0.11,33.48489231,33.48772677,33.48986969,33.69875748,-0.05357302,-0.007540839,-0.061113859,33.48244776,3.518953439,3.6494544
1389,Hoka,0.07872,6.06132,0.32259,0.34509,32.74819,23.50725,0.82605,0.59041,16.5576,-9.80673,0.04,0.035719701,0.11,-9.479394748,-9.153319249,-9.005360416,16.10195588,-3.69897084,-0.443248396,-4.142219236,-9.645083517,2.99575487,6.325759701
1390,Hoka,0.0898,6.53138,0.87462,0.61368,739.91465,79.66842,0.21679,0.76659,30.71523,0.13713,0.04,0.038226039,0.11,16.93124086,17.11409327,17.19192984,30.49124598,-1.945914104,-0.090304296,-2.036218401,16.84979213,1.160178347,6.809406039
1391,Hoka,0.02448,0.92159,0.38375,0.58667,224.97301,65.77976,0.50931,0.17315,4.9886,-7.66754,0.04,0.038689848,0.11,-2.744053087,-2.571142701,-2.29786343,4.211633398,-6.83198178,-0.231350968,-7.063332748,-3.026586397,0.846573424,1.134759848
1392,Hoka,0.04322,6.58695,0.51692,0.30875,97.00014,76.45289,0.7094,0.888,23.41672,38.04879,0.04,0.034825404,0.11,37.54921025,37.45905429,37.38640927,23.64617756,1.816125531,0.269852304,2.085977835,37.63264936,3.714670316,6.814995404
1393,Hoka,0.02856,3.19023,0.99783,0.9055,18.16631,53.06146,0.63721,0.12519,22.45736,-8.47117,0.04,0.038961026,0.11,-9.676320664,-9.403813014,-9.032063094,21.40778572,-9.293747986,-0.247836417,-9.541584403,-10.05798404,0.666675106,3.407751026
1394,Hoka,0.09076,3.63806,0.51314,0.65824,551.61869,35.29388,0.78251,0.07178,38.68268,25.84044,0.04,0.039367776,0.11,40.81784315,40.76787461,40.74620041,38.74324126,0.541855043,0.008701886,0.55055693,40.83986543,0.401485891,3.918187776
1395,Hoka,0.01421,1.0068,0.71447,0.17956,322.97092,2.94065,0.85309,0.32526,22.07631,31.93024,0.04,0.037373196,0.11,33.95368579,33.80923189,33.42930902,23.19453161,9.498071739,0.667579251,10.16565099,34.36031183,1.757144158,1.208383196
1396,Hoka,0.07595,1.19774,0.79866,0.23102,712.013,71.35282,0.74264,0.8092,0.6062,19.94818,0.04,0.034958498,0.11,23.96362368,22.71314033,22.13756404,2.417301629,14.38940723,2.07515303,16.46456026,24.62220609,3.605348359,1.458648498
1397,Hoka,0.01335,1.85778,0.47919,0.40038,62.57969,148.87813,0.36818,0.85609,36.51933,-4.84702,0.04,0.037067242,0.11,-6.016378744,-5.735012929,-4.953780357,34.20095999,-19.53081429,-1.545276711,-21.076091,-6.859422384,1.977998316,2.058197242
1398,Hoka,0.08641,5.31547,0.61632,0.29961,190.915,6.46361,0.02134,0.73151,15.9257,38.07751,0.04,0.039807656,0.11,40.21625231,39.83817869,39.66400644,16.40698802,4.354306344,0.021039282,4.375345627,40.39126613,0.120795833,5.591687656
1399,Hoka,0.08762,4.99006,0.02597,0.38453,319.01142,97.54671,0.18559,0.55312,8.80404,24.01641,0.04,0.038579186,0.11,29.08450216,28.74449337,28.5947871,9.230894229,3.742656525,0.13783647,3.880492995,29.23972188,0.920712794,5.266259186
1400,Hoka,0.04561,0.217,0.38478,0.13854,94.30933,49.25666,0.47704,0.49263,18.1938,33.63467,0.04,0.03727884,0.11,32.0285955,30.48914148,29.2308854,21.90658102,31.45640195,2.296152805,33.75255475,33.37869769,1.824869234,0.44988884
1401,Hoka,0.02357,3.72501,0.43225,0.20609,843.98041,8.33755,0.90059,0.04206,-1.32399,31.23757,0.04,0.039621475,0.11,38.23736516,37.99816225,37.59605906,-0.20764209,10.05257981,0.096037547,10.14861736,38.64330986,0.238838062,3.938201475
1402,Hoka,0.02186,5.96593,0.23325,0.92037,338.60186,84.49382,0.48727,0.36923,19.24082,-0.72257,0.04,0.037711635,0.11,12.01716805,12.04290499,12.0873049,19.11131116,-1.109997762,-0.067355351,-1.177353112,11.97007393,1.517015468,6.175501635
1403,Hoka,0.06146,0.37013,0.34501,0.39638,421.72111,67.77222,0.92869,0.06913,36.03172,30.07929,0.04,0.039382024,0.11,36.31133092,36.28175138,36.26279755,36.08466093,0.473845717,0.0074355,0.481281218,36.33058217,0.39229543,0.620972024
1404,Hoka,0.08488,2.64008,0.13601,0.89539,152.70845,117.02351,0.79914,0.9729,31.17887,31.79644,0.04,0.033944656,0.11,36.96863952,36.79734221,36.72883811,31.40086227,1.712602514,0.305508999,2.018111513,37.04936398,4.459718423,2.908904656
1405,Hoka,0.09312,1.7436,0.17841,0.97126,685.09256,122.45427,0.08958,0.0999,0.28925,26.2487,0.04,0.03955259,0.11,53.16457763,50.68568801,49.6327831,3.217491606,26.32262265,0.297755588,26.62037824,54.22939276,0.282794378,2.02627259
1406,Hoka,0.04598,3.17507,0.51394,0.59598,215.80163,110.92076,0.17361,0.83763,13.44693,9.08709,0.04,0.038523507,0.11,12.21505439,12.23186413,12.24594786,13.40671532,-0.352093284,-0.013494707,-0.365587991,12.20043087,0.958176978,3.409573507
1407,Hoka,0.04009,0.14628,0.13968,0.40538,602.78153,136.00512,0.51541,0.43123,17.25886,-2.15046,0.04,0.037382595,0.11,8.676339222,9.707262315,10.66856391,14.43018601,-24.03253983,-1.682678253,-25.71521809,7.647730499,1.750416585,0.373752595
1408,Hoka,0.08616,1.61458,0.81699,0.72659,116.26925,85.39538,0.36875,0.30011,27.01429,25.57407,0.04,0.038268684,0.11,26.23071272,26.26722581,26.28344341,26.96767394,-0.405439834,-0.018342533,-0.423782367,26.21376143,1.131026818,1.889008684
1409,Hoka,0.06293,6.78262,0.89987,0.22853,525.64654,37.40003,0.80204,0.9245,25.86258,5.42732,0.04,0.034136375,0.11,9.281808755,9.431089836,9.512067349,25.60164056,-2.024437837,-0.347738875,-2.372176712,9.186921687,4.294264664,7.029686375
1410,Hoka,0.08523,4.68449,0.61293,0.1213,15.98448,42.87145,0.71443,0.49027,35.37688,-12.97955,0.04,0.03657828,0.11,-13.6389335,-12.78918486,-12.42449703,34.28017285,-9.117195795,-0.852869224,-9.970065019,-14.03773611,2.338628134,4.95629828
1411,Hoka,0.0152,2.70815,0.92361,0.70795,84.56849,127.55095,0.26756,0.24676,39.26539,19.98833,0.04,0.03869941,0.11,17.76871833,17.88248706,18.17214381,38.44206368,-7.241418831,-0.243365935,-7.484784767,17.46932694,0.840187333,2.91204941
1412,Hoka,0.0449,4.06196,0.05406,0.2439,965.79839,2.54527,0.63159,0.63837,24.45791,37.57249,0.04,0.03616155,0.11,47.59060476,47.34638827,47.14970126,25.0562132,4.917175343,0.521944701,5.439120044,47.80816957,2.653681559,4.29302155
1413,Hoka,0.03398,0.13551,0.92042,0.52455,135.17955,122.32948,0.70486,0.569,7.80246,-7.94048,0.04,0.036203689,0.11,-7.778704689,-6.101610738,-4.314765892,2.373374227,-44.67112115,-4.684204064,-49.35532521,-9.752917697,2.621494572,0.355693689
1414,Hoka,0.06266,1.23915,0.56348,0.74999,371.13894,9.03892,0.15936,0.15084,22.21872,32.4982,0.04,0.039247678,0.11,43.78446619,42.85320779,42.26990536,23.85354963,14.58256076,0.279526747,14.86208751,44.37894969,0.479214097,1.491057678
1415,Hoka,0.03647,3.95438,0.31221,0.38674,73.71562,130.13719,0.1139,0.54532,17.35879,35.71541,0.04,0.03907253,0.11,35.01777325,34.8622092,34.69554397,17.82799882,4.166630871,0.09890384,4.265534711,35.18839464,0.593428136,4.17992253
1416,Hoka,0.08724,3.37594,0.50906,0.71378,51.29801,24.01648,0.02013,0.18814,23.15652,14.81145,0.04,0.039831654,0.11,15.95163615,16.12560571,16.20503597,22.9371636,-1.985756406,-0.00839267,-1.994149076,15.87187019,0.105660866,3.653011654
1417,Hoka,0.05508,0.94981,0.1117,0.74318,735.44897,44.59748,0.79834,0.92319,3.71141,18.06112,0.04,0.034163794,0.11,40.3336214,38.57813231,37.48927669,7.217288729,27.22139047,4.650234338,31.87162481,41.60848639,4.270753861,1.189053794
1418,Hoka,0.03076,1.49007,0.81938,0.7122,16.88634,32.43826,0.56167,0.82957,21.36348,1.00277,0.04,0.035877319,0.11,0.862061175,1.240426132,1.681736933,20.01041936,-11.03277002,-1.267781244,-12.30055127,0.370039125,2.872762782,1.706707319
1419,Hoka,0.00958,2.10407,0.87869,0.89951,507.03951,122.61333,0.14724,0.79056,33.08155,5.29952,0.04,0.038747,0.11,20.66462114,20.71719997,20.92985882,32.47782653,-5.316471249,-0.17192396,-5.488395209,20.44508533,0.808449588,2.302397
1420,Hoka,0.0985,4.11673,0.36265,0.67695,529.54978,136.14169,0.03951,0.03896,-9.54841,30.19355,0.04,0.039818192,0.11,43.15006901,41.96089539,41.48017718,-8.220398845,12.01795516,0.054873521,12.07282868,43.63298216,0.114149039,4.405048192
1421,Hoka,0.04732,0.7178,0.45469,0.31882,595.05887,103.94146,0.02894,0.87948,37.52378,-9.12113,0.04,0.039738604,0.11,-1.232869825,0.771772926,2.455240919,32.86379051,-42.08669983,-0.276840981,-42.36354081,-2.927411457,0.164446834,0.954858604
1422,Hoka,0.06471,3.78868,0.20469,0.56743,359.33797,148.62592,0.79524,0.10494,22.28163,39.58713,0.04,0.039088581,0.11,46.88373542,46.48598132,46.24571485,22.95776893,6.006661747,0.140055823,6.146717569,47.12960412,0.582918718,4.042478581
1423,Hoka,0.03313,2.31589,0.61395,0.70932,647.28833,35.62702,0.97549,0.29816,2.15563,27.4776,0.04,0.037469579,0.11,45.78983405,45.21078049,44.55587879,4.078234639,16.37254257,1.10568142,17.47822399,46.48896301,1.688316606,2.536489579
1424,Hoka,0.0191,6.58974,0.51206,0.20701,777.90145,31.76657,0.34,0.60624,30.78412,6.66973,0.04,0.037609826,0.11,13.06882623,13.1189061,13.21751841,30.49570192,-2.465307714,-0.156674869,-2.621982583,12.96394693,1.588796282,6.796449826
1425,Hoka,0.08245,1.52927,0.46109,0.45944,168.83558,81.77925,0.55528,0.29959,37.37489,-10.11736,0.04,0.037909817,0.11,-7.367141528,-5.270688931,-4.306757655,34.57792474,-24.09828191,-1.328675,-25.42695691,-8.384219805,1.378391834,1.799629817
1426,Hoka,0.01801,5.41718,0.99622,0.92979,944.546,115.12875,0.44826,0.23587,35.48965,3.04435,0.04,0.038398258,0.11,36.23621312,36.23380507,36.22867096,35.50435774,0.128352602,0.005354092,0.133706694,36.24156139,1.042848297,5.623588258
1427,Hoka,0.04022,5.81136,0.74265,0.23947,729.65383,98.27845,0.62131,0.6463,38.95922,29.2052,0.04,0.036172778,0.11,33.66415331,33.69966121,33.73159605,38.86210741,-0.798370992,-0.084470779,-0.882841771,33.62883964,2.64509796,6.037752778
1428,Hoka,0.00745,0.3962,0.10434,0.442,556.79825,147.69623,0.24555,0.66475,0.98409,17.05323,0.04,0.038100359,0.11,25.31920099,24.99061656,23.31018909,5.83567218,42.01068675,2.094605795,44.10529255,27.08341269,1.246472003,0.591750359
1429,Hoka,0.05908,1.42737,0.85754,0.23154,969.73385,82.63825,0.53472,0.4683,6.14152,15.21226,0.04,0.037177304,0.11,21.51694206,20.96089116,20.6109847,7.176821272,8.747661493,0.664168253,9.411829747,21.89341525,1.898130871,1.673627304
1430,Hoka,0.00806,6.39655,0.78803,0.67741,526.78712,121.58372,0.26493,0.42211,36.49763,16.08707,0.04,0.038300803,0.11,27.49157672,27.50265406,27.55529312,36.34645049,-1.315976516,-0.058382689,-1.374359205,27.43660235,1.109113429,6.592910803
1431,Hoka,0.08825,5.9512,0.78752,0.48237,160.53445,24.71463,0.60983,0.60311,27.88942,25.05728,0.04,0.036386561,0.11,27.57987888,27.58429494,27.58611573,27.88391557,-0.04551986,-0.00452044,-0.0500403,27.57787727,2.482674475,6.225836561
1432,Hoka,0.0325,3.59038,0.60662,0.63348,438.52256,59.69371,0.71501,0.77425,20.23447,-1.78707,0.04,0.035241849,0.11,8.837559053,8.935857256,9.042448346,19.90176839,-2.664777242,-0.359782845,-3.024560087,8.71657665,3.375355726,3.808121849
1433,Hoka,0.06687,0.48409,0.66638,0.175,613.27017,43.22731,0.51524,0.42073,20.47585,-6.04036,0.04,0.037425787,0.11,-1.375089533,0.717124188,1.88809392,17.03419441,-29.2742433,-2.01353478,-31.28777808,-2.626600656,1.719544686,0.738385787
1434,Hoka,0.06509,5.72383,0.08562,0.39113,543.96799,65.01576,0.08594,0.06124,17.21645,36.00074,0.04,0.039664338,0.11,44.82329321,44.52070773,44.33631914,17.72780971,4.609714619,0.03901,4.648724619,45.0092422,0.211564071,5.978584338
1435,Hoka,0.02347,1.38494,0.63915,0.78878,704.82906,34.99587,0.33947,0.7384,-6.59943,18.22378,0.04,0.037412934,0.11,40.2195255,39.51324918,38.38739194,-3.289229983,28.14643099,1.946296442,30.09272743,41.42323459,1.728724011,1.595822934
1436,Hoka,0.0592,3.21737,0.27109,0.39471,529.03357,103.74178,0.91516,0.72954,34.87185,-3.5175,0.04,0.034604132,0.11,4.691516572,5.213757087,5.519021943,33.90147067,-7.631621401,-1.190008913,-8.821630314,4.33865136,3.898283373,3.461174132
1437,Hoka,0.02289,5.51197,0.36694,0.57719,165.37041,11.19177,0.76241,0.89714,19.60168,13.1626,0.04,0.034482977,0.11,17.15131197,17.16118793,17.1760657,19.5542202,-0.371944362,-0.059508368,-0.431452729,17.13405386,3.999816489,5.719342977
1438,Hoka,0.03417,2.1373,0.74916,0.62104,339.4156,49.39246,0.84747,0.67826,19.97737,16.8865,0.04,0.035151337,0.11,24.36670316,24.30196081,24.2353591,20.18578846,1.665042594,0.229670664,1.894713258,24.44249169,3.448420244,2.356621337
1439,Hoka,0.06422,3.26052,0.18772,0.9842,521.97571,125.3519,0.23485,0.07223,-8.93335,29.08108,0.04,0.039473322,0.11,49.71872726,48.63455768,47.96816442,-7.076317083,16.65983157,0.222285858,16.88211742,50.39401196,0.333565584,3.514213322
1440,Hoka,0.05167,2.54652,0.15257,0.9888,308.63123,112.78354,0.47048,0.75396,-0.77985,2.05786,0.04,0.036594124,0.11,14.35757288,14.07261399,13.87079821,-0.173202467,5.045394336,0.469583233,5.514977569,14.57817198,2.326791532,2.784784124
1441,Hoka,0.09039,5.67952,0.44194,0.68962,735.53527,8.10886,0.29327,0.89826,-4.35947,20.59333,0.04,0.037566755,0.11,42.17685708,41.46601041,41.17057726,-3.494406023,7.385828811,0.478389166,7.864217977,42.4914258,1.619280577,5.957476755
1442,Hoka,0.07238,2.8595,0.4291,0.8642,757.958,49.30504,0.35327,0.41801,-9.66034,9.79926,0.04,0.037949353,0.11,36.75600436,35.66515983,35.09322222,-8.002521564,14.29844023,0.772636462,15.07107669,37.35884743,1.350910396,3.119829353
1443,Hoka,0.0355,1.07602,0.10163,0.37903,411.39249,138.64183,0.87941,0.43203,37.49004,6.78826,0.04,0.036594074,0.11,13.71122782,14.38219069,15.07383197,35.41100012,-17.29103188,-1.609330707,-18.90036258,12.95521332,2.32682861,1.298114074
1444,Hoka,0.02693,1.81409,0.86143,0.51271,850.47764,113.41697,0.81373,0.66107,-9.93429,22.95804,0.04,0.035366138,0.11,36.72914082,36.09651146,35.26570355,-7.350211662,20.77019775,2.721423513,23.49162126,37.66880567,3.275635054,2.026386138
1445,Hoka,0.07854,5.30024,0.89067,0.52967,953.69277,132.19974,0.8703,0.64686,28.98446,-2.39759,0.04,0.035253735,0.11,14.55023843,14.75546234,14.84757985,28.69703156,-2.302937732,-0.310048042,-2.612985774,14.445719,3.36578838,5.564033735
1446,Hoka,0.09236,4.06731,0.75888,0.95114,914.12561,113.68373,0.33347,0.02967,12.88569,1.54493,0.04,0.039745964,0.11,35.38776675,34.90549912,34.69796132,13.46006677,5.188445078,0.033161965,5.221607043,35.59663103,0.159787588,4.349415964
1447,Hoka,0.08882,2.56686,0.39894,0.98324,599.61631,89.1252,0.39332,0.89553,39.34248,-12.90824,0.04,0.036838652,0.11,11.57551502,12.45553122,12.82052346,38.2526153,-9.12480599,-0.783054914,-9.907860903,11.17920058,2.145401543,2.842518652
1448,Hoka,0.06438,2.72643,0.77992,0.73044,498.29858,101.71521,0.59945,0.42384,17.94881,15.56708,0.04,0.037196426,0.11,27.80881697,27.59275643,27.46792449,18.31797215,3.120798343,0.235221193,3.356019537,27.94305775,1.884303048,2.978006426
1449,Hoka,0.08376,0.60314,0.74184,0.70288,101.74957,38.34923,0.96611,0.66248,8.74221,15.71493,0.04,0.034851063,0.11,17.18162174,16.33174591,15.97812753,9.858331558,8.840459625,1.306099993,10.14655962,17.58748413,3.69352966,0.871751063
1450,Hoka,0.05586,2.34953,0.27486,0.79845,355.86074,76.1519,0.48403,0.60592,28.63818,-1.02753,0.04,0.036900121,0.11,10.69737649,11.09003298,11.34941487,27.86495741,-6.484547172,-0.54474913,-7.029296302,10.41620464,2.100181848,2.592290121
1451,Hoka,0.04019,2.74075,0.73761,0.7746,997.18931,121.82464,0.83547,0.05182,26.58431,-5.07041,0.04,0.039537193,0.11,24.63291143,24.65967387,24.6860016,26.51106123,-0.658193337,-0.00770455,-0.665897887,24.60627551,0.292640089,2.970477193
1452,Hoka,0.0553,6.91261,0.63022,0.27477,242.22377,41.20443,0.71893,0.7883,-5.95222,-3.27453,0.04,0.035164603,0.11,-1.534677495,-1.569021308,-1.590860124,-5.883905002,0.545970406,0.075075028,0.621045434,-1.509835678,3.437687601,7.153074603
1453,Hoka,0.09748,6.21845,0.90534,0.25579,935.01784,149.72792,0.42232,0.53309,18.71955,-5.29672,0.04,0.037370969,0.11,-0.671774757,-0.379313312,-0.267192185,18.3895258,-2.803028183,-0.197191805,-3.000219988,-0.791783556,1.758739049,6.503300969
1454,Hoka,0.01229,5.13066,0.79244,0.82752,818.54354,93.25399,0.05608,0.96424,5.85117,36.54109,0.04,0.039495617,0.11,62.35158305,62.22037905,61.7987368,7.025493911,10.54105621,0.134615706,10.67567192,62.77860993,0.319265221,5.332445617
1455,Hoka,0.06056,2.83508,0.15789,0.41325,552.46759,146.58345,0.80767,0.11112,1.67283,-2.0756,0.04,0.039035688,0.11,6.777474625,6.675940895,6.610494412,1.857253882,1.636162071,0.040418671,1.676580742,6.844537854,0.617583544,3.084675688
1456,Hoka,0.08889,5.55431,0.50195,0.58203,24.19309,68.72447,0.49626,0.51204,23.97135,24.97668,0.04,0.037144208,0.11,24.08825746,24.08646277,24.08571282,23.97357091,0.018748605,0.001441466,0.020190071,24.08906506,1.922097463,5.830344208
1457,Hoka,0.09177,2.07925,0.7746,0.83945,721.63534,32.06042,0.63266,0.58,0.36827,0.15292,0.04,0.036396393,0.11,24.9863786,24.01149819,23.62485626,1.536809221,9.666048276,0.957035549,10.62308382,25.41130195,2.475250282,2.357416393
1458,Hoka,0.01765,2.50487,0.79114,0.14445,962.75757,79.25822,0.96391,0.17823,11.59741,5.14988,0.04,0.038446693,0.11,8.516282628,8.536643008,8.580993677,11.47051811,-1.108766719,-0.044795914,-1.153562633,8.470140122,1.010039204,2.710966693
1459,Hoka,0.09691,3.50587,0.40099,0.75715,33.10573,0.80197,0.51013,0.17666,19.13389,5.0901,0.04,0.038667294,0.11,6.30275703,6.634219796,6.766474138,18.75765531,-3.306358558,-0.113956847,-3.420315405,6.165944414,0.861649189,3.791447294
1460,Hoka,0.06295,0.46906,0.18132,0.83534,366.93175,70.07592,0.9019,0.17617,-1.56307,35.3596,0.04,0.038482066,0.11,45.37474847,41.03269098,38.37834083,6.024321966,66.35875364,2.617536958,68.9762906,48.1338001,0.986130998,0.720492066
1461,Hoka,0.07411,0.50796,0.19319,0.37498,532.05606,45.68632,0.09927,0.203,30.18159,29.60566,0.04,0.039358455,0.11,37.4962582,36.75511933,36.36151413,31.2816477,9.840129934,0.160394587,10.00052452,37.89627918,0.407501191,0.771428455
1462,Hoka,0.0961,4.32836,0.64262,0.74607,246.59129,58.04662,0.86605,0.25583,-8.23517,28.14354,0.04,0.037873156,0.11,34.14980763,33.25897221,32.90789262,-7.215483249,8.776989797,0.492889757,9.269879554,34.52060282,1.403925972,4.612333156
1463,Hoka,0.04037,6.17217,0.14937,0.76791,511.50691,47.23602,0.33764,0.56118,2.70719,19.00464,0.04,0.037701901,0.11,35.5690835,35.36050108,35.16570411,3.275534466,4.869924208,0.296843662,5.166767871,35.77575422,1.523861817,6.400241901
1464,Hoka,0.03429,1.90734,0.66149,0.62883,660.41873,40.90161,0.0902,0.31422,9.69207,-3.96923,0.04,0.039323724,0.11,12.85014311,12.79835319,12.73896058,9.858208561,1.484815219,0.025535331,1.51035055,12.91055713,0.429941224,2.130953724
1465,Hoka,0.01332,2.18848,0.16325,0.13433,127.92747,86.85581,0.59414,0.10436,-4.87233,-13.58791,0.04,0.039130149,0.11,-13.31362069,-13.26579367,-13.12529228,-5.267297914,-3.512534839,-0.078082558,-3.590617397,-13.45724539,0.555742234,2.390930149
1466,Hoka,0.01657,2.81712,0.48872,0.56592,418.95907,93.21664,0.36153,0.64557,38.11626,7.35058,0.04,0.037423881,0.11,15.97550725,16.09857275,16.37652017,37.29928926,-6.948685452,-0.478321241,-7.427006693,15.67842698,1.720905501,3.021113881
1467,Hoka,0.05277,6.65184,0.04166,0.91652,630.99229,13.0138,0.21156,0.72225,2.59716,28.38903,0.04,0.03829053,0.11,53.21422875,52.82445763,52.54163514,3.409644807,7.070562331,0.315663184,7.386225515,53.50967777,1.116117676,6.89290053
1468,Hoka,0.03978,2.05382,0.65086,0.16819,269.02374,29.84337,0.35733,0.49054,-9.05319,6.625,0.04,0.037754705,0.11,7.453171569,7.160213448,6.882170529,-8.24309967,6.95107298,0.413384567,7.364457547,7.747749871,1.48676531,2.281354705
1469,Hoka,0.04971,2.38074,0.44437,0.52313,91.80301,52.65597,0.77008,0.28235,17.53086,-9.30399,0.04,0.037756452,0.11,-7.839671524,-7.350506228,-6.978968387,16.44841819,-9.288446041,-0.551934081,-9.840380123,-8.233286729,1.485539343,2.618206452
1470,Hoka,0.0707,0.3882,0.05051,0.86671,399.11044,9.54745,0.21836,0.80163,38.56346,21.06504,0.04,0.038194392,0.11,36.23705059,36.50797575,36.65433815,38.14193571,-3.659059992,-0.172979042,-3.832039034,36.08376903,1.181854374,0.647094392
1471,Hoka,0.0715,1.4537,0.90318,0.11799,820.90039,18.59801,0.08844,0.63625,37.06174,-11.66397,0.04,0.039246073,0.11,-7.127457091,-5.240547956,-4.204830836,34.15880287,-25.892928,-0.497409559,-26.39033756,-8.183070594,0.480256191,1.714446073
1472,Hoka,0.06374,6.46939,0.95643,0.14267,465.67046,83.47158,0.8204,0.47975,-5.42585,2.78332,0.04,0.036394358,0.11,2.155419132,2.083074146,2.0417665,-5.300999852,1.032691141,0.102310204,1.135001345,2.200819186,2.476786139,6.719524358
1473,Hoka,0.04281,2.85521,0.32639,0.12852,400.41816,36.16937,0.91889,0.23457,9.07627,39.02397,0.04,0.038006851,0.11,40.33764225,39.89828323,39.50821894,10.20519995,9.751607287,0.511392279,10.26299957,40.74816223,1.311046129,3.086026851
1474,Hoka,0.00101,0.05524,0.55795,0.53617,572.16309,45.27944,0.45524,0.669,-8.60871,38.68586,0.04,0.036873622,0.11,41.13066024,40.88333911,31.85400661,18.32725482,225.7333125,19.13909502,244.8724075,50.92555654,2.119657796,0.243123622
1475,Hoka,0.09267,6.02172,0.15339,0.5097,406.53073,139.13865,0.1825,0.95861,2.40107,17.17788,0.04,0.038412785,0.11,25.11395537,24.77787532,24.63856625,2.799999597,3.482726535,0.143906164,3.626632699,25.25902068,1.032999307,6.302802785
1476,Hoka,0.06744,0.58704,0.9616,0.17115,578.03629,89.41482,0.19234,0.95792,29.07418,35.53337,0.04,0.03833168,0.11,35.76312123,35.20121835,34.88184288,29.99068826,7.984386676,0.347506591,8.331893266,36.09639696,1.088081667,0.84281168
1477,Hoka,0.01253,2.64413,0.91006,0.98505,549.39772,4.58973,0.36051,0.25398,17.89521,25.47121,0.04,0.038463169,0.11,48.38458621,48.24839544,47.83033251,19.09081931,10.45157336,0.41760221,10.86917557,48.81935323,0.998897953,2.845123169
1478,Hoka,0.04839,0.68702,0.47303,0.75462,477.08432,80.09357,0.93053,0.86954,4.32705,5.37735,0.04,0.033717467,0.11,18.72780358,17.93513984,17.38282297,6.128930789,13.80792188,2.572812566,16.38073445,19.38303296,4.658218282,0.919127467
1479,Hoka,0.05202,1.60782,0.26227,0.77598,452.44392,43.76883,0.77761,0.81238,-2.16246,-6.79284,0.04,0.034769584,0.11,7.752953439,7.46712995,7.276088738,-1.558065849,4.776030303,0.718461983,5.494492286,7.97273313,3.760769601,1.844609584
1480,Hoka,0.00091,5.92277,0.85795,0.72782,201.79279,54.17627,0.13295,0.99602,-1.24554,-7.72905,0.04,0.0388228,0.11,-3.350476049,-3.350160612,-3.336703309,-1.283669742,-0.336432575,-0.010201443,-0.346634019,-3.36434141,0.758060021,6.1125028
1481,Hoka,0.0837,0.37913,0.59757,0.76417,858.19671,102.47008,0.84834,0.2748,35.28558,-9.00518,0.04,0.037743983,0.11,17.97966039,20.35202723,21.42183097,32.16777411,-26.74509358,-1.598596293,-28.34368988,16.84591279,1.494289306,0.650573983
1482,Hoka,0.0216,4.58756,0.53358,0.18189,477.95139,28.76614,0.64781,0.75846,6.98697,9.63022,0.04,0.035633299,0.11,12.69461888,12.66869027,12.62591609,7.119013884,1.069354373,0.131044576,1.20039895,12.74263484,3.063637736,4.794793299
1483,Hoka,0.0637,2.22746,0.75138,0.87494,787.25997,146.41759,0.45421,0.94703,31.58898,33.48542,0.04,0.036327955,0.11,58.21328826,57.5175029,57.12069821,32.79049318,9.9201174,1.00272971,10.92284711,58.65020215,2.527010693,2.477487955
1484,Hoka,0.01203,5.70652,0.79524,0.2232,465.05271,108.79522,0.36908,0.23691,8.31182,27.01864,0.04,0.038517889,0.11,27.6382455,27.59861806,27.47173813,8.674165697,3.17199807,0.122053723,3.294051793,27.77000757,0.96196246,5.907067889
1485,Hoka,0.0933,1.21655,0.9087,0.28647,175.98104,14.38742,0.97981,0.55241,-2.28117,10.73621,0.04,0.035566988,0.11,11.96804515,11.05459437,10.70637687,-1.204218392,8.705437538,1.085031627,9.790469165,12.35966391,3.115959485,1.495416988
1486,Hoka,0.06017,2.1219,0.3852,0.22678,481.57278,30.77911,0.57732,0.49814,9.46894,4.81444,0.04,0.036924394,0.11,9.054384338,9.06509446,9.071666917,9.449360252,-0.164311439,-0.013686268,-0.177997707,9.047264429,2.082366956,2.368994394
1487,Hoka,0.03074,6.90309,0.60589,0.42033,502.92419,67.26546,0.55045,0.03323,25.78644,22.9418,0.04,0.039706862,0.11,30.33518567,30.31544575,30.2899477,25.85707731,0.637451383,0.004706024,0.642157408,30.36087197,0.184564055,7.123536862
1488,Hoka,0.09057,2.33473,0.59679,0.34544,808.79096,115.82262,0.61441,0.65921,25.99752,11.15893,0.04,0.036153057,0.11,20.38822692,20.58579369,20.66465692,25.75756919,-1.971580727,-0.209790256,-2.181370983,20.30097208,2.660178363,2.611453057
1489,Hoka,0.03365,1.94682,0.88432,0.8159,439.10915,86.57329,0.33283,0.41209,8.22872,-2.74758,0.04,0.038040988,0.11,9.47724681,9.457508633,9.435194821,8.293243016,0.557845286,0.028727589,0.586572875,9.500709725,1.28743532,2.168510988
1490,Hoka,0.0829,2.68325,0.8441,0.14012,92.29221,84.60941,0.65256,0.38892,20.27399,15.67344,0.04,0.037260437,0.11,13.22728341,13.4277948,13.51791714,20.00793146,-2.253058526,-0.165655468,-2.418713993,13.13053485,1.83811767,2.953410437
1491,Hoka,0.03596,5.70009,0.27917,0.84413,397.82598,35.72674,0.0775,0.98182,-9.3355,21.61233,0.04,0.039305868,0.11,35.47486242,35.20106749,34.90179753,-8.497973778,7.481748851,0.132125897,7.613874748,35.77941741,0.441494026,5.925355868
1492,Hoka,0.07519,1.68908,0.67287,0.42607,200.48457,135.5083,0.44004,0.77056,-0.89544,30.69216,0.04,0.036738294,0.11,29.79928598,28.59157984,28.00148723,0.871386375,14.75231533,1.309742633,16.06205796,30.4417683,2.219554361,1.951008294
1493,Hoka,0.03838,2.4438,0.0889,0.94049,708.44748,145.14961,0.8317,0.66199,13.71356,22.14109,0.04,0.035297734,0.11,49.99672377,49.46672962,48.97929886,15.23256355,12.18576904,1.623354176,13.80912321,50.5490887,3.330430298,2.667477734
1494,Hoka,0.07979,6.8138,0.31506,0.84921,377.04894,120.52298,0.85078,0.07583,-1.34449,23.43918,0.04,0.039328393,0.11,35.50043192,35.08301173,34.87726583,-0.76902665,5.143647467,0.087837531,5.231484998,35.70969132,0.426922393,7.082918393
1495,Hoka,0.04262,6.26879,0.76644,0.96932,20.10166,111.26689,0.84662,0.28436,25.62969,28.85068,0.04,0.037675058,0.11,25.98783364,25.98547044,25.98338144,25.63578928,0.052225208,0.003222837,0.055448045,25.99005156,1.542759428,6.499085058
1496,Hoka,0.00666,0.48753,0.08495,0.45715,827.13673,16.02233,0.02825,0.73034,-6.24692,14.38971,0.04,0.039746419,0.11,28.60579481,28.24532586,26.09407213,-0.293228746,53.7813432,0.343122741,54.12446594,30.77077344,0.159498964,0.683936419
1497,Hoka,0.01624,4.81203,0.25517,0.98246,657.23161,73.89528,0.22248,0.45691,33.83003,34.63856,0.04,0.038455951,0.11,61.66906312,61.57821907,61.36310245,34.44535294,5.377915598,0.215929309,5.593844907,61.89281691,1.003777881,5.016725951
1498,Hoka,0.04096,5.76551,0.62739,0.53072,592.45558,67.51877,0.98463,0.13389,32.15268,35.50086,0.04,0.038816512,0.11,47.22861758,47.12492644,47.0266616,32.4311474,2.456621156,0.074900635,2.531521791,47.32987845,0.762232249,5.995286512
1499,Hoka,0.00205,4.59297,0.51542,0.57491,973.06929,32.7131,0.9986,0.59264,2.51315,25.81418,0.04,0.035238405,0.11,49.01164725,48.99153823,48.64587503,3.592170226,8.641580024,1.167694761,9.809274785,49.40401824,3.378128645,4.780258405
1500,Hoka,0.02995,0.28299,0.46728,0.74019,573.11485,142.05938,0.46905,0.22917,1.19241,30.26893,0.04,0.038405273,0.11,42.26568486,39.5992555,36.18005855,10.9856397,85.47992358,3.54943735,89.02936093,45.82685929,1.038090934,0.501345273
1501,Hoka,0.05953,4.88214,0.36873,0.56989,840.75326,4.26213,0.65734,0.61096,11.0642,24.31286,0.04,0.036174831,0.11,44.81125359,44.41639836,44.17645513,11.79381657,5.998580857,0.634297053,6.63287791,45.0765687,2.643529646,5.127844831
1502,Hoka,0.05274,4.89893,0.52283,0.5222,378.28225,120.75798,0.54558,0.29447,-6.10079,-7.25455,0.04,0.037952049,0.11,-1.447436712,-1.495561426,-1.530192285,-6.000416118,0.865771478,0.046718358,0.912489836,-1.410937119,1.349038377,5.139622049
1503,Hoka,0.08706,3.99035,0.19064,0.80125,788.09225,121.22193,0.24234,0.79691,11.20848,29.45134,0.04,0.038019776,0.11,55.48218704,54.56997949,54.1716114,12.36105099,9.959202401,0.518715678,10.47791808,55.90130376,1.302101457,4.265429776
1504,Hoka,0.05491,5.00684,0.38937,0.57195,715.57697,109.27435,0.43852,0.48596,-5.58479,37.2555,0.04,0.037440596,0.11,52.75215876,52.13722986,51.71793821,-4.352916402,10.48229125,0.716559641,11.19885089,53.2001128,1.708976654,5.249190596
1505,Hoka,0.03013,1.58962,0.43645,0.82877,914.70876,77.25818,0.04249,0.52796,11.73352,-11.83695,0.04,0.039629813,0.11,19.48196285,19.35001798,19.17647167,12.21523043,4.338657755,0.040527987,4.379185742,19.65713028,0.23352837,1.809379813
1506,Hoka,0.04831,0.10554,0.21232,0.7707,731.57071,15.68478,0.51059,0.87269,1.40301,-4.99313,0.04,0.036086851,0.11,17.2611901,14.70695684,12.79898262,7.218900269,47.69935542,5.172374294,52.87172972,19.37605929,2.710924628,0.339936851
1507,Hoka,0.07554,5.34108,0.62586,0.16922,250.74847,70.22657,0.14405,0.98882,34.79877,35.56003,0.04,0.038728991,0.11,35.48896737,35.47959913,35.47479608,34.81241186,0.120076242,0.003940665,0.124016907,35.49392804,0.820450566,5.605348991
1508,Hoka,0.0806,2.01289,0.53686,0.81972,646.21469,95.87809,0.74835,0.23917,13.25935,29.38252,0.04,0.038076575,0.11,49.52844049,48.22431296,47.60822474,15.03917666,15.40220528,0.778037102,16.18024238,50.17565019,1.262866401,2.281566575
1509,Hoka,0.01223,5.11859,0.98857,0.18921,975.84105,135.31285,0.48592,0.81881,-1.67959,23.81548,0.04,0.036359703,0.11,25.81890158,25.75517312,25.56570885,-1.10639859,4.736606662,0.474224337,5.210830999,26.02733482,2.502975077,5.317179703
1510,Hoka,0.01673,5.35627,0.5197,0.62344,499.71321,65.6282,0.35677,0.46413,2.07927,18.76396,0.04,0.037819285,0.11,30.61953492,30.533048,30.33753854,2.647922763,4.887736615,0.281833959,5.169570574,30.82631774,1.441536139,5.560819285
1511,Hoka,0.03372,6.49813,0.93153,0.48204,443.78614,35.87612,0.4495,0.96754,30.36339,-8.14837,0.04,0.036328967,0.11,-0.117841845,0.03606645,0.201882861,29.86131668,-4.145410292,-0.418892641,-4.564302933,-0.300413963,2.526243554,6.718178967
1512,Hoka,0.02244,2.79521,0.94757,0.78224,918.48302,109.31023,0.51634,0.24152,30.88896,-11.71151,0.04,0.03827951,0.11,15.23418602,15.35262886,15.55467584,30.30835782,-5.051174336,-0.227027296,-5.278201632,15.02305795,1.123636211,3.00592951
1513,Hoka,0.06364,6.60951,0.34284,0.76159,70.75439,62.05752,0.8178,0.43249,8.29562,19.44593,0.04,0.036696634,0.11,20.7904724,20.67387558,20.60664254,8.497154409,1.680826003,0.151304993,1.832130995,20.86375764,2.250455912,6.859846634
1514,Hoka,0.04526,0.6333,0.22296,0.83597,654.21912,140.80767,0.38159,0.09044,1.75612,32.86616,0.04,0.03929274,0.11,52.81282588,50.02147617,47.59814918,8.54022226,60.58317478,1.090482126,61.67365691,55.27977216,0.449993802,0.86785274
1515,Hoka,0.03007,6.78669,0.94951,0.23525,616.81936,33.89202,0.25179,0.87409,12.94221,-11.39603,0.04,0.037898664,0.11,-6.375260726,-6.291857307,-6.186739976,12.63710937,-2.627933274,-0.145708861,-2.773642135,-6.486206412,1.386154499,7.004658664
1516,Hoka,0.0962,5.12057,0.18668,0.2484,126.20023,44.79013,0.17174,0.59803,-7.46572,30.59095,0.04,0.038642325,0.11,31.30135771,30.60627732,30.32707231,-6.670929537,6.980125293,0.245242556,7.225367849,31.59037242,0.878360149,5.405412325
1517,Hoka,0.04569,4.96913,0.52042,0.81264,472.24632,13.93534,0.50108,0.69882,-0.00271,23.94913,0.04,0.036561865,0.11,40.00921783,39.65502103,39.37158711,0.850029088,7.085847954,0.66632557,7.752173523,40.31930478,2.350902721,5.201381865
1518,Hoka,0.02268,0.97065,0.29519,0.96992,401.97222,23.858,0.76516,0.32476,17.01094,12.32883,0.04,0.037474539,0.11,28.56872123,28.33894438,27.95928029,18.12537801,9.491602298,0.639652306,10.1312546,28.97397142,1.684784838,1.180804539
1519,Hoka,0.09788,6.39169,0.81439,0.31078,922.51106,48.26522,0.43452,0.90454,25.34447,-4.00485,0.04,0.036536098,0.11,6.86269371,7.135292767,7.237047015,25.03811634,-2.5438562,-0.241177073,-2.785033274,6.751292379,2.370191693,6.676106098
1520,Hoka,0.0364,2.79185,0.51523,0.68486,504.7034,28.44363,0.64625,0.91518,37.87124,25.27128,0.04,0.035114293,0.11,39.6386409,39.61700434,39.59613201,37.93662523,0.521808182,0.072602973,0.594411155,39.66241735,3.478432066,3.013364293
1521,Hoka,0.06685,0.8072,0.6415,0.40745,531.8912,110.0499,0.45921,0.24351,25.94216,-1.32563,0.04,0.038344151,0.11,5.814956754,7.130988869,7.885845021,23.77666213,-18.8714038,-0.814940487,-19.68634429,5.027502982,1.079597066,1.062394151
1522,Hoka,0.01041,6.55816,0.1667,0.57535,600.86279,117.94112,0.034,0.98247,2.97498,23.78872,0.04,0.03969223,0.11,37.75752408,37.70362826,37.49812917,3.544484392,5.137477061,0.039835597,5.177312658,37.96461659,0.193848052,6.75826223
1523,Hoka,0.09174,3.55374,0.25732,0.13262,480.22899,12.42637,0.71369,0.33323,-7.90329,26.20128,0.04,0.037485659,0.11,28.44794384,27.56872096,27.20946383,-6.849065923,8.981428314,0.602426934,9.583855248,28.83129805,1.676868403,3.832965659
1524,Hoka,0.01562,5.7369,0.9298,0.90257,423.98051,19.58156,0.57876,0.40581,0.03168,22.41968,0.04,0.037331237,0.11,38.00851451,37.90796991,37.66767195,0.73974053,6.007448928,0.429464984,6.436913912,38.26599106,1.787218622,5.939851237
1525,Hoka,0.01797,6.8607,0.65157,0.86322,810.55406,80.77777,0.11809,0.02182,34.83546,5.2367,0.04,0.039829469,0.11,33.37778294,33.38150983,33.38977027,34.81264653,-0.20651102,-0.000884181,-0.207395201,33.36948713,0.107038003,7.068499469
1526,Hoka,0.01881,6.90846,0.22832,0.27989,503.91979,74.69468,0.66498,0.67259,0.89506,-13.51967,0.04,0.035886137,0.11,-8.078150033,-8.054287124,-8.008760935,0.755510825,-1.138154733,-0.130474131,-1.268628864,-8.128895188,2.865913723,7.113156137
1527,Hoka,0.07658,4.59921,0.9194,0.62008,995.4148,145.49858,0.85282,0.3017,20.67432,20.77467,0.04,0.037543205,0.11,41.62119258,41.28861935,41.12557594,21.15203031,4.076085429,0.26673554,4.342820969,41.79490542,1.635978592,4.863333205
1528,Hoka,0.03513,5.56937,0.20519,0.88539,80.68973,140.63385,0.31734,0.43023,3.72838,12.74815,0.04,0.038059455,0.11,14.52461052,14.4586796,14.38725076,3.934824691,1.785720996,0.09104892,1.876769916,14.59968132,1.274680087,5.792559455
1529,Hoka,0.08941,0.81857,0.45172,0.20448,981.39384,135.43761,0.76679,0.34577,2.88057,38.75136,0.04,0.037334506,0.11,43.28492128,39.86172087,38.43231146,7.092090468,35.73523525,2.551314459,38.28654971,44.81638327,1.784873138,1.095314506
1530,Hoka,0.00261,2.91518,0.67183,0.81932,685.54981,124.71087,0.51338,0.50304,32.34804,27.26805,0.04,0.037115094,0.11,47.84407968,47.83088363,47.64323117,32.90419568,4.691311365,0.364649328,5.055960693,48.04631811,1.943216403,3.104905094
1531,Hoka,0.04069,5.2248,0.93884,0.53774,895.88885,38.49958,0.40102,0.87219,-0.44096,34.68457,0.04,0.036817782,0.11,53.65910203,53.25237507,52.88435382,0.658572226,9.200531325,0.795216185,9.99574751,54.05893194,2.160788754,5.452307782
1532,Hoka,0.05207,3.75597,0.45347,0.39847,807.79208,13.75927,0.78306,0.73782,36.46363,29.57488,0.04,0.035094114,0.11,43.22995776,43.14083286,43.0807645,36.65190999,1.501708962,0.209927316,1.711636279,43.29842322,3.494806946,3.993134114
1533,Hoka,0.06746,1.47487,0.95819,0.10312,727.0371,76.02637,0.16442,0.97202,10.13557,32.98019,0.04,0.03856005,0.11,32.54249123,31.64854138,31.13756079,11.59324097,12.77451476,0.477039495,13.25155426,33.0725534,0.933576546,1.73089005
1534,Hoka,0.09791,0.36161,0.99216,0.65955,89.88408,126.74885,0.79341,0.9411,-7.64749,38.00423,0.04,0.034115517,0.11,32.4566331,25.95172313,23.68516845,-0.339348889,56.66386708,9.773779382,66.43764646,35.11413895,4.312174533,0.643635517
1535,Hoka,0.00764,4.26307,0.16967,0.14763,383.24138,64.80305,0.51273,0.63964,25.43847,31.7698,0.04,0.036671019,0.11,33.67705893,33.66281003,33.59441714,25.64362432,1.709822221,0.155217016,1.865039238,33.7516605,2.269490569,4.457381019
1536,Hoka,0.03624,0.32697,0.66097,0.52132,37.45191,145.39494,0.56831,0.71369,30.73327,31.13702,0.04,0.036179187,0.11,28.02058823,28.21357934,28.4062466,30.14748019,-4.816681553,-0.508680363,-5.325361916,27.80757375,2.640201336,0.549389187
1537,Hoka,0.07261,3.01533,0.6062,0.16395,204.15859,24.4577,0.70021,0.83655,-2.63243,10.3193,0.04,0.035070649,0.11,10.96178317,10.65647152,10.50900591,-2.169900299,3.686640216,0.518175247,4.204815462,11.12997579,3.51387182,3.273010649
1538,Hoka,0.02016,5.69431,0.03326,0.913,172.63056,11.67525,0.20034,0.66531,10.04117,-10.81636,0.04,0.038405003,0.11,-3.885544481,-3.837656276,-3.746428761,9.779875227,-2.280687876,-0.094719151,-2.375407027,-3.980560762,1.038273935,5.902875003
1539,Hoka,0.07099,0.18804,0.94076,0.25623,139.94711,25.15649,0.98421,0.34672,19.10961,-13.16091,0.04,0.037082289,0.11,-9.784847001,-4.733984082,-2.095618687,11.28322711,-65.95913487,-5.189800463,-71.14893533,-12.63080441,1.967051445,0.446112289
1540,Hoka,0.06773,3.7686,0.08034,0.3918,326.39245,39.60552,0.42434,0.94009,-9.32403,24.09764,0.04,0.036553629,0.11,29.13309667,28.47912296,28.12617578,-8.261914124,8.823679455,0.831919416,9.655598871,29.51932063,2.357064931,4.022883629
1541,Hoka,0.02674,4.84615,0.19583,0.21669,711.22133,36.68292,0.93226,0.86027,29.79103,-7.88152,0.04,0.033762111,0.11,-1.245748483,-1.080314756,-0.871436975,29.11048737,-5.221944535,-0.964806668,-6.186751203,-1.493218532,4.619000936,5.056652111
1542,Hoka,0.0038,0.72199,0.3974,0.49206,350.37859,47.98945,0.2741,0.0485,30.46674,4.35974,0.04,0.039611501,0.11,11.87600714,11.956707,12.79792882,28.13069121,-21.03054542,-0.206261731,-21.23680715,11.02653485,0.245193035,0.915401501
1543,Hoka,0.00002,6.2538,0.3495,0.68004,454.74558,104.82048,0.81043,0.11618,0.1241,21.27829,0.04,0.038993566,0.11,32.92599548,32.92589302,32.72612726,0.687634838,4.994143817,0.12890016,5.123043978,33.13091724,0.64525655,6.442813566
1544,Hoka,0.04676,3.29468,0.93486,0.78409,802.89055,69.57138,0.99395,0.25936,31.15116,39.51557,0.04,0.037768225,0.11,63.68602559,63.25001541,62.89784837,32.17684691,8.804175945,0.520250543,9.324426488,64.05900265,1.477283468,3.529208225
1545,Hoka,0.00163,5.5442,0.41803,0.89998,979.04674,57.19918,0.57247,0.79544,9.57691,3.36269,0.04,0.035910811,0.11,40.41602684,40.40719514,40.21262239,10.17291445,4.864318837,0.553903438,5.418222275,40.63275573,2.846767742,5.731740811
1546,Hoka,0.04658,2.12569,0.62031,0.99635,176.39506,39.3789,0.59978,0.18496,31.06606,-9.26541,0.04,0.038551614,0.11,-2.114230184,-1.448285887,-0.897121704,29.49341353,-13.77910457,-0.517681524,-14.29678609,-2.686101627,0.939251025,2.360821614
1547,Hoka,0.08132,1.96154,0.20778,0.25388,813.59048,24.22065,0.15236,0.30418,34.5968,13.04504,0.04,0.038994639,0.11,22.03608209,22.5020973,22.72556132,33.9664302,-5.586600666,-0.144033875,-5.730634541,21.80685671,0.644550612,2.231854639
1548,Hoka,0.01449,4.28609,0.80368,0.645,166.73775,88.38506,0.50004,0.88348,11.49724,-13.68828,0.04,0.036132163,0.11,-11.89039671,-11.81418606,-11.62414769,10.91869119,-4.750959082,-0.508575571,-5.259534653,-12.1007781,2.676173178,4.486712163
1549,Hoka,0.0179,1.91725,0.63711,0.49864,812.94969,85.06306,0.89361,0.92473,19.7662,16.76535,0.04,0.033610886,0.11,31.80221572,31.69857481,31.50396794,20.40309948,4.865171761,0.924823521,5.789995282,32.03381553,4.752265524,2.118760886
1550,Hoka,0.08206,5.14479,0.05288,0.79641,188.85089,83.57454,0.28376,0.19576,-1.10879,24.7057,0.04,0.038838791,0.11,30.81525682,30.32793559,30.09728768,-0.455544381,5.766197722,0.172398811,5.938596533,31.05280068,0.747454474,5.415688791
1551,Hoka,0.02547,2.21915,0.3432,0.9559,855.91179,26.19029,0.69575,0.65323,-8.97773,-10.49898,0.04,0.035844102,0.11,24.128679,23.77593569,23.27951765,-7.45429989,12.41045086,1.438913778,13.84936464,24.68265359,2.898592875,2.430464102
1552,Hoka,0.0595,3.79539,0.25079,0.12548,744.91853,32.67985,0.99482,0.89976,4.94425,7.44686,0.04,0.033212573,0.11,11.09302126,11.00151488,10.95043652,5.113421457,1.276958946,0.260963393,1.537922339,11.15453815,5.109079543,4.038102573
1553,Hoka,0.0636,0.64532,0.28831,0.95449,279.68281,94.82452,0.597,0.9903,23.93727,-5.13536,0.04,0.035228623,0.11,6.117226278,7.444108685,8.179081018,21.6423476,-18.37430832,-2.488622595,-20.86293092,5.282709042,3.386008539,0.894148623
1554,Hoka,0.05865,3.6542,0.80346,0.61932,261.61226,77.092,0.48819,0.0778,17.76028,-0.31316,0.04,0.039354015,0.11,4.178863515,4.385105876,4.523494027,17.37346568,-3.45970377,-0.056790033,-3.516493803,4.038203763,0.410367739,3.902204015
1555,Hoka,0.08008,0.50222,0.87396,0.63976,849.59871,77.53386,0.15301,0.51767,22.0563,-5.22931,0.04,0.038813871,0.11,15.79902252,16.48439152,16.81658213,21.11485907,-8.304765149,-0.253788761,-8.558553909,15.45668037,0.763985363,0.771113871
1556,Hoka,0.09182,2.97718,0.66063,0.76886,849.15959,127.60686,0.45176,0.06741,-6.1514,0.92353,0.04,0.039439199,0.11,25.25424863,24.35826568,23.97341651,-5.078015935,9.621229032,0.136807919,9.758036951,25.64457011,0.355484519,3.258439199
1557,Hoka,0.06995,3.03484,0.41023,0.85874,664.21752,52.36342,0.95653,0.57638,29.16592,-12.25008,0.04,0.035455659,0.11,11.82889599,12.20201389,12.3911367,28.57917277,-4.728070359,-0.605995379,-5.334065738,11.61553336,3.204242606,3.290245659
1558,Hoka,0.03379,0.07367,0.41432,0.27426,891.24575,58.47686,0.09987,0.94755,3.31045,26.48481,0.04,0.039113511,0.11,31.64202393,27.9108364,23.59181174,15.45696163,107.9756164,2.447216651,110.422833,36.05893725,0.566613262,0.296573511
1559,Hoka,0.09515,2.24975,0.61354,0.4199,548.59949,21.62812,0.04641,0.55739,-8.12843,-12.93193,0.04,0.039595567,0.11,-3.566507515,-3.740517415,-3.812929612,-7.927262485,1.810304945,0.018490642,1.828795587,-3.493355691,0.255352588,2.534495567
1560,Hoka,0.04367,0.60199,0.23974,0.64248,282.67846,62.54739,0.03811,0.6387,8.45779,33.32667,0.04,0.039662355,0.11,39.0332593,37.35440451,35.82962011,12.68664337,38.11960995,0.324511609,38.44412156,40.57102416,0.212824587,0.835322355
1561,Hoka,0.09234,4.15024,0.51996,0.84069,838.72161,90.41819,0.05663,0.77386,1.81957,34.89698,0.04,0.039497891,0.11,62.95287366,61.6675938,61.11782292,3.350659286,13.74427213,0.174721383,13.91899351,63.5096334,0.317807631,4.432077891
1562,Hoka,0.08779,2.31208,0.31963,0.54909,380.69464,114.54373,0.90741,0.5197,-3.55522,17.99162,0.04,0.035951155,0.11,25.03904228,24.05299882,23.64920111,-2.319717324,10.09494279,1.136899721,11.23184251,25.48831598,2.815517988,2.585821155
1563,Hoka,0.01261,5.08058,0.81316,0.38317,496.981,129.93384,0.37895,0.17453,20.55672,22.99606,0.04,0.038798459,0.11,26.63538033,26.62075765,26.57576658,20.68427706,1.124776668,0.034832969,1.159609636,26.68176471,0.774219665,5.281988459
1564,Hoka,0.05872,1.78316,0.90781,0.7872,634.6227,75.68088,0.52631,0.95774,36.21424,-3.87314,0.04,0.035798175,0.11,15.28163475,15.9000259,16.27702307,35.05580972,-9.4249294,-1.10625493,-10.53118433,14.86038738,2.934385191,2.027678175
1565,Hoka,0.07825,5.53556,0.55246,0.3529,960.57644,1.71421,0.02955,0.4616,24.48489,29.32534,0.04,0.039740949,0.11,43.88808699,43.62465562,43.49086631,24.85520887,3.344732569,0.021802604,3.366535173,44.0227484,0.162962238,5.803550949
1566,Hoka,0.02597,6.43035,0.98439,0.23621,287.48304,69.4044,0.65052,0.93788,-8.467,35.11124,0.04,0.035016657,0.11,34.83085457,34.66051857,34.43084597,-7.745515208,5.741814908,0.817137743,6.558952651,35.09321268,3.557837357,6.641336657
1567,Hoka,0.0466,1.33145,0.16264,0.80396,527.40913,146.26505,0.64441,0.22238,39.74391,4.21334,0.04,0.038270206,0.11,22.07750706,22.61687905,23.05983779,38.4707143,-11.07396845,-0.500537923,-11.57450637,21.6145268,1.129987695,1.566320206
1568,Hoka,0.00561,0.50728,0.88454,0.47596,864.41559,149.53762,0.79772,0.14886,1.23133,11.51735,0.04,0.038732161,0.11,22.37617074,22.19688026,20.95903573,4.746829661,30.9461131,1.012974728,31.95908783,23.65453425,0.818337609,0.701622161
1569,Hoka,0.06272,2.03207,0.71628,0.11314,813.43715,140.37894,0.732,0.74652,25.04362,17.14823,0.04,0.035280022,0.11,16.9228758,17.15024953,17.27814733,24.64484592,-3.197445067,-0.427773841,-3.625218908,16.77786704,3.344653559,2.280070022
1570,Hoka,0.0783,3.39094,0.89003,0.7697,288.55782,131.49333,0.72316,0.22677,-8.39049,33.1218,0.04,0.038181993,0.11,37.18609097,36.19957452,35.71851241,-7.004579283,12.0265529,0.572635438,12.59918833,37.6900585,1.190356544,3.657421993
1571,Hoka,0.07105,4.91073,0.62843,0.38988,717.18486,80.31746,0.2059,0.78147,22.9173,1.63747,0.04,0.038298501,0.11,11.68773004,11.84325611,11.92709025,22.67651369,-2.095853388,-0.093113107,-2.188966495,11.60017138,1.110682503,5.170078501
1572,Hoka,0.04275,2.76705,0.50587,0.96008,393.69781,90.57735,0.22918,0.16463,0.86292,12.04151,0.04,0.039055661,0.11,26.14155855,25.7763289,25.44266141,1.802692182,8.341687232,0.201696238,8.543383471,26.48329389,0.604482741,2.998855661
1573,Hoka,0.03611,0.47594,0.84523,0.38856,883.02659,73.25748,0.21094,0.33132,30.92686,-13.3773,0.04,0.038693624,0.11,0.679439612,2.33247766,4.103788432,25.89129685,-44.2827693,-1.495077521,-45.77784682,-1.151674261,0.844051504,0.700743624
1574,Hoka,0.05998,5.63311,0.89555,0.84939,364.58131,73.0651,0.38831,0.44142,35.24699,-12.59358,0.04,0.037756677,0.11,-1.721353714,-1.341723606,-1.102751091,34.55076939,-5.974312891,-0.354965339,-6.329278229,-1.974524844,1.485381437,5.880846677
1575,Hoka,0.08282,5.14662,0.78648,0.54118,984.46144,93.96151,0.65429,0.37589,-5.83785,21.78522,0.04,0.03732865,0.11,41.38486698,40.65748113,40.32963361,-4.871749502,8.196187968,0.586543828,8.782731795,41.73617625,1.789075086,5.41676865
1576,Hoka,0.09815,4.69075,0.58669,0.18436,493.26552,44.7551,0.30994,0.76771,2.45731,26.46252,0.04,0.037570586,0.11,29.05918626,28.5302711,28.32780902,3.050082982,5.061551932,0.327293356,5.388845288,29.27474007,1.616566224,4.976470586
1577,Hoka,0.07984,1.36852,0.26726,0.91967,832.30676,51.50324,0.81625,0.8271,35.63817,4.4777,0.04,0.034509113,0.11,37.12229181,37.0479026,37.01574947,35.74066015,0.803828234,0.127900431,0.931728665,37.15956096,3.977853273,1.632869113
1578,Hoka,0.09485,2.33449,0.24066,0.12065,93.27102,115.88649,0.16598,0.2214,6.91048,12.37914,0.04,0.039065706,0.11,11.58333933,11.41144214,11.34064314,7.109833626,1.769975049,0.042330641,1.81230569,11.65583156,0.597898831,2.618405706
1579,Hoka,0.00545,3.50145,0.90568,0.8865,509.25478,38.69904,0.8677,0.82834,14.88799,29.66592,0.04,0.034251659,0.11,47.41416451,47.36561335,47.06048348,15.86792168,7.628246691,1.280223169,8.908469861,47.7705033,4.195666518,3.691151659
1580,Hoka,0.01001,3.19939,0.21701,0.54451,126.8048,124.14849,0.22186,0.45575,15.22488,16.21486,0.04,0.038460672,0.11,18.01230814,18.00399864,17.97207165,15.31619323,0.798174566,0.031945684,0.83012025,18.04551295,1.000585755,3.397860672
1581,Hoka,0.08861,5.00302,0.26871,0.33041,231.63174,25.58945,0.27048,0.48892,-4.50137,38.59204,0.04,0.038163662,0.11,41.27119569,40.49713715,40.16375595,-3.540457691,8.334530073,0.401036373,8.735566446,41.62061835,1.202936367,5.279793662
1582,Hoka,0.06217,4.62832,0.02033,0.36731,878.45345,101.34175,0.32993,0.96941,3.99936,-8.42001,0.04,0.037226181,0.11,5.506849827,5.487476916,5.475876796,4.033637307,0.290003005,0.021608874,0.311611878,5.519314302,1.862814625,4.877716181
1583,Hoka,0.09886,5.19288,0.48182,0.11908,93.81618,68.20383,0.69746,0.40912,16.50704,34.35946,0.04,0.037061464,0.11,33.2929488,32.98783471,32.87345099,16.84653575,2.85959308,0.226731896,3.086324976,33.4164018,1.982204191,5.478801464
1584,Hoka,0.01571,0.19482,0.52914,0.83908,768.98621,101.64492,0.34432,0.89912,23.70129,-2.58912,0.04,0.037186833,0.11,23.18420323,23.20691235,23.26066665,23.54228282,-1.343857584,-0.101662224,-1.445519809,23.12638244,1.891238804,0.397716833
1585,Hoka,0.03172,6.94189,0.51665,0.81231,737.03558,101.00031,0.3408,0.56087,15.77519,-9.69092,0.04,0.037686478,0.11,14.08032009,14.08786945,14.09683884,15.74900998,-0.224234724,-0.013765465,-0.23800019,14.07080008,1.534716057,7.161296478
1586,Hoka,0.00533,0.69559,0.02353,0.83691,311.01611,45.00741,0.39742,0.949,-8.66755,25.67285,0.04,0.036737936,0.11,34.88851013,34.61463338,32.72689109,-3.015309381,47.19355734,4.190448288,51.38400562,36.94387036,2.219820101,0.887657936
1587,Hoka,0.04558,1.36191,0.72295,0.88031,938.1732,147.29276,0.14227,0.76968,-5.98488,15.14233,0.04,0.038792032,0.11,45.10731566,43.61094017,42.3374113,-2.373618413,31.83822196,0.991428833,32.82965079,46.42050169,0.778489479,1.596282032
1588,Hoka,0.09169,3.47567,0.11942,0.799,726.51716,26.65094,0.44978,0.90396,19.03395,36.26599,0.04,0.036431315,0.11,60.91510025,59.88109421,59.47025115,20.27444149,10.27107648,1.006118895,11.27719538,61.36618807,2.448912966,3.753791315
1589,Hoka,0.0032,5.7175,0.70831,0.90378,265.66121,34.45392,0.07344,0.32817,-7.27385,7.27223,0.04,0.039425634,0.11,16.48836395,16.47541038,16.31581578,-6.828571023,3.989865007,0.058125689,4.047990696,16.65028358,0.36420837,5.910125634
1590,Hoka,0.07913,6.10529,0.45642,0.48624,719.11229,80.11286,0.36242,0.72894,26.02369,20.0765,0.04,0.037282812,0.11,33.64124838,33.54604849,33.50119421,26.15602903,1.121357092,0.081725019,1.203082111,33.68937167,1.822011454,6.371702812
1591,Hoka,0.08699,4.12538,0.12396,0.90732,910.08896,119.02495,0.97179,0.59322,22.04061,31.07823,0.04,0.035302068,0.11,65.93563786,65.05938365,64.70378433,23.14864498,8.889983214,1.18306202,10.07304523,66.33855967,3.326952346,4.397672068
1592,Hoka,0.0687,4.38328,0.8514,0.64601,916.02407,71.99556,0.26019,0.02332,-4.15383,23.91528,0.04,0.039801368,0.11,46.53828829,45.78150559,45.34306328,-2.94209642,10.96105763,0.054702192,11.01575982,46.97891868,0.124764857,4.641781368
1593,Hoka,0.0545,4.73991,0.41784,0.59382,731.18955,137.41029,0.54488,0.42832,-9.18451,22.72542,0.04,0.037313904,0.11,38.7193853,38.19107528,37.82936317,-8.118196182,9.04280263,0.650959351,9.693761981,39.10713578,1.799661503,4.981723904
1594,Hoka,0.06082,1.93026,0.22478,0.66702,495.34279,49.04984,0.41744,0.87036,-4.66833,11.0108,0.04,0.036707974,0.11,24.35377487,23.5280969,23.02975811,-3.174995968,12.4584698,1.117294131,13.57576393,24.89680542,2.242037243,2.177787974
1595,Hoka,0.08363,2.88174,0.19481,0.26078,882.38319,142.48432,0.33457,0.45743,26.69383,21.74648,0.04,0.037927024,0.11,30.49548451,30.39336371,30.34705093,26.82815127,1.157819518,0.063282895,1.221102413,30.5443286,1.366423998,3.153297024
1596,Hoka,0.09522,1.75988,0.86497,0.4167,303.28725,41.25838,0.1544,0.54986,-0.85704,10.95657,0.04,0.038786766,0.11,14.59135512,13.85728361,13.55826807,-0.009026284,7.475388521,0.233827081,7.709215602,14.89972374,0.781989727,2.043886766
1597,Hoka,0.04776,6.63051,0.96098,0.23816,13.32584,120.91494,0.67388,0.32368,-2.97632,-14.19194,0.04,0.037598966,0.11,-19.01202014,-18.89981977,-18.81149025,-3.234737943,-2.208238037,-0.141015988,-2.349254025,-19.1059903,1.596476309,6.865868966
1598,Hoka,0.06864,5.56257,0.84041,0.12185,790.7318,116.57801,0.96155,0.81092,-0.6519,21.38306,0.04,0.033920274,0.11,21.1614252,20.9021641,20.77404336,-0.236417464,3.20301847,0.574095494,3.777113964,21.31250976,4.480894347,5.815130274
1599,Hoka,0.0994,0.11477,0.06669,0.81051,384.36891,100.48845,0.46114,0.42299,36.24839,36.13735,0.04,0.037572947,0.11,48.08241427,44.83065215,43.60149434,39.84691951,30.72894533,1.984959286,32.71390462,49.39097046,1.614893762,0.401742947
1600,Hoka,0.00684,5.17661,0.92841,0.35083,510.75908,95.13164,0.2121,0.46475,4.43128,-9.64981,0.04,0.038502326,0.11,-5.623577207,-5.610678512,-5.538071826,4.223844857,-1.815167145,-0.070606881,-1.885774027,-5.699008168,0.97245702,5.371952326
1601,Hoka,0.01642,5.96972,0.36975,0.99816,182.44912,79.95304,0.6032,0.52556,37.38677,17.12786,0.04,0.036726925,0.11,23.8488003,23.88504656,23.96611924,37.14395099,-2.026817155,-0.180628378,-2.207445533,23.76050248,2.227980675,6.172866925
1602,Hoka,0.01343,2.05996,0.52092,0.32985,937.23683,1.63424,0.67366,0.81346,5.78232,-12.19488,0.04,0.035299651,0.11,1.290290491,1.317481295,1.388950089,5.559610508,-1.786719861,-0.237911888,-2.024631749,1.209305221,3.32889186,2.258689651
1603,Hoka,0.02069,0.17241,0.63596,0.15011,588.51843,84.67542,0.19552,0.81037,38.23435,12.51383,0.04,0.038363246,0.11,16.5532799,17.86698305,20.30284175,31.24994468,-60.89646745,-2.598126412,-63.49459386,14.01349615,1.066616226,0.381463246
1604,Hoka,0.05045,5.68459,0.10766,0.86081,342.86968,69.83586,0.62847,0.63774,-8.18797,5.29291,0.04,0.036176676,0.11,17.62288923,17.40147963,17.24271127,-7.705213681,3.969208861,0.41948495,4.388693811,17.79843698,2.642119405,5.921216676
1605,Hoka,0.0411,1.02378,0.50256,0.40948,931.60096,149.35245,0.19078,0.18987,17.05248,-9.87875,0.04,0.039062527,0.11,3.877687333,4.323741381,4.747682946,15.85866138,-10.59853913,-0.254357424,-10.85289655,3.443571471,0.599982274,1.253942527
1606,Hoka,0.00616,2.86844,0.90446,0.15683,8.78819,128.17796,0.59874,0.54443,-7.59417,8.50085,0.04,0.036662784,0.11,3.375032584,3.352667668,3.219557267,-7.194796503,3.327760022,0.302908136,3.630668158,3.52025931,2.275615835,3.061262784
1607,Hoka,0.02042,6.36233,0.82968,0.12683,44.32628,72.82888,0.04834,0.74479,11.89296,-2.48829,0.04,0.039570611,0.11,-4.768991068,-4.716905897,-4.615973375,11.61238366,-2.52331304,-0.027380972,-2.550694012,-4.871018829,0.271279981,6.572320611
1608,Hoka,0.0463,0.254,0.2834,0.37706,949.66561,144.5636,0.92597,0.83078,30.99745,27.98077,0.04,0.033962426,0.11,40.8785657,39.84877873,39.09339939,33.44402811,18.88448353,3.357135658,22.24161919,41.76823046,4.444304304,0.484262426
1609,Hoka,0.01279,2.37055,0.26466,0.69631,766.62179,46.90984,0.56914,0.92062,24.18382,12.93203,0.04,0.035593537,0.11,35.42343881,35.3665948,35.20840251,24.67270516,3.95480727,0.489603248,4.444410518,35.60121523,3.094988038,2.568933537
1610,Hoka,0.04124,4.91759,0.76128,0.11574,541.5253,31.92705,0.08204,0.12874,34.8899,6.83576,0.04,0.039524221,0.11,8.709056035,8.920415302,9.122981026,34.32613862,-5.064143111,-0.060960362,-5.125103474,8.504051896,0.300941152,5.148354221
1611,Hoka,0.00577,0.33784,0.74799,0.10164,607.19439,46.25592,0.28257,0.88745,13.82826,-5.26229,0.04,0.037655912,0.11,-2.734725302,-2.54019028,-1.270624639,10.11962006,-31.73914102,-1.975767518,-33.71490854,-4.083321644,1.556254718,0.531265912
1612,Hoka,0.00336,4.71964,0.72325,0.16933,106.48832,115.99409,0.62995,0.57321,22.72676,15.58544,0.04,0.036434711,0.11,12.80343097,12.81027825,12.88452786,22.50259308,-1.856240231,-0.181640883,-2.037881114,12.72191572,2.446354731,4.909434711
1613,Hoka,0.06514,2.18067,0.82359,0.83657,874.69156,67.36552,0.49781,0.86363,32.86523,28.68499,0.04,0.036188648,0.11,57.67272051,56.9971516,56.62183804,34.00604334,9.382839033,0.988191293,10.37103033,58.08756173,2.632975184,2.431998648
1614,Hoka,0.06905,0.84048,0.90624,0.91891,466.2954,96.24671,0.99565,0.27077,3.47068,6.72655,0.04,0.037674883,0.11,20.90436562,19.76570649,19.14443424,5.284619238,15.53180631,0.958550392,16.49035671,21.56397989,1.542882991,1.097204883
1615,Hoka,0.08182,1.99372,0.66425,0.7183,273.64041,77.38366,0.4492,0.51382,36.91881,26.13695,0.04,0.037315813,0.11,32.52701501,32.68867042,32.76239693,36.70147811,-1.843162764,-0.132581665,-1.975744429,32.44798523,1.798290245,2.262855813
1616,Hoka,0.02624,5.05009,0.59017,0.33783,392.77236,85.51281,0.18011,0.60512,-5.7227,-12.63389,0.04,0.038581081,0.11,-9.033621441,-9.016993679,-8.992545621,-5.792404796,-0.611201446,-0.022478513,-0.633679959,-9.058968639,0.919439609,5.264911081
1617,Hoka,0.06049,4.71364,0.71647,0.21829,146.95719,61.19447,0.92963,0.41651,28.56853,22.67683,0.04,0.036625327,0.11,22.21695149,22.29503036,22.34230534,28.42654496,-1.181874669,-0.108898411,-1.29077308,22.16532057,2.30351013,4.960755327
1618,Hoka,0.01601,5.77473,0.37652,0.76102,728.0424,111.54429,0.84972,0.16275,38.79287,14.28933,0.04,0.038606326,0.11,36.56762823,36.57362656,36.58809084,38.75165728,-0.361607169,-0.013053887,-0.374661056,36.55264179,0.902490921,5.979346326
1619,Hoka,0.07305,6.99041,0.08445,0.61793,809.48584,71.53964,0.34311,0.99716,0.42629,3.75018,0.04,0.037098197,0.11,25.09870575,24.84875007,24.72181092,0.802677744,3.173478807,0.248227957,3.421706763,25.23557402,1.955487744,7.250558197
1620,Hoka,0.05829,6.05481,0.34586,0.72065,776.75964,60.25683,0.75325,0.31829,1.17037,28.05683,0.04,0.037531403,0.11,51.16918132,50.70366426,50.40393003,2.048854755,7.49335581,0.492869236,7.986225046,51.48863032,1.644354175,6.300631403
1621,Hoka,0.01869,3.59605,0.45595,0.11497,319.71603,9.93508,0.06069,0.92781,-7.49088,4.525,0.04,0.039456134,0.11,5.785134214,5.719216101,5.580057518,-7.102918929,3.478964578,0.047954249,3.526918827,5.926210967,0.344601445,3.804196134
1622,Hoka,0.04856,6.64824,0.02333,0.90055,851.64653,42.3253,0.37002,0.64993,3.90902,33.16429,0.04,0.03736904,0.11,66.10353283,65.66225712,65.3226762,4.908614892,8.489523156,0.597703134,9.087226289,66.46702188,1.760119864,6.88416904
1623,Hoka,0.01839,3.25318,0.16038,0.54243,301.78326,116.21729,0.75403,0.99172,8.36894,5.65497,0.04,0.03415915,0.11,11.92022452,11.9011047,11.86558992,8.48330542,0.887869436,0.151816196,1.039685632,11.96181195,4.274733139,3.45572915
1624,Hoka,0.00909,3.44801,0.05225,0.73251,229.50804,50.01772,0.38219,0.96301,-9.25277,39.94631,0.04,0.03683404,0.11,46.52305977,46.38237954,45.81232217,-7.5503689,14.25143426,1.224939381,15.47637364,47.14211472,2.148800183,3.64393404
1625,Hoka,0.08577,0.67942,0.83591,0.66564,239.86758,126.04973,0.72387,0.52319,-2.08472,9.8376,0.04,0.03637931,0.11,11.59803169,10.31061493,9.764557638,-0.433608374,13.65143222,1.358673478,15.01010569,12.19843592,2.488151896,0.95156931
1626,Hoka,0.06334,5.46105,0.40246,0.65122,220.91131,20.23942,0.78361,0.77162,13.35442,-4.95718,0.04,0.034929889,0.11,1.030480771,1.168168946,1.244099364,13.11530255,-1.898260438,-0.275534562,-2.173795,0.943528971,3.628777123,5.709319889
1627,Hoka,0.0733,6.15689,0.54285,0.76283,643.52484,18.80404,0.1701,0.25511,-9.74544,-0.94315,0.04,0.03898883,0.11,19.77143179,19.43226797,19.25186414,-9.236462907,4.510095804,0.116968678,4.627064483,19.95651437,0.648371362,6.41917883
1628,Hoka,0.01105,4.30503,0.60453,0.25945,725.36348,95.46558,0.90585,0.50513,22.00791,30.18111,0.04,0.036051682,0.11,35.73129553,35.69731101,35.58643326,22.34621745,2.771943823,0.303578486,3.075522309,35.85431643,2.737956698,4.502131682
1629,Hoka,0.0938,6.96567,0.52651,0.70909,402.13671,55.1493,0.55191,0.59158,3.59892,0.49623,0.04,0.036657064,0.11,11.58729923,11.48331689,11.44268056,3.720860913,1.015908161,0.092645596,1.108553757,11.63164138,2.279871352,7.246127064
1630,Hoka,0.06248,4.178,0.75781,0.20546,579.78537,111.49306,0.80049,0.78001,23.3444,2.94633,0.04,0.034812174,0.11,4.622842291,4.889580032,5.038199122,22.8747913,-3.715477249,-0.553692732,-4.269169981,4.452075492,3.725582846,4.425292174
1631,Hoka,0.09004,4.69804,0.0879,0.22626,230.06245,36.84304,0.95908,0.64207,14.476,39.5887,0.04,0.03500756,0.11,41.49204989,40.99894591,40.80722704,15.07841491,4.792971774,0.683527389,5.476499163,41.71110986,3.565258787,4.97308756
1632,Hoka,0.09116,4.17984,0.14353,0.50817,191.45886,42.7502,0.14755,0.84046,23.83967,-13.41425,0.04,0.038731437,0.11,-9.152283332,-8.471801608,-8.182683189,23.0185534,-7.227960492,-0.236735904,-7.464696396,-9.450871188,0.81881986,4.459731437
1633,Hoka,0.08041,3.66571,0.28205,0.79408,845.92942,7.53773,0.7601,0.68413,25.77137,-2.29763,0.04,0.035448668,0.11,26.8052052,26.78384346,26.77442616,25.80059263,0.235432572,0.030227703,0.265660275,26.81583161,3.209804688,3.931568668
1634,Hoka,0.07839,5.20588,0.18271,0.4025,976.62714,37.10023,0.84952,0.44831,13.03748,2.32224,0.04,0.036537163,0.11,19.0740324,18.98689888,18.94628641,13.15974926,1.015311768,0.096226944,1.111538712,19.11849395,2.369393988,5.470807163
1635,Hoka,0.07067,3.72164,0.76317,0.9136,984.6892,47.62199,0.44266,0.14259,2.42503,27.88982,0.04,0.03892619,0.11,64.79027666,63.67201027,63.05605088,4.165645584,15.39898463,0.424793405,15.82377804,65.42322778,0.689645154,3.98123619
1636,Hoka,0.05735,6.27727,0.06249,0.55545,103.64425,62.29468,0.8149,0.96798,32.21196,14.45462,0.04,0.033867454,0.11,16.88302187,17.01871937,17.09885415,31.95168579,-2.003369256,-0.362759912,-2.366129169,16.7883767,4.526872809,6.518487454
1637,Hoka,0.04259,1.1679,0.43509,0.75994,391.84106,97.4972,0.47353,0.04572,-3.83516,5.72737,0.04,0.039606768,0.11,16.23940275,15.61078893,15.02620659,-2.211597652,14.61455859,0.145099118,14.75965771,16.82978906,0.248209888,1.400096768
1638,Hoka,0.03453,4.03675,0.15921,0.58616,945.17692,20.03873,0.93622,0.16391,23.87374,-14.43212,0.04,0.038573164,0.11,9.652015472,9.768388277,9.89838733,23.50301864,-3.249976326,-0.120217843,-3.370194169,9.517207705,0.924759378,4.259853164
1639,Hoka,0.09155,5.34685,0.88737,0.87756,870.77014,68.52364,0.24824,0.64947,32.55872,-1.37348,0.04,0.038096898,0.11,29.23066328,29.28520257,29.30789812,32.49318945,-0.567388826,-0.028343488,-0.595732314,29.20683398,1.248856471,5.626496898
1640,Hoka,0.06921,4.10583,0.89735,0.97391,459.96399,123.80427,0.16092,0.62927,21.11135,25.02438,0.04,0.03870189,0.11,39.50068047,39.20632303,39.04171981,21.57919161,4.11508058,0.138024932,4.253105512,39.67080469,0.838531164,4.36374189
1641,Hoka,0.05436,3.35903,0.80948,0.6825,739.25475,137.30254,0.54366,0.95473,9.85591,37.59439,0.04,0.03568425,0.11,54.20025743,53.52295806,53.07834953,11.22645691,11.11521333,1.344304035,12.45951737,54.69863812,3.023567778,3.59907425
1642,Hoka,0.08179,2.10784,0.85218,0.55092,663.23529,145.07592,0.6602,0.90069,12.3141,24.45871,0.04,0.035074436,0.11,34.58834177,33.80802449,33.47339692,13.36355472,8.365689246,1.174808227,9.540497473,34.96996167,3.510793291,2.374704436
1643,Hoka,0.0264,4.01198,0.27352,0.64923,537.14429,149.69049,0.67252,0.92154,39.67185,-1.22309,0.04,0.03492979,0.11,12.41952816,12.5915119,12.81906328,38.95525105,-5.688784307,-0.825751601,-6.514535908,12.15894672,3.628857925,4.22330979
1644,Hoka,0.01636,0.3142,0.17737,0.15719,6.41572,55.67184,0.75967,0.48799,-8.51211,-12.86542,0.04,0.036480888,0.11,-12.88429096,-12.73434809,-12.399993,-9.520283339,-8.358877046,-0.806335129,-9.165212176,-13.25089944,2.411613201,0.517040888
1645,Hoka,0.08204,6.48934,0.82741,0.74763,841.90291,85.45175,0.91354,0.08267,-9.95315,1.43726,0.04,0.039265021,0.11,25.51867065,25.08566041,24.87841813,-9.372565806,5.181056948,0.096981179,5.278038126,25.72979218,0.467960396,6.760645021
1646,Hoka,0.02086,5.48195,0.47462,0.12274,337.95151,121.7463,0.8041,0.65166,16.15286,38.14821,0.04,0.035450578,0.11,37.28969389,37.21163192,37.07896931,16.56450031,3.316565222,0.425619403,3.742184625,37.43938128,3.208284585,5.688260578
1647,Hoka,0.04799,3.97636,0.44427,0.48562,853.34288,18.39298,0.43224,0.5105,30.56601,-7.39009,0.04,0.037392497,0.11,10.46477404,10.69601034,10.87618335,30.03598305,-4.504325235,-0.314101593,-4.818426827,10.27203696,1.74333322,4.211742497
1648,Hoka,0.00953,0.91076,0.60789,0.20217,105.74373,143.64126,0.78007,0.30691,25.15647,26.29497,0.04,0.037577816,0.11,23.49042529,23.50529361,23.56392102,24.98485239,-1.465685188,-0.094474869,-1.560160057,23.42801888,1.611445448,1.107867816
1649,Hoka,0.01746,4.15862,0.19759,0.117,176.51489,43.42898,0.09712,0.97894,10.96243,32.92217,0.04,0.039134498,0.11,33.24096682,33.15103295,32.94945697,11.52902365,5.039399563,0.111451758,5.150851322,33.44700087,0.552901972,4.365214498
1650,Hoka,0.08718,1.58184,0.58225,0.9754,748.44524,110.60583,0.04121,0.58703,6.40035,-5.27196,0.04,0.039637752,0.11,23.29698703,22.4870222,22.11875901,7.422329023,9.206579785,0.084138609,9.290718394,23.66861576,0.228474122,1.858657752
1651,Hoka,0.02366,4.5214,0.80541,0.11812,388.77706,120.16546,0.39814,0.46923,33.18628,-10.13567,0.04,0.037642021,0.11,-11.96213999,-11.73450746,-11.37235411,32.12797155,-9.053833888,-0.567152015,-9.620985902,-12.34697943,1.566054839,4.732702021
1652,Hoka,0.03794,6.62842,0.95476,0.46866,695.93963,137.65411,0.15054,0.8155,26.33789,6.81674,0.04,0.038713886,0.11,15.34787152,15.40905374,15.47148392,26.16050351,-1.560754616,-0.051849834,-1.61260445,15.28336734,0.830525084,6.855073886
1653,Hoka,0.05096,4.27643,0.44639,0.60712,314.75894,105.78664,0.85633,0.26986,38.64813,-9.61102,0.04,0.037774574,0.11,-2.983500879,-2.509429395,-2.158019501,37.62482028,-8.785247358,-0.517568257,-9.302815616,-3.355613503,1.47283348,4.515164574
1654,Hoka,0.09897,3.02346,0.72569,0.6828,983.3538,143.31267,0.63818,0.57376,34.99,36.17452,0.04,0.036403605,0.11,60.53297376,59.75961286,59.47515166,35.84955036,7.111529886,0.702564329,7.814094215,60.84553753,2.469807272,3.308833605
1655,Hoka,0.02505,1.16025,0.72739,0.54825,942.0363,59.43774,0.83962,0.30641,28.51952,-12.04315,0.04,0.037521514,0.11,9.114738043,9.479445382,10.02572768,26.91801073,-13.65705742,-0.902117801,-14.55917522,8.532371034,1.651376599,1.372821514
1656,Hoka,0.06489,5.13932,0.95553,0.52616,755.07871,70.04354,0.93326,0.21476,16.71856,-8.3454,0.04,0.038158259,0.11,6.097604757,6.226369026,6.302088247,16.50028184,-1.89298054,-0.091366338,-1.984346878,6.018230882,1.206646554,5.392368259
1657,Hoka,0.02656,1.08025,0.42079,0.26357,431.0114,62.42411,0.97395,0.26916,26.60246,-10.40899,0.04,0.037700925,0.11,-5.585537199,-4.904065887,-3.936742882,23.78010141,-24.18307514,-1.474730269,-25.6578054,-6.611849415,1.524547913,1.294510925
1658,Hoka,0.01047,4.56498,0.12158,0.46803,823.54636,78.50083,0.41981,0.21302,24.58856,17.9439,0.04,0.038552205,0.11,34.20595578,34.18464035,34.10615355,24.81250434,1.962169999,0.073687598,2.035857598,34.28739009,0.938853392,4.764002205
1659,Hoka,0.09371,5.42547,0.90738,0.20179,122.5094,14.24772,0.23426,0.80841,26.53007,4.9236,0.04,0.038071845,0.11,5.584180491,5.930528131,6.071239833,26.1235153,-3.517792542,-0.178159232,-3.695951774,5.43634242,1.266129471,5.707251845
1660,Hoka,0.04001,6.10852,0.11737,0.16155,746.24373,5.89703,0.63038,0.22326,15.70387,-2.69939,0.04,0.0382757,0.11,2.595339256,2.678631061,2.758312444,15.47487478,-1.992034566,-0.089740126,-2.081774692,2.512068268,1.126237059,6.3368057
1661,Hoka,0.01478,3.88767,0.52856,0.21605,994.18726,74.46684,0.32627,0.8362,15.67435,-10.34852,0.04,0.037383857,0.11,-2.541043818,-2.474566148,-2.306420566,15.17959061,-4.203639556,-0.294173061,-4.497812617,-2.720956323,1.749514067,4.089833857
1662,Hoka,0.01303,0.1493,0.43154,0.99385,425.8206,16.21328,0.71843,0.18078,26.70944,12.39607,0.04,0.038516217,0.11,30.06070134,29.92022372,29.50497689,27.89536001,10.38117092,0.399920035,10.78109096,30.49194498,0.963089901,0.350846217
1663,Hoka,0.06127,6.64488,0.29798,0.81655,740.49665,135.5476,0.19284,0.60773,23.77222,11.20687,0.04,0.038493591,0.11,35.67057094,35.56421793,35.49740041,23.96315897,1.6704379,0.06537094,1.73580884,35.74000329,0.978350344,6.894643591
1664,Hoka,0.06965,2.71545,0.46932,0.82219,668.22041,38.06998,0.69327,0.95991,29.37133,9.43604,0.04,0.034669585,0.11,32.50358572,32.42912198,32.39205626,29.48893247,0.926642892,0.14247044,1.069113332,32.54635026,3.843725601,2.969769585
1665,Hoka,0.08258,0.13173,0.04377,0.69505,925.67956,50.52322,0.37637,0.13501,4.22911,-6.39152,0.04,0.039017673,0.11,19.7745182,16.24123432,14.57181661,8.935591309,41.73544293,1.050750782,42.78619371,21.48596595,0.629411543,0.403327673
1666,Hoka,0.08689,4.35475,0.59192,0.92553,411.95613,75.91604,0.93757,0.5295,-8.91567,33.27798,0.04,0.035819374,0.11,47.41039419,46.34353532,45.90373538,-7.565060315,10.99499846,1.283271401,12.27826987,47.90152498,2.917852615,4.627459374
1667,Hoka,0.0082,5.33756,0.11396,0.83507,41.66636,122.99137,0.98837,0.25096,37.28766,-5.60953,0.04,0.037839401,0.11,-4.402573704,-4.340344937,-4.053186487,36.45288386,-7.178961252,-0.409912755,-7.588874007,-4.706128664,1.427479341,5.533599401
1668,Hoka,0.07805,0.01081,0.02877,0.11063,577.24161,95.256,0.03136,0.56224,27.85284,10.5096,0.04,0.039722513,0.11,15.27563438,19.39014757,21.48417455,22.05403858,-52.35067444,-0.365702144,-52.71637658,13.16697931,0.174640608,0.278582513
1669,Hoka,0.03264,3.43137,0.47602,0.35172,229.29516,53.34032,0.09156,0.6848,10.73725,29.14508,0.04,0.039213817,0.11,31.31968562,31.13375452,30.9103762,11.36385605,5.584458054,0.111960619,5.696418673,31.54754237,0.501215239,3.653223817
1670,Hoka,0.04104,4.36171,0.23825,0.94233,790.06589,22.243,0.70885,0.21394,17.80536,39.86427,0.04,0.038282033,0.11,71.53133887,71.04685224,70.59492404,19.10393528,11.29820495,0.507024828,11.80522978,72.00354806,1.121914565,4.591032033
1671,Hoka,0.03748,2.92222,0.02828,0.54476,859.81462,125.06804,0.48631,0.91647,18.98391,15.64762,0.04,0.036157753,0.11,35.64417121,35.44312318,35.24916787,19.57396559,4.848882736,0.515259004,5.36414174,35.85873688,2.656586228,3.145857753
1672,Hoka,0.08949,1.08328,0.43823,0.7743,347.44466,132.66349,0.53914,0.7142,18.23427,1.15975,0.04,0.036324134,0.11,10.56151644,11.08205148,11.29333748,17.59443478,-5.282150103,-0.534533756,-5.816683859,10.32884909,2.529906127,1.359094134
1673,Hoka,0.00834,5.8427,0.73521,0.24798,151.0956,19.01762,0.90841,0.95091,-8.49691,3.37506,0.04,0.033388739,0.11,4.310758901,4.292939695,4.221601469,-8.261884505,1.783455661,0.353139744,2.136595405,4.396222717,4.950217597,6.034428739
1674,Hoka,0.09639,4.83864,0.99576,0.53988,435.80487,105.82921,0.83061,0.51639,29.65384,0.35003,0.04,0.036146415,0.11,6.182705342,6.627953152,6.794921841,29.14572444,-4.174217246,-0.445015141,-4.619232387,5.997936046,2.66526102,5.121176415
1675,Hoka,0.08851,4.67374,0.69332,0.34317,2.96236,17.65631,0.80542,0.58597,0.63383,28.62722,0.04,0.035805926,0.11,27.91682895,27.4248178,27.22577911,1.245300189,4.975967295,0.582852606,5.558819901,28.13918175,2.928338206,4.948055926
1676,Hoka,0.06174,6.77769,0.64948,0.26665,56.6978,88.98755,0.6167,0.4627,39.01346,38.49159,0.04,0.036968473,0.11,36.64959516,36.67048504,36.68299341,38.97624123,-0.31270931,-0.025643111,-0.338352422,36.63606106,2.050075793,7.026398473
1677,Hoka,0.00386,4.61734,0.40498,0.34163,318.03733,112.2006,0.33109,0.5812,34.71437,11.50592,0.04,0.037700286,0.11,14.42445717,14.44088005,14.60128087,34.24636055,-4.010020475,-0.24461091,-4.254631385,14.25427192,1.524997887,4.808900286
1678,Hoka,0.05015,0.03523,0.58547,0.43339,893.75404,40.05782,0.33131,0.45834,28.43708,-1.03106,0.04,0.03793876,0.11,16.78750112,19.29148486,21.18576278,22.94479263,-47.35694794,-2.572937197,-49.92988514,14.79030572,1.358268062,0.27331876
1679,Hoka,0.01897,3.77349,0.39436,0.34473,473.241,149.88293,0.1193,0.1077,18.08141,0.44832,0.04,0.039459749,0.11,5.103168441,5.165624619,5.295540546,17.71924977,-3.247898161,-0.044467586,-3.292365747,4.971473811,0.342279714,3.981919749
1680,Hoka,0.09107,1.12154,0.48088,0.38593,421.15248,134.05708,0.90026,0.16091,14.31425,23.1565,0.04,0.038607217,0.11,27.04627687,26.19446154,25.83335229,15.34312543,9.027731243,0.325681795,9.353413039,27.42041339,0.901892698,1.401217217
1681,Hoka,0.01243,6.26346,0.14828,0.17707,535.43352,126.30685,0.40924,0.73097,9.38353,36.71756,0.04,0.036997232,0.11,39.83575673,39.77682355,39.60141208,9.905062579,4.385286805,0.355918456,4.74120526,40.02540494,2.029048906,6.462887232
1682,Hoka,0.05675,3.59822,0.95892,0.57764,948.04041,90.25126,0.60757,0.32862,0.4524,4.09431,0.04,0.037669771,0.11,23.89477701,23.54492665,23.3127014,1.130524047,5.805631305,0.359132759,6.164764064,24.14136757,1.546484526,3.842639771
1683,Hoka,0.08048,3.07651,0.85952,0.27824,254.99721,98.50857,0.47829,0.485,19.95594,24.99459,0.04,0.037300134,0.11,24.34495187,24.23805215,24.18850725,20.10205045,1.238622538,0.089654245,1.328276783,24.39808294,1.80955541,3.344290134
1684,Hoka,0.01219,6.30459,0.48691,0.66753,230.56689,75.33859,0.48084,0.73226,32.76637,30.461,0.04,0.036585856,0.11,35.54066557,35.53543321,35.51972932,32.81358573,0.392597219,0.036636655,0.429233874,35.55783492,2.332967068,6.503365856
1685,Hoka,0.04403,4.50309,0.19821,0.7099,69.09289,69.28767,0.46039,0.51142,17.246,1.24131,0.04,0.037279837,0.11,2.899015636,3.033579743,3.14751406,16.90981895,-2.848357946,-0.207833444,-3.05619139,2.77676798,1.824151385,4.734399837
1686,Hoka,0.07391,1.5031,0.36199,0.99027,878.60235,139.32049,0.6314,0.49297,3.6994,-12.40993,0.04,0.036786551,0.11,22.78293666,21.96470542,21.55745463,4.917170758,10.18126957,0.889373688,11.07064325,23.22576239,2.183847708,1.763796551
1687,Hoka,0.05341,2.65339,0.84218,0.1535,552.56362,128.96436,0.3437,0.38624,6.97354,30.5223,0.04,0.038068916,0.11,29.17674283,28.76135666,28.46528287,7.829044187,7.401844779,0.375466012,7.777310791,29.48783526,1.268150115,2.894868916
1688,Hoka,0.0966,5.91613,0.40197,0.41817,240.65574,52.19573,0.27251,0.6604,8.09232,23.86807,0.04,0.037931152,0.11,27.20717364,26.90745015,26.78976012,8.43362004,2.94225086,0.160476781,3.102727641,27.33128275,1.363554542,6.200661152
1689,Hoka,0.03939,1.88987,0.34457,0.20967,95.73352,97.10541,0.25535,0.22585,18.17284,22.21338,0.04,0.03879455,0.11,21.56601494,21.50169653,21.43835041,18.35245475,1.583653021,0.049208319,1.632861341,21.63132939,0.776816619,2.11805455
1690,Hoka,0.07294,6.41085,0.1041,0.36181,297.96238,74.49236,0.21414,0.78881,-6.42337,11.58055,0.04,0.038233023,0.11,15.7965823,15.55220388,15.42410783,-6.054825629,3.202401237,0.148002135,3.350403372,15.93059844,1.155399683,6.672023023
1691,Hoka,0.05219,6.66396,0.4137,0.83176,372.86605,35.61008,0.34269,0.79964,30.76371,-0.99487,0.04,0.037312862,0.11,11.95834329,12.10133993,12.20357433,30.46231836,-2.555860184,-0.184063829,-2.739924013,11.84874633,1.800409798,6.903462862
1692,Hoka,0.07428,0.03019,0.2932,0.9272,777.1228,13.46762,0.25164,0.98376,25.84997,-4.88311,0.04,0.037836315,0.11,26.21545007,26.10785126,26.0530432,26.00931127,1.370201433,0.078355526,1.448556959,26.27339235,1.42963517,0.292306315
1693,Hoka,0.05119,1.23309,0.81095,0.69097,141.63838,135.75043,0.44828,0.82347,29.04637,-7.96422,0.04,0.036585592,0.11,-7.474532532,-6.167977247,-5.234179667,26.23876927,-23.3449395,-2.178703489,-25.52364299,-8.495478251,2.333164634,1.470865592
1694,Hoka,0.02781,5.38264,0.27659,0.45121,454.19327,58.98032,0.76441,0.21621,-4.07128,-14.06733,0.04,0.038231571,0.11,-5.853497483,-5.844581076,-5.832323318,-4.106548061,-0.30644395,-0.014174791,-0.32061874,-5.866322233,1.156393432,5.598681571
1695,Hoka,0.02701,4.83143,0.85926,0.69446,47.03013,6.76157,0.35814,0.27167,17.6693,13.92497,0.04,0.038399008,0.11,15.11281125,15.12660254,15.14620905,17.61313407,-0.490162707,-0.020436643,-0.510599351,15.09238728,1.042339766,5.046839008
1696,Hoka,0.01196,5.97161,0.25962,0.76607,621.18382,5.53933,0.39722,0.66559,19.05581,9.30523,0.04,0.03718982,0.11,29.86220947,29.84112814,29.77557541,19.24970178,1.638818291,0.123834265,1.762652556,29.93271557,1.889078645,6.17075982
1697,Hoka,0.04055,6.79461,0.12765,0.73545,792.20068,7.82001,0.32704,0.57547,22.72468,19.91021,0.04,0.037731455,0.11,45.07028476,44.94052271,44.81978015,23.07668555,3.018563992,0.181486431,3.200050423,45.19828678,1.503085836,7.022891455
1698,Hoka,0.08016,0.84361,0.75407,0.81906,143.50974,40.86379,0.05967,0.87615,-9.69765,-6.99612,0.04,0.039467096,0.11,-3.45785671,-3.923906413,-4.153367843,-9.058110736,5.736535743,0.077457563,5.813993307,-3.225296977,0.337562454,1.113237096
1699,Hoka,0.03946,2.07478,0.80931,0.65572,145.70902,110.36346,0.16156,0.26477,35.98582,33.65512,0.04,0.039007277,0.11,33.96159416,33.99688679,34.03177451,35.88743709,-0.872193018,-0.022197031,-0.894390049,33.92581856,0.636241932,2.303247277
1700,Hoka,0.06133,2.28089,0.37492,0.47004,524.86479,143.47351,0.80697,0.91731,-4.93003,9.34944,0.04,0.034139617,0.11,17.3782176,16.82794932,16.52164004,-3.943082167,7.657731943,1.314521084,8.972253028,17.73710772,4.291483085,2.526359617
1701,Hoka,0.06897,0.02056,0.45993,0.90417,594.74599,64.11064,0.66347,0.08494,3.65904,23.05182,0.04,0.039270269,0.11,39.19747204,28.93330581,23.08907543,20.02932108,146.1057594,2.71497768,148.8207371,45.15030153,0.464556923,0.278800269
1702,Hoka,0.0093,3.42242,0.15966,0.30492,762.08446,129.67339,0.58214,0.71458,34.23337,28.22015,0.04,0.036108244,0.11,37.38797467,37.37977478,37.3479378,34.33035803,0.795924422,0.085784944,0.881709366,37.42324305,2.694506594,3.617828244
1703,Hoka,0.04842,3.57688,0.03419,0.20494,361.93777,57.07395,0.72515,0.72841,8.38544,5.16193,0.04,0.035390173,0.11,8.302985912,8.304044717,8.304818598,8.383034618,-0.019347018,-0.00252009,-0.021867108,8.302111228,3.256431862,3.810690173
1704,Hoka,0.09416,2.75084,0.54501,0.50476,241.32496,96.16848,0.32382,0.91712,-6.20363,-10.07021,0.04,0.037320634,0.11,-7.041685359,-7.01531409,-7.004861749,-6.234437557,-0.261308541,-0.018760162,-0.280068703,-7.052888108,1.794828594,3.032320634
1705,Hoka,0.03508,2.87772,0.75836,0.33938,490.15103,40.5754,0.70742,0.26213,-7.73463,21.87704,0.04,0.037951886,0.11,27.31364414,26.91194759,26.47736545,-6.475034221,10.86455351,0.586317209,11.45087071,27.77167897,1.349151645,3.100751886
1706,Hoka,0.02917,3.52352,0.35237,0.71412,147.75915,98.23496,0.26361,0.43948,2.33992,13.58766,0.04,0.03827683,0.11,16.51715917,16.40541808,16.25879159,2.761295381,3.665662203,0.16502308,3.830685283,16.67038658,1.125465681,3.74096683
1707,Hoka,0.0657,6.5375,0.13524,0.13889,65.05963,116.30307,0.98319,0.26043,0.02458,38.95033,0.04,0.037765586,0.11,38.4317776,38.05800101,37.84314725,0.650385551,5.37134393,0.31779744,5.689141369,38.65934325,1.479133732,6.790965586
1708,Hoka,0.05605,6.08563,0.35074,0.55752,357.2958,69.93392,0.73831,0.59928,16.45436,16.28914,0.04,0.03594556,0.11,23.83656493,23.77075748,23.72855435,16.58350932,1.055078297,0.119006397,1.174084694,23.88352832,2.819847518,6.32762556
1709,Hoka,0.09851,2.29124,0.80673,0.46543,426.05405,13.09687,0.66901,0.08846,0.58711,8.35625,0.04,0.039241089,0.11,16.27144568,15.66291109,15.42050362,1.266622793,6.060186754,0.117202269,6.177389023,16.51854124,0.483492812,2.578991089
1710,Hoka,0.09775,0.27328,0.60961,0.53421,660.56551,128.26922,0.67792,0.987,21.7535,32.54838,0.04,0.034682217,0.11,42.85461337,38.85503034,37.43595712,26.25430955,35.47683066,5.439619761,40.91645042,44.49127139,3.833219921,0.555712217
1711,Hoka,0.04519,4.77872,0.80554,0.58556,390.96464,66.63723,0.72762,0.87113,23.48907,33.93393,0.04,0.034785526,0.11,41.40941619,41.24643167,41.12097245,23.88580151,3.136480527,0.470169567,3.606650094,41.55368219,3.747588762,5.008695526
1712,Hoka,0.08872,5.25444,0.59376,0.56495,572.85841,116.41318,0.30007,0.53497,36.9259,18.39103,0.04,0.037939556,0.11,29.51090849,29.63071292,29.68194519,36.77735979,-1.280806715,-0.069558805,-1.350365521,29.45689387,1.357714718,5.531099556
1713,Hoka,0.03413,1.61255,0.4171,0.50231,483.35492,4.42888,0.18595,0.63901,38.29046,33.78266,0.04,0.038520834,0.11,44.12852297,44.01753088,43.89225963,38.64818428,3.131781251,0.120257661,3.252038912,44.25860452,0.959978131,1.835200834
1714,Hoka,0.0316,1.74943,0.14155,0.66335,377.86653,74.78093,0.1363,0.08998,-1.4648,31.47004,0.04,0.039483679,0.11,41.02753982,40.33199544,39.4629242,0.956398788,21.72678092,0.284117148,22.01089807,41.90797574,0.326920436,1.970513679
1715,Hoka,0.05921,2.63183,0.27454,0.36997,696.15249,19.50482,0.53948,0.6235,26.19408,-3.45333,0.04,0.036601311,0.11,7.771604272,8.156006199,8.393628464,25.47994029,-5.940556634,-0.551622507,-6.492179142,7.511917106,2.321426009,2.877641311
1716,Hoka,0.06971,0.66122,0.59103,0.11873,21.00211,7.38684,0.88017,0.73495,9.90076,9.89895,0.04,0.03470845,0.11,9.821182418,9.827517628,9.830671914,9.890763255,-0.078857163,-0.012022335,-0.090879497,9.817547238,3.811427555,0.91563845
1717,Hoka,0.07396,5.17428,0.9895,0.53557,561.14113,125.79748,0.66086,0.48784,31.2567,20.47088,0.04,0.036729827,0.11,28.14843645,28.19104784,28.2122094,31.19332449,-0.529039023,-0.047102022,-0.576141045,28.12539081,2.225829263,5.434969827
1718,Hoka,0.08157,5.13549,0.88321,0.27088,693.31348,15.19806,0.53028,0.37244,11.15346,29.30168,0.04,0.037597308,0.11,36.69306345,36.30473194,36.12574188,11.67713863,4.47475155,0.285963251,4.7607148,36.88349204,1.59764876,5.404657308
1719,Hoka,0.06106,1.2904,0.10877,0.30382,448.72441,93.85885,0.67448,0.17877,34.77233,11.64375,0.04,0.0385522,0.11,17.58564158,18.28524868,18.72696819,33.5119831,-11.04298776,-0.414711327,-11.45769909,17.12733361,0.938856712,1.5400122
1720,Hoka,0.07802,4.3872,0.90089,0.37121,753.42149,148.50992,0.95464,0.02037,20.21516,3.45507,0.04,0.039815105,0.11,9.887474235,10.0620701,10.15116972,19.96899818,-2.227490615,-0.010344099,-2.237834714,9.797960847,0.116095877,4.655035105
1721,Hoka,0.02666,0.81526,0.96048,0.60753,666.89456,108.61018,0.78053,0.17088,-6.77185,14.21247,0.04,0.038565136,0.11,25.97022941,25.08894023,23.81410763,-3.13562306,31.87081505,1.185793503,33.05660855,27.29249375,0.930156242,1.030485136
1722,Hoka,0.00756,6.14323,0.58717,0.23727,971.39982,74.73713,0.05855,0.91973,21.34793,2.61557,0.04,0.03947526,0.11,10.79563694,10.80829916,10.87441614,21.16369137,-1.652924498,-0.021972134,-1.674896632,10.72864107,0.332322099,6.34026526
1723,Hoka,0.06311,3.00541,0.71372,0.15118,921.6432,114.05349,0.54312,0.13929,-2.19852,13.68816,0.04,0.038893423,0.11,15.98091917,15.62432701,15.40456644,-1.576983988,5.494014302,0.156313083,5.650327384,16.20693226,0.711288113,3.257413423
1724,Hoka,0.08649,0.56041,0.6267,0.83091,46.24155,101.99476,0.85853,0.73907,25.59226,26.52473,0.04,0.034772253,0.11,25.42461148,25.44292704,25.45029059,25.56896584,-0.1840887,-0.027676356,-0.211765056,25.41614088,3.758562583,0.831672253
1725,Hoka,0.05504,1.54488,0.90439,0.42866,531.09016,74.22614,0.63344,0.18359,30.59105,29.99513,0.04,0.038540439,0.11,36.83182461,36.6353705,36.49780823,30.98367267,3.43905686,0.130240145,3.569297004,36.97459649,0.946772255,1.788460439
1726,Hoka,0.00462,6.45446,0.05479,0.69796,703.65259,75.04001,0.59257,0.35451,38.04144,-3.8536,0.04,0.037557162,0.11,17.44544315,17.45984587,17.57692921,37.69851824,-2.927083693,-0.190386867,-3.117470559,17.32074433,1.6260798,6.646637162
1727,Hoka,0.03327,4.39139,0.27719,0.78644,956.6303,99.4081,0.45757,0.0326,29.20554,34.53458,0.04,0.039715543,0.11,65.72728159,65.46165444,65.14456617,30.08377825,7.927206611,0.056777486,7.983984097,66.04664095,0.179058931,4.614375543
1728,Hoka,0.0497,0.93285,0.90963,0.87326,713.93751,45.55339,0.4723,0.02423,12.74157,31.00672,0.04,0.039785816,0.11,54.82516639,52.97805115,51.4993995,16.82975262,36.96629142,0.199005121,37.16529654,56.31177825,0.134585533,1.172335816
1729,Hoka,0.06585,2.49924,0.78049,0.54235,603.04966,109.11195,0.58175,0.45871,-2.73398,7.15045,0.04,0.037081135,0.11,17.37145863,16.88330982,16.6084258,-1.918545376,6.872100327,0.540941709,7.413042036,17.66798032,1.967890759,2.752171135
1730,Hoka,0.01212,3.26482,0.06949,0.24436,927.49483,1.12918,0.0536,0.08644,10.44311,10.87679,0.04,0.039690096,0.11,20.60873988,20.57278402,20.45503719,10.76944207,2.943670714,0.022984452,2.966655166,20.72740608,0.195202301,3.466630096
1731,Hoka,0.01734,2.09862,0.33188,0.40399,72.06048,70.28165,0.87489,0.08323,22.55338,15.25199,0.04,0.039263061,0.11,15.62591039,15.6789393,15.79901298,22.21697973,-3.001841927,-0.056342379,-3.058184306,15.50358301,0.469231727,2.305223061
1732,Hoka,0.04211,1.26281,0.43591,0.16169,745.74648,100.20821,0.83501,0.65396,-4.63462,-4.21912,0.04,0.035330886,0.11,-0.976622069,-1.082836996,-1.171952823,-4.357164715,2.227895678,0.294425092,2.52232077,-0.875729238,3.303847383,1.490250886
1733,Hoka,0.0839,0.442,0.71924,0.14585,62.364,130.75897,0.06908,0.82776,12.64851,-2.326,0.04,0.039387899,0.11,-4.975588671,-2.785912416,-1.757941644,9.777659129,-25.69926932,-0.399374965,-26.09864428,-6.019534443,0.388508094,0.715287899
1734,Hoka,0.01543,5.10537,0.48343,0.46457,277.98656,29.3378,0.60118,0.56555,27.15937,10.2959,0.04,0.036568215,0.11,15.38364759,15.41814288,15.49989474,26.91345412,-2.043796487,-0.19180238,-2.235598867,15.29422363,2.346153117,5.307368215
1735,Hoka,0.02937,3.15919,0.10074,0.57314,104.4994,121.92927,0.99772,0.94196,31.62136,0.20746,0.04,0.032935669,0.11,2.625585204,2.8812079,3.16786451,30.66397162,-7.166415247,-1.537115441,-8.703530688,2.277443976,5.362218725,3.371495669
1736,Hoka,0.07184,3.14458,0.85372,0.93919,921.19315,22.42508,0.31763,0.84784,3.40943,11.78831,0.04,0.037433114,0.11,48.04152568,47.08834204,46.591674,4.868926107,12.41670092,0.851445505,13.26814643,48.57225153,1.714315079,3.403853114
1737,Hoka,0.08625,3.36686,0.23599,0.3128,137.11382,102.29658,0.14353,0.25323,24.98494,36.91242,0.04,0.03910021,0.11,37.58761674,37.28586287,37.14906705,25.36978551,3.419895528,0.078700058,3.498595586,37.72756056,0.575310395,3.64221021
1738,Hoka,0.00283,5.73495,0.71788,0.36708,554.78939,110.49523,0.29101,0.19895,-7.34342,-14.02341,0.04,0.038813168,0.11,-8.609166793,-8.60855828,-8.600212597,-7.367072415,-0.208642086,-0.006379873,-0.215021959,-8.617767671,0.764451835,5.926593168
1739,Hoka,0.0403,4.3138,0.41938,0.72289,80.42487,53.17148,0.67673,0.61354,25.38495,1.06065,0.04,0.036092176,0.11,2.81945315,3.021531081,3.20250955,24.83337252,-4.524461742,-0.489878972,-5.014340714,2.618879521,2.706835642,4.540192176
1740,Hoka,0.04817,0.98578,0.6528,0.44784,502.21037,85.80732,0.24393,0.50763,4.67995,-9.94292,0.04,0.038277017,0.11,-2.361423627,-2.074521905,-1.846543035,4.024787254,-5.699471738,-0.256553226,-5.956024964,-2.599664626,1.12533774,1.222227017
1741,Hoka,0.00406,1.22583,0.3804,0.64214,120.85595,143.50408,0.18354,0.69359,11.00173,-6.90756,0.04,0.038508133,0.11,-5.42996515,-5.381566446,-4.922516268,9.690435083,-11.47625446,-0.444608421,-11.92086289,-5.906799665,0.968539915,1.418398133
1742,Hoka,0.07711,6.94415,0.13956,0.14354,965.17101,28.99213,0.95437,0.86046,23.22382,27.61004,0.04,0.033653212,0.11,33.40081146,33.29128497,33.24348419,23.38006321,1.195019546,0.225373299,1.420392845,33.45762718,4.714845455,7.204913212
1743,Hoka,0.07287,0.94277,0.03945,0.56709,780.05551,112.50531,0.06974,0.52175,-8.78952,-5.93369,0.04,0.039410494,0.11,12.37964852,11.05558804,10.33949257,-6.790801018,17.90238677,0.2677858,18.17017257,13.10645542,0.373952651,1.205050494
1744,Hoka,0.08269,2.80291,0.54078,0.9229,521.35969,84.01227,0.72291,0.13102,17.57135,12.80591,0.04,0.038892784,0.11,31.56624559,31.18488436,31.00551321,18.07866329,4.484278674,0.127660319,4.611938993,31.75072315,0.711710447,3.074492784
1745,Hoka,0.06115,3.84216,0.56017,0.42053,759.59942,115.39423,0.55246,0.73967,30.6858,2.53541,0.04,0.036181214,0.11,13.78039612,14.03567891,14.18672457,30.22658319,-3.776141284,-0.398556965,-4.17469825,13.61340819,2.638652366,4.089491214
1746,Hoka,0.04473,6.74094,0.17144,0.67192,246.36456,55.80589,0.28865,0.36615,14.75848,34.71733,0.04,0.03831706,0.11,41.34525977,41.17375287,41.02683491,15.18024972,3.672948987,0.161321188,3.834270175,41.49863058,1.098035861,6.97398706
1747,Hoka,0.00741,2.19362,0.38703,0.7839,259.68732,132.3341,0.69074,0.98855,38.45547,9.22165,0.04,0.034590937,0.11,16.22473554,16.29496417,16.62280142,37.41293975,-8.195931405,-1.281616358,-9.477547763,15.84563363,3.909306627,2.385620937
1748,Hoka,0.0393,4.17447,0.97372,0.91827,798.76461,118.90085,0.11078,0.64298,8.211,-4.40168,0.04,0.039069575,0.11,22.32567027,22.19852681,22.07212881,8.566872294,3.159949863,0.075252814,3.235202677,22.45507838,0.595363987,4.402839575
1749,Hoka,0.04928,2.20125,0.29579,0.27388,420.53641,60.67307,0.11577,0.92834,-0.28904,37.44938,0.04,0.038979359,0.11,40.98866987,40.14092759,39.47038272,1.603241882,16.76362174,0.438940819,17.20256256,41.67677237,0.654603203,2.439509359
1750,Hoka,0.05391,5.17046,0.88692,0.37267,826.24521,111.20537,0.44193,0.2901,12.47231,38.37081,0.04,0.038151551,0.11,47.21158053,46.86299299,46.61630118,13.18358118,6.167295212,0.298806449,6.466101661,47.47022459,1.211254039,5.412521551
1751,Hoka,0.06323,4.08113,0.35021,0.40664,136.82936,108.10152,0.54447,0.31192,16.60535,-5.73501,0.04,0.03786274,0.11,-4.762743928,-4.447964229,-4.259471078,16.05773389,-4.712328779,-0.265999519,-4.978328298,-4.96187706,1.411189305,4.33222274
1752,Hoka,0.06651,4.93426,0.86888,0.62859,493.69511,64.55494,0.15692,0.62074,36.14064,17.26227,0.04,0.038734334,0.11,28.37654955,28.47682903,28.53523016,35.9747891,-1.460028239,-0.047707254,-1.507735493,28.31624013,0.816889231,5.189504334
1753,Hoka,0.01268,5.53175,0.86691,0.87695,59.06646,142.99475,0.2665,0.3268,-6.51053,-9.70256,0.04,0.038488905,0.11,-12.79601588,-12.78201604,-12.73952089,-6.631979727,-1.062378854,-0.041709573,-1.104088428,-12.84017942,0.981513641,5.732918905
1754,Hoka,0.07952,2.74486,0.96904,0.85364,602.42687,30.61795,0.93007,0.02089,18.86158,36.95398,0.04,0.039810521,0.11,57.50322854,56.47007889,55.95284768,20.2907357,12.93078031,0.061544249,12.99232456,58.02292152,0.118987887,3.014190521
1755,Hoka,0.06,2.14838,0.47408,0.53184,852.68751,44.53977,0.82449,0.33175,12.78645,-10.54941,0.04,0.037358385,0.11,8.325377793,8.439000058,8.509745796,12.57814251,-1.768643457,-0.12506097,-1.893704427,8.249629616,1.767752707,2.395738385
1756,Hoka,0.09363,2.10303,0.06833,0.68752,216.94394,42.52051,0.25575,0.63648,35.27494,20.04487,0.04,0.038061794,0.11,26.55227816,26.90059361,27.0421883,34.86572608,-3.539867295,-0.180259273,-3.720126569,26.40347309,1.273065191,2.384721794
1757,Hoka,0.0124,1.90816,0.72517,0.86382,200.69342,136.92214,0.85974,0.73712,-5.50334,26.89151,0.04,0.034778055,0.11,29.435328,29.22556114,28.63723183,-3.642504932,14.70823274,2.208449698,16.91668244,30.1119953,3.753764536,2.105338055
1758,Hoka,0.07723,0.23388,0.70571,0.53659,460.2056,2.28528,0.16658,0.69472,28.85958,30.36373,0.04,0.038631668,0.11,40.05605381,38.17520695,37.23437759,31.53850211,23.5207339,0.833103468,24.35383736,41.0302073,0.885499015,0.499741668
1759,Hoka,0.05044,1.77107,0.04577,0.4711,540.9155,65.32517,0.63551,0.74125,35.06086,36.83345,0.04,0.035756106,0.11,47.52929541,47.20960918,46.98298875,35.75803457,5.665510884,0.672439723,6.337950607,47.78281344,2.967251041,2.007266106
1760,Hoka,0.00711,2.15781,0.73388,0.42735,410.54466,139.99941,0.57417,0.5115,29.74646,37.40194,0.04,0.036879251,0.11,40.37899165,40.34629101,40.17667429,30.25237697,4.240418003,0.358827213,4.599245215,40.56296145,2.115517931,2.351799251
1761,Hoka,0.02907,6.13117,0.62408,0.6188,889.96502,10.31189,0.07104,0.12823,34.80748,21.01365,0.04,0.03956747,0.11,44.61559954,44.57041242,44.50890778,34.9784667,1.537616149,0.016808386,1.554424535,44.67777652,0.273286452,6.34980747
1762,Hoka,0.04745,0.77512,0.40159,0.76663,799.32534,18.47502,0.07884,0.3227,3.9265,7.81938,0.04,0.039391925,0.11,32.9454592,31.52878888,30.35270098,7.21066724,29.4021975,0.453868317,29.85606582,34.13970183,0.385913601,1.011961925
1763,Hoka,0.02075,1.01433,0.61789,0.4057,853.51458,84.17176,0.96501,0.83247,11.75105,38.43823,0.04,0.03377239,0.11,49.93654528,49.26440937,48.17045099,15.31418014,27.34895956,5.043132606,32.39209217,51.23222897,4.609985797,1.21885239
1764,Hoka,0.05372,6.59811,0.06793,0.56849,589.00022,66.25011,0.75539,0.05325,19.30101,-8.67146,0.04,0.039527824,0.11,5.770738512,5.877606318,5.956240939,19.08218166,-1.965865527,-0.023483047,-1.989348574,5.691164569,0.29863496,6.841357824
1765,Hoka,0.04011,0.86118,0.16773,0.83445,940.91859,69.13629,0.20889,0.79502,37.96419,24.77055,0.04,0.038269033,0.11,57.65293892,56.90051272,56.18262135,40.02768744,17.9472843,0.811783377,18.75906768,58.40330163,1.130788597,1.089559033
1766,Hoka,0.0953,2.23048,0.22037,0.56627,911.89905,100.29488,0.70669,0.89887,-1.50669,32.21592,0.04,0.0348012,0.11,52.82663048,50.73078136,49.96542916,0.912443301,19.13380495,2.858315963,21.99212092,53.70631532,3.734641345,2.5105812
1767,Hoka,0.00548,2.8658,0.727,0.34627,720.89374,87.58326,0.61861,0.07122,-3.78784,-11.41578,0.04,0.039386809,0.11,-3.336931616,-3.33774964,-3.343629084,-3.77141981,0.146986108,0.002288345,0.149274453,-3.330960638,0.389211089,3.060666809
1768,Hoka,0.02922,6.37531,0.07224,0.17413,90.64503,130.92619,0.72126,0.85712,29.90915,4.62101,0.04,0.034875926,0.11,5.047887886,5.158805745,5.291193256,29.49159475,-3.309687771,-0.486269052,-3.795956823,4.896049613,3.673073458,6.589405926
1769,Hoka,0.03785,0.03352,0.56467,0.7296,746.69755,55.91631,0.60199,0.71323,28.12996,28.66231,0.04,0.036016541,0.11,47.42558758,44.06595225,40.86905811,37.89376151,79.92235338,8.839478489,88.76183187,50.97606086,2.765020709,0.257386541
1770,Hoka,0.07205,6.92643,0.37722,0.94395,427.25549,72.00616,0.71563,0.36751,10.38195,37.20938,0.04,0.0372725,0.11,53.32316559,52.89019305,52.66621014,11.04297677,5.599572818,0.40976148,6.009334299,53.56353896,1.829431877,7.1857525
1771,Hoka,0.08021,5.77512,0.45404,0.94554,821.58927,124.09473,0.70132,0.30997,10.47896,-7.20983,0.04,0.037647594,0.11,24.02605505,23.8450428,23.76008238,10.72720022,2.124010674,0.132718565,2.256729238,24.11632422,1.56212215,6.042977594
1772,Hoka,0.0276,6.38584,0.63153,0.97322,227.68929,142.14944,0.49702,0.88261,5.26942,-1.50746,0.04,0.036153786,0.11,4.230187393,4.234560045,4.240287868,5.251992764,-0.143195579,-0.015233836,-0.158429415,4.223850216,2.659620573,6.599593786
1773,Hoka,0.03626,0.64036,0.68851,0.44546,761.86408,142.89799,0.63876,0.74914,-4.59977,32.0949,0.04,0.035711816,0.11,40.38472535,38.4011735,36.44760929,1.417623946,48.83910524,5.864476091,54.70358133,42.57286861,3.001936697,0.862331816
1774,Hoka,0.02793,5.51572,0.69729,0.41898,130.53348,84.75071,0.90978,0.43568,8.33835,26.34512,0.04,0.036519595,0.11,26.0292413,25.94240618,25.82886577,8.680342978,2.838510217,0.270516853,3.10902707,26.15360239,2.382560148,5.730169595
1775,Hoka,0.06014,5.72697,0.39281,0.18645,841.27301,3.40238,0.28758,0.75758,-9.81352,-12.70107,0.04,0.037732496,0.11,-5.965316616,-6.004311914,-6.028777991,-9.742195045,0.611651941,0.036756738,0.648408679,-5.939380268,1.502355172,5.974842496
1776,Hoka,0.03233,2.4208,0.94956,0.69299,881.29533,78.31663,0.41917,0.06367,12.56892,11.37164,0.04,0.039472986,0.11,34.35688499,34.08623099,33.75577872,13.48979658,8.261306553,0.110298759,8.371605312,34.6917492,0.33378122,2.642602986
1777,Hoka,0.07322,2.40972,0.77806,0.15966,184.9322,118.55027,0.68572,0.89191,14.24314,-3.13513,0.04,0.034950618,0.11,-5.560344469,-5.008566886,-4.745183009,13.41419253,-6.584596926,-0.951289208,-7.535886134,-5.861779914,3.61179742,2.667890618
1778,Hoka,0.00635,2.46602,0.33328,0.64845,149.59934,9.65477,0.9762,0.78866,-8.25169,14.25121,0.04,0.033997038,0.11,17.92877713,17.86523636,17.52504772,-7.150983814,8.504715996,1.501703879,10.00641987,18.32903393,4.414326943,2.656367038
1779,Hoka,0.00894,4.24588,0.65246,0.89561,336.75383,12.58342,0.22071,0.80783,-5.57084,29.1342,0.04,0.038173313,0.11,41.46299383,41.3674946,40.95971809,-4.395793536,10.19441271,0.487827869,10.68224058,41.89028346,1.196311851,4.442993313
1780,Hoka,0.06196,4.99784,0.78327,0.39154,5.15737,57.86158,0.12832,0.48532,5.62398,37.42155,0.04,0.038994925,0.11,35.31088248,34.95774889,34.73550199,6.250911818,5.556172597,0.143207568,5.699380166,35.53885769,0.64436249,5.248794925
1781,Hoka,0.05112,4.0711,0.83564,0.21127,414.91447,122.85004,0.824,0.67423,14.39469,0.37848,0.04,0.035258191,0.11,-0.137456054,0.036624111,0.156689676,14.02010436,-3.00163912,-0.403684915,-3.405324035,-0.273669015,3.362203939,4.307478191
1782,Hoka,0.05726,3.52493,0.15158,0.13401,690.0831,73.00654,0.09418,0.39424,-7.68615,-9.07016,0.04,0.039262858,0.11,-5.553383245,-5.58611104,-5.608552304,-7.623277882,0.5610316,0.010533105,0.571564706,-5.530520657,0.469363285,3.771452858
1783,Hoka,0.03777,5.54331,0.30008,0.23372,389.72678,143.9328,0.38984,0.03693,36.71249,1.84648,0.04,0.039683849,0.11,4.156136081,4.370706689,4.596149834,36.08758222,-5.636078618,-0.044901227,-5.680979845,3.928896887,0.19916874,5.770763849
1784,Hoka,0.03557,0.26548,0.88852,0.89059,655.1854,114.91273,0.828,0.60974,39.68768,18.50269,0.04,0.035603113,0.11,39.45402004,39.47262796,39.4912532,39.63013513,-0.465631031,-0.057504159,-0.523135189,39.43309463,3.087431633,0.486653113
1785,Hoka,0.0944,2.08808,0.70268,0.24646,756.62508,48.8727,0.89175,0.09493,36.84772,-13.33703,0.04,0.039161331,0.11,-5.987571394,-4.253320309,-3.533875605,34.82687657,-17.9861176,-0.385186264,-18.37130387,-6.722423549,0.535393841,2.371641331
1786,Hoka,0.09953,3.24927,0.47755,0.99945,14.12545,46.77812,0.24504,0.35142,8.77292,-7.86956,0.04,0.038516953,0.11,-8.034768687,-7.556439362,-7.371331473,8.244273103,-4.627697235,-0.178183647,-4.805880883,-8.227003922,0.96259348,3.537316953
1787,Hoka,0.00876,1.96764,0.26402,0.58171,349.04333,49.4551,0.20263,0.08801,39.60788,21.36129,0.04,0.039412083,0.11,29.80593796,29.84632959,30.02805542,39.10067918,-4.543145566,-0.067770947,-4.610916513,29.6215013,0.372929646,2.165812083
1788,Hoka,0.0176,5.66333,0.18055,0.19333,636.94924,23.76792,0.12972,0.39048,-3.60381,37.73174,0.04,0.039038983,0.11,42.58224843,42.44281808,42.13354426,-2.732370299,7.731845357,0.190333742,7.9221791,42.89913559,0.61542146,5.869968983
1789,Hoka,0.07888,4.17086,0.12558,0.55675,912.30993,146.36405,0.12202,0.53024,25.70376,20.16215,0.04,0.039019519,0.11,41.30498314,41.02521689,40.88682509,26.09390057,3.459794892,0.086937562,3.546732453,41.44685244,0.628198813,4.438759519
1790,Hoka,0.04439,3.9081,0.20867,0.6525,564.41262,14.62917,0.36449,0.23896,3.10576,-4.67182,0.04,0.038517386,0.11,11.12933633,11.04248778,10.96712893,3.320973803,1.883971163,0.072517957,1.95648912,11.2075959,0.962301851,4.141007386
1791,Hoka,0.09458,6.57125,0.50708,0.87482,240.11347,29.17457,0.78556,0.4548,34.08116,-14.80546,0.04,0.036619261,0.11,-6.079987719,-5.522414194,-5.306534193,33.43268159,-5.397000007,-0.498258245,-5.895258252,-6.315798049,2.308033371,6.852449261
1792,Hoka,0.02281,2.06944,0.30947,0.35785,332.2658,19.09369,0.86941,0.68131,6.86016,28.49539,0.04,0.035055796,0.11,32.94179831,32.67588823,32.26722143,8.142497094,10.21666997,1.440939975,11.65760995,33.40810271,3.525953121,2.277305796
1793,Hoka,0.07134,5.11025,0.1837,0.59838,690.51893,3.19382,0.182,0.5463,18.03418,-1.60097,0.04,0.038607123,0.11,16.35105273,16.37357991,16.38577096,17.99944507,-0.30477626,-0.010995789,-0.315772049,16.33842185,0.901955839,5.370197123
1794,Hoka,0.05093,6.00108,0.85884,0.55586,820.38602,20.51293,0.96907,0.65521,12.14023,-11.19861,0.04,0.034890226,0.11,7.889801846,7.924734522,7.948665583,12.06478146,-0.598276531,-0.08761932,-0.685895851,7.862366012,3.661321962,6.236900226
1795,Hoka,0.02697,6.90155,0.03273,0.40005,267.63783,62.63786,0.40497,0.27748,16.344,33.18329,0.04,0.038278222,0.11,37.62899775,37.54787965,37.43274964,16.67484874,2.878250301,0.129465488,3.007715789,37.74930638,1.124515545,7.116798222
1796,Hoka,0.02725,0.90386,0.47027,0.62765,824.50475,65.9078,0.1554,0.19447,36.43067,-9.76424,0.04,0.039155255,0.11,12.28235483,12.89150299,13.76678193,33.97172331,-21.88197363,-0.47208715,-22.35406078,11.3881924,0.539356228,1.120265255
1797,Hoka,0.07047,1.21125,0.21434,0.19904,490.78447,135.84326,0.31012,0.59695,25.01725,28.0086,0.04,0.037788775,0.11,30.8272906,30.54087504,30.38728779,25.46432978,3.839681132,0.224680491,4.064361623,30.98986507,1.462885086,1.469508775
1798,Hoka,0.08986,6.88932,0.05123,0.14776,219.53985,48.45846,0.43964,0.19739,0.65313,15.41213,0.04,0.038610452,0.11,16.62496308,16.4236063,16.33708865,0.899616152,2.16294131,0.077841888,2.240783197,16.71459441,0.899722605,7.167790452
1799,Hoka,0.0579,0.31658,0.56639,0.89211,2.17622,65.5255,0.43159,0.8411,35.65785,-4.57374,0.04,0.036661533,0.11,-3.126092984,1.182890575,3.911283392,27.47152545,-68.20982042,-6.211311863,-74.42113228,-6.102938275,2.27654604,0.561141533
1800,Hoka,0.0176,3.14927,0.30681,0.32532,407.42915,21.96885,0.11181,0.92915,36.30353,30.80634,0.04,0.039013018,0.11,36.2764316,36.27657543,36.27689426,36.30263105,-0.007970656,-0.000201648,-0.008172304,36.2761047,0.632469446,3.355883018
1801,Hoka,0.09744,5.5727,0.34635,0.90984,936.56733,127.74281,0.86088,0.74548,25.32247,36.75175,0.04,0.034727519,0.11,71.55902715,70.78423906,70.50810535,26.19712815,6.903342716,1.048095042,7.951437759,71.87708466,3.795607016,5.854867519
1802,Hoka,0.00171,5.10698,0.03056,0.70882,730.46665,31.5301,0.37284,0.55047,15.03373,13.50259,0.04,0.037550861,0.11,35.81426795,35.80750747,35.65905021,15.46861478,3.71143135,0.242066691,3.953498041,35.97240787,1.630548085,5.296240861
1803,Hoka,0.09191,6.63659,0.60888,0.52675,535.57625,29.93023,0.15593,0.13898,30.01104,18.97169,0.04,0.039288925,0.11,30.44269571,30.43692736,30.43446156,30.01794369,0.061645133,0.001115692,0.062760825,30.44520614,0.45246548,6.917788925
1804,Hoka,0.00369,3.71009,0.17816,0.10859,836.28741,74.39996,0.05501,0.6023,-3.39673,20.81763,0.04,0.039521278,0.11,23.9069905,23.88091157,23.60159659,-2.619309592,6.982874575,0.084583677,7.067458251,24.18968883,0.302825418,3.903301278
1805,Hoka,0.086,6.09376,0.92475,0.51793,920.05057,52.64093,0.55699,0.7028,27.68438,-14.27155,0.04,0.036268947,0.11,4.477022102,4.792517462,4.925571931,27.28083942,-3.326361726,-0.342188971,-3.668550697,4.330280074,2.571796147,6.366028947
1806,Hoka,0.03185,5.21058,0.54724,0.16569,451.94073,96.81107,0.24879,0.63033,4.10337,-0.14507,0.04,0.038111798,0.11,0.831520171,0.850851886,0.873984269,4.036604266,-0.578309583,-0.028651638,-0.606961221,0.807241722,1.238594292,5.430541798
1807,Hoka,0.09081,0.46897,0.93,0.35362,795.63418,45.17048,0.71718,0.9238,37.97685,34.30027,0.04,0.03464655,0.11,44.34491143,43.52398318,43.21077614,38.97125709,7.830176084,1.209888402,9.040064486,44.70651401,3.86290292,0.74442655
1808,Hoka,0.03391,3.10465,0.89496,0.88328,214.77372,81.91432,0.44608,0.44606,29.49444,36.78282,0.04,0.037540868,0.11,41.69497408,41.56907408,41.4296935,29.90284461,3.48451449,0.228254707,3.712769197,41.84348485,1.637636374,3.326100868
1809,Hoka,0.04611,5.2129,0.66976,0.55464,242.52045,99.13788,0.92247,0.19107,3.1645,30.77729,0.04,0.038354144,0.11,33.51421632,33.2554164,33.04014749,3.781893004,5.381722735,0.230940942,5.612663677,33.73872286,1.072802116,5.447364144
1810,Hoka,0.08341,3.31229,0.86263,0.56152,215.29581,51.14053,0.67649,0.62881,31.83045,22.30598,0.04,0.036025724,0.11,25.7132218,25.8572866,25.91950981,31.64045926,-1.555580457,-0.171608118,-1.727188574,25.64413425,2.757943456,3.581725724
1811,Hoka,0.02028,0.06422,0.5354,0.54668,566.89593,15.40113,0.53297,0.73616,37.2101,35.68707,0.04,0.036293843,0.11,47.09051302,46.22231492,44.66855527,41.91926129,38.84399116,3.966566014,42.81055718,48.8029353,2.552882631,0.270793843
1812,Hoka,0.08001,0.7772,0.07455,0.56829,734.88414,105.52076,0.19724,0.10715,37.44077,19.76818,0.04,0.039330359,0.11,37.57839492,37.5674551,37.56207743,37.45581037,0.134441636,0.002289012,0.136730648,37.58386414,0.425651698,1.046540359
1813,Hoka,0.04547,0.23689,0.98162,0.36945,344.74851,102.11174,0.10756,0.50693,-5.79949,-3.07977,0.04,0.03913052,0.11,-2.230913831,-2.606966492,-2.930589455,-4.88975187,8.09057406,0.179772579,8.270346638,-1.900099965,0.555500071,0.47149052
1814,Hoka,0.08637,6.92297,0.48443,0.95934,129.01701,21.88686,0.84109,0.65847,14.98797,25.11374,0.04,0.035284743,0.11,29.95045861,29.76983276,29.69604167,15.21801334,1.844777297,0.246525761,2.091303058,30.03411073,3.340860726,7.194624743
1815,Hoka,0.02912,3.08876,0.75306,0.92121,437.10473,72.50407,0.69874,0.6507,30.37877,-11.47633,0.04,0.035843727,0.11,3.98048119,4.216015272,4.505933514,29.48904648,-7.247956052,-0.840439603,-8.088395655,3.656945364,2.898884861,3.303723727
1816,Hoka,0.07791,5.1655,0.89854,0.2101,129.75247,2.8273,0.98935,0.05689,19.6257,-1.15102,0.04,0.039487684,0.11,0.068842992,0.35137658,0.494575105,19.22679492,-3.579963137,-0.046446662,-3.626409799,-0.0762134,0.32435154,5.432897684
1817,Hoka,0.07101,5.49941,0.47081,0.3971,228.85821,6.37385,0.06363,0.77964,39.22968,21.14069,0.04,0.039437483,0.11,25.06059104,25.23649525,25.33418881,38.95719073,-2.442338833,-0.034836341,-2.477175174,24.96150404,0.356587923,5.759857483
1818,Hoka,0.02211,6.80487,0.27777,0.23999,506.81039,24.14768,0.75253,0.05016,-6.47087,20.31419,0.04,0.039554595,0.11,25.12961386,25.02946576,24.85030169,-5.972620736,4.479101783,0.050436977,4.52953876,25.31079541,0.281512788,7.016534595
1819,Hoka,0.00223,4.15694,0.83217,0.70218,601.18175,6.96451,0.14134,0.51855,18.93654,36.56716,0.04,0.038891153,0.11,54.3402716,54.32194541,54.00233715,19.84052217,7.990206508,0.227813233,8.218019741,54.66899239,0.712788941,4.348061153
1820,Hoka,0.04105,6.05815,0.16591,0.28477,928.3518,131.96938,0.51978,0.49135,34.02904,7.51968,0.04,0.037136194,0.11,18.16352677,18.26779258,18.36211744,33.74964318,-2.358121439,-0.181849633,-2.539971071,18.06192792,1.927907843,6.286336194
1821,Hoka,0.03051,0.76543,0.27857,0.39605,648.49337,137.22335,0.49244,0.09403,24.14846,-0.86585,0.04,0.039232559,0.11,9.268629565,9.748947812,10.36658511,22.41673246,-15.44093234,-0.302045273,-15.74297762,8.63891046,0.489033412,0.985172559
1822,Hoka,0.07624,4.23932,0.08654,0.8757,828.05553,96.08438,0.94577,0.30216,9.89047,-13.54899,0.04,0.037461003,0.11,17.54816394,17.41735062,17.35307468,10.07920905,1.606898627,0.108910897,1.715809523,17.61679632,1.694426999,4.503021003
1823,Hoka,0.00932,3.25577,0.15027,0.26475,674.26859,134.26537,0.94754,0.87879,26.14963,8.68524,0.04,0.033578702,0.11,15.69215416,15.72074705,15.82376336,25.81216032,-2.575407703,-0.492498495,-3.067906198,15.56943792,4.780781834,3.448668702
1824,Hoka,0.0004,1.73482,0.58802,0.87276,967.67986,144.47295,0.62581,0.39846,26.26626,-9.77577,0.04,0.037263675,0.11,23.31303773,23.31366524,23.37212414,26.09369306,-1.461472366,-0.107318011,-1.568790377,23.25028611,1.835785844,1.922483675
1825,Hoka,0.04233,3.34234,0.31034,0.62809,290.41064,95.56618,0.27984,0.38723,-5.54815,25.3896,0.04,0.038304679,0.11,31.61002955,31.16482236,30.76195162,-4.391221315,10.07176859,0.445764916,10.5175335,32.03073089,1.106471302,3.572974679
1826,Hoka,0.08394,5.09536,0.88556,0.97786,903.06555,59.97718,0.1844,0.52885,35.36731,39.84219,0.04,0.038604757,0.11,75.62509192,74.99083917,74.69914066,36.19847276,7.292462827,0.263562243,7.556025071,75.92733292,0.903543322,5.367904757
1827,Hoka,0.09022,0.05684,0.31664,0.23794,652.27554,97.22126,0.50737,0.41571,29.52091,18.33881,0.04,0.037467783,0.11,24.43854106,25.99537662,26.64192037,27.62275093,-16.16359385,-1.092397679,-17.25599153,23.7483014,1.689595905,0.334527783
1828,Hoka,0.02965,2.53053,0.17918,0.37388,716.38111,110.0032,0.5069,0.44693,33.37058,4.65524,0.04,0.037345381,0.11,15.70450164,15.89796214,16.14163352,32.65285132,-6.091784284,-0.433021905,-6.524806189,15.44350939,1.77707337,2.747525381
1829,Hoka,0.06559,4.46134,0.58059,0.29468,966.61133,36.26537,0.81897,0.63063,12.27433,9.64372,0.04,0.035514501,0.11,21.03764293,20.91462687,20.84801834,12.48063837,1.66521341,0.210317252,1.875530662,21.11266415,3.157511979,4.712444501
1830,Hoka,0.08218,4.95827,0.97947,0.2218,316.01115,11.10477,0.62012,0.58333,19.5797,15.90462,0.04,0.036427591,0.11,18.48758492,18.50488821,18.51255816,19.55653912,-0.191748895,-0.018804576,-0.210553471,18.47916278,2.451718977,5.226877591
1831,Hoka,0.09141,5.89705,0.32909,0.79097,762.62706,26.34454,0.74931,0.33592,-7.43538,31.88073,0.04,0.037421276,0.11,57.30846293,56.34393405,55.9490768,-6.27469543,9.871431186,0.680246726,10.55167791,57.73053004,1.722766216,6.175881276
1832,Hoka,0.05984,1.32187,0.80273,0.28846,665.47872,41.64807,0.9064,0.52422,-9.20876,-5.89768,0.04,0.035923374,0.11,0.734647442,0.345147244,0.111321017,-8.49276699,5.845655685,0.663371682,6.509027368,0.995008537,2.837028548,1.567633374
1833,Hoka,0.09256,5.6189,0.99127,0.773,969.32291,97.37586,0.91013,0.99336,6.29305,32.04335,0.04,0.033155643,0.11,60.05692967,59.20693626,58.90246265,7.303197741,7.611840309,1.571320969,9.183161278,60.42425612,5.160778816,5.894615643
1834,Hoka,0.0087,2.37377,0.46769,0.98021,546.87012,124.38937,0.32953,0.86736,11.67979,30.74661,0.04,0.037327728,0.11,50.90346226,50.76857165,50.18981764,13.38530341,14.46885027,1.035817087,15.50466736,51.52364895,1.789736343,2.569797728
1835,Hoka,0.02533,1.93989,0.57312,0.58123,913.63319,71.9048,0.37052,0.86979,-5.02794,24.53609,0.04,0.037033355,0.11,44.88739972,44.28881833,43.41367118,-2.428494552,21.87867861,1.752643653,23.63132226,45.83265261,2.002684536,2.152253355
1836,Hoka,0.01078,0.46278,0.06039,0.79685,49.34061,60.8247,0.17777,0.0336,9.17208,24.12921,0.04,0.039736308,0.11,24.68349881,24.41522658,23.42634455,11.90955181,24.72205054,0.164056786,24.88610733,25.67894311,0.165901273,0.663296308
1837,Hoka,0.06177,4.54438,0.56829,0.62263,844.42709,19.77171,0.50119,0.58667,-5.40085,-10.38956,0.04,0.036882564,0.11,11.8362293,11.61221771,11.47846149,-5.001930216,3.34390559,0.282637899,3.62654349,11.98129104,2.113082231,4.793032564
1838,Hoka,0.05292,6.02621,0.09646,0.41526,467.98946,103.30946,0.76839,0.07613,17.7268,5.9302,0.04,0.039332033,0.11,13.97050052,14.00241584,14.02613645,17.66046052,-0.593015158,-0.010071039,-0.603086197,13.94637707,0.424569199,6.268462033
1839,Hoka,0.09099,2.55472,0.98368,0.64963,983.6992,24.65463,0.03864,0.478,26.7799,15.11712,0.04,0.039664421,0.11,41.6344842,41.15096449,40.94018826,27.3644386,5.269405783,0.044581525,5.313987308,41.84704369,0.211511159,2.835374421
1840,Hoka,0.0955,5.66919,0.68188,0.33584,721.32445,11.33726,0.22018,0.95127,2.75241,18.78538,0.04,0.038106722,0.11,28.80560663,28.38481078,28.21690345,3.237096311,4.197683301,0.208555886,4.406239188,28.98185619,1.242089216,5.952796722
1841,Hoka,0.06021,3.24301,0.64372,0.66833,774.39588,113.49583,0.27658,0.35053,23.47245,4.26037,0.04,0.038397679,0.11,23.58482694,23.58286664,23.5816165,23.47603135,0.031253561,0.0013042,0.03255776,23.58612925,1.043240842,3.491617679
1842,Hoka,0.05746,6.50081,0.05627,0.70794,800.99217,136.3875,0.75046,0.76887,-3.89483,16.40218,0.04,0.035096066,0.11,40.45838168,40.07819425,39.84597909,-3.167008598,5.805379046,0.81117915,6.616558196,40.72304401,3.493222163,6.743366066
1843,Hoka,0.0643,0.3954,0.44057,0.74423,791.66628,0.51768,0.4086,0.04747,-0.08799,-12.81401,0.04,0.039598628,0.11,11.99916109,10.72358984,9.938039726,2.09416922,19.63875278,0.199058307,19.83781109,12.79267353,0.253399884,0.649298628
1844,Hoka,0.00527,0.09597,0.32206,0.98848,298.57068,107.80417,0.89651,0.55561,1.2696,-12.19954,0.04,0.03574155,0.11,-0.578053215,-0.538628681,-0.271248424,0.446697021,-6.684506423,-0.796429754,-7.480936177,-0.877290662,2.978640843,0.28698155
1845,Hoka,0.0145,3.98575,0.08218,0.89175,691.5864,104.99544,0.73124,0.78731,21.93928,-4.50446,0.04,0.035108055,0.11,21.93444091,21.93445784,21.93449882,21.93915159,-0.001024586,-0.000142766,-0.001167352,21.93439421,3.483491867,4.185358055
1846,Hoka,0.01874,4.72874,0.39993,0.94292,31.54703,127.95524,0.3592,0.80238,9.42928,-9.15681,0.04,0.037198732,0.11,-9.930202192,-9.856081557,-9.70895276,8.994206902,-3.678219925,-0.276990059,-3.955209984,-10.08841059,1.882636606,4.934678732
1847,Hoka,0.02829,4.20565,0.75926,0.81709,801.60933,128.58863,0.24478,0.35708,27.95361,25.33102,0.04,0.038507064,0.11,49.36837639,49.2301377,49.04197348,28.49112346,4.704105741,0.182380298,4.886486039,49.56383584,0.969261261,4.422447064
1848,Hoka,0.02618,0.45233,0.18912,0.54032,288.18382,149.30706,0.75797,0.61899,33.55701,15.24686,0.04,0.035780114,0.11,21.5580383,22.06122275,22.74892318,31.44278961,-17.19251073,-2.0276746,-19.22018533,20.78923089,2.948485291,0.664290114
1849,Hoka,0.03587,4.00621,0.82681,0.45879,933.10184,25.6988,0.44734,0.98127,1.56093,7.93084,0.04,0.036323468,0.11,25.3923659,25.18827057,24.98159506,2.186814772,5.16688754,0.522974023,5.689861563,25.61996036,2.530411294,4.228403468
1850,Hoka,0.05939,1.05387,0.26989,0.25979,301.3358,68.04782,0.92646,0.37053,-3.19774,1.31973,0.04,0.036963888,0.11,3.705766576,3.380428151,3.17793997,-2.59515999,5.062204522,0.415795573,5.478000094,3.92488658,2.053431321,1.300223888
1851,Hoka,0.05388,5.59372,0.28278,0.3227,975.16715,128.42515,0.32,0.76612,36.53997,37.1411,0.04,0.037505026,0.11,49.15707181,49.03976428,48.95810834,36.77946198,2.041398438,0.135801414,2.177199852,49.2441598,1.663092956,5.835105026
1852,Hoka,0.09577,4.22272,0.49482,0.7425,862.30103,97.14301,0.272,0.86282,28.48364,21.42889,0.04,0.037753797,0.11,47.01036379,46.61309387,46.45648482,28.93993834,3.915226098,0.232940601,4.1481667,47.17629046,1.487401977,4.506243797
1853,Hoka,0.06443,1.50819,0.80061,0.59134,780.72715,50.3699,0.25121,0.82248,19.40916,13.26914,0.04,0.037937111,0.11,31.31192324,30.8661984,30.60375059,20.17013675,6.56119531,0.356775131,6.917970441,31.58864205,1.35941362,1.760557111
1854,Hoka,0.0991,2.55882,0.05818,0.50866,714.83571,26.91994,0.47408,0.97363,-1.36665,21.45844,0.04,0.036139859,0.11,36.65699373,35.31317681,34.82311269,0.124973225,12.25160312,1.308608017,13.56021114,37.19940218,2.670279154,2.844059859
1855,Hoka,0.02326,3.93852,0.50131,0.82381,706.59053,6.1769,0.84412,0.3822,-9.63309,5.46811,0.04,0.036986822,0.11,30.2537053,30.02790352,29.66884548,-8.565239797,8.976451215,0.7312779,9.707729115,30.64201447,2.036656475,4.148766822
1856,Hoka,0.04412,6.46332,0.53197,0.67794,117.07549,17.86213,0.23823,0.10907,-0.18291,23.01175,0.04,0.039275241,0.11,25.89280272,25.71997567,25.56612654,0.247982459,3.846228414,0.070975759,3.917204173,26.04949089,0.461333487,6.696715241
1857,Hoka,0.04863,4.82394,0.91116,0.4771,530.69825,127.07993,0.40973,0.33004,-2.49528,17.90409,0.04,0.038057404,0.11,23.66980265,23.4163666,23.21802981,-1.922013183,4.95841978,0.253096738,5.211516518,23.87826331,1.276095756,5.060627404
1858,Hoka,0.01546,6.20336,0.08301,0.42819,895.21251,33.7117,0.94137,0.2581,2.27724,24.17829,0.04,0.037808423,0.11,40.4827166,40.38994275,40.16305833,2.937338587,5.672110574,0.328785673,6.000896246,40.72275245,1.449132859,6.406628423
1859,Hoka,0.03274,5.0408,0.16101,0.90325,423.28975,94.17775,0.9446,0.20471,28.02262,-6.91514,0.04,0.038235085,0.11,9.193137614,9.311196558,9.449070527,27.62596503,-3.446849203,-0.15910511,-3.605954313,9.048899442,1.153989486,5.261775085
1860,Hoka,0.01193,5.48691,0.25254,0.9765,327.46863,5.46966,0.9024,0.95574,6.6213,14.49746,0.04,0.033398383,0.11,28.1876897,28.14208953,28.01443053,7.041754207,3.191475164,0.630835812,3.822310976,28.34058214,4.941569175,5.682238383
1861,Hoka,0.01925,4.94108,0.16643,0.5101,438.25456,55.57146,0.20826,0.74583,9.55057,10.6867,0.04,0.038300437,0.11,19.92308839,19.88400336,19.80623849,9.773913034,1.944121796,0.086269425,2.030391221,20.00430404,1.109362401,5.148630437
1862,Hoka,0.00397,0.6626,0.43679,0.7152,222.2236,6.05058,0.42572,0.8385,9.93686,10.77267,0.04,0.036704484,0.11,17.21021989,17.17471498,16.84645566,10.9206233,8.206482866,0.736819827,8.943302693,17.56795199,2.244627324,0.853274484
1863,Hoka,0.09429,3.44115,0.09839,0.82244,196.80157,93.72514,0.88807,0.56036,-2.70459,11.73536,0.04,0.035732281,0.11,18.14514663,17.61109891,17.40871538,-2.081562645,5.059588241,0.604296804,5.663885045,18.37170203,2.985899127,3.721172281
1864,Hoka,0.09249,2.67842,0.95261,0.75068,338.05946,86.0408,0.613,0.82418,-9.58956,-5.51232,0.04,0.035596486,0.11,1.801501108,1.440260957,1.301231009,-9.159930672,3.475748708,0.429972457,3.905721164,1.957729954,3.092660696,2.956506486
1865,Hoka,0.05129,1.71125,0.33668,0.98997,676.19588,24.79562,0.50053,0.66832,-6.80355,-11.5402,0.04,0.03664711,0.11,16.70915361,16.07748867,15.62615908,-5.448838676,11.2832397,1.032317795,12.31555749,17.20177591,2.287281451,1.94918711
1866,Hoka,0.02457,0.56776,0.36455,0.74205,885.05894,144.92928,0.09653,0.62463,8.89108,31.43307,0.04,0.039184189,0.11,55.19294333,53.65873563,51.21198411,15.75973476,61.16878796,1.27352807,62.44231603,57.69063597,0.520497509,0.781514189
1867,Hoka,0.07832,5.38965,0.09912,0.2869,528.3192,10.01244,0.26143,0.06024,18.36002,-0.16516,0.04,0.039535566,0.11,6.466586855,6.632406662,6.716111716,18.12712701,-2.092626352,-0.024582613,-2.117208965,6.381898497,0.293681344,5.657505566
1868,Hoka,0.095,6.19267,0.50104,0.31031,692.01919,96.89823,0.56457,0.51825,7.37959,11.27238,0.04,0.036883675,0.11,18.42936739,18.26622805,18.20288933,7.568488185,1.583468,0.133788231,1.717256231,18.49805764,2.112266095,6.474553675
1869,Hoka,0.00645,0.91816,0.87014,0.21452,631.04817,96.05758,0.49232,0.54003,18.13744,10.40869,0.04,0.037066096,0.11,12.85745566,12.88923382,13.07185281,17.59548681,-4.565474746,-0.361372424,-4.92684717,12.66038177,1.978832673,1.111676096
1870,Hoka,0.05254,6.89736,0.90265,0.29824,778.2564,22.0645,0.41823,0.76202,6.36581,-2.80151,0.04,0.036886332,0.11,6.423844108,6.423414462,6.423112823,6.366709527,0.007540968,0.000636552,0.008177519,6.424171209,2.110312577,7.136786332
1871,Hoka,0.09357,5.05157,0.81628,0.25738,367.44813,28.31784,0.52345,0.9798,37.60274,35.88053,0.04,0.03577263,0.11,38.97703205,38.95272764,38.94343585,37.63131203,0.232294709,0.027451038,0.259745747,38.98742188,2.954333071,5.33091263
1872,Hoka,0.02223,4.32442,0.91864,0.19561,57.20213,144.00813,0.92674,0.39575,6.8205,16.9231,0.04,0.03677929,0.11,11.61510075,11.59138079,11.55213637,6.937872734,0.981110411,0.085914447,1.067024858,11.65778174,2.189214534,4.53342929
1873,Hoka,0.061,3.15072,0.60368,0.50327,370.45218,43.82234,0.82668,0.67649,13.23773,-0.55322,0.04,0.035236192,0.11,6.483039735,6.605780719,6.676681127,13.0163938,-1.7725102,-0.239637078,-2.012147278,6.402553844,3.379911126,3.396956192
1874,Hoka,0.04506,4.09811,0.05729,0.64138,220.0382,9.44964,0.4947,0.32542,21.41696,-10.02418,0.04,0.037888343,0.11,-3.677787492,-3.414269909,-3.192693246,20.77366364,-5.539416581,-0.308732172,-5.848148752,-3.911713442,1.393342453,4.331058343
1875,Hoka,0.00916,6.7654,0.37062,0.19047,141.27988,11.48161,0.08448,0.1879,3.09732,-14.40485,0.04,0.039442996,0.11,-13.3250101,-13.30328444,-13.20973365,2.836422321,-2.338769548,-0.033027533,-2.371797082,-13.41988198,0.353043903,6.964002996
1876,Hoka,0.02653,5.08604,0.071,0.36594,415.95087,131.72676,0.45047,0.39176,12.5435,-0.89868,0.04,0.03771844,0.11,5.367213934,5.403407172,5.454864106,12.39343381,-1.286423353,-0.077814778,-1.36423813,5.312644409,1.512231131,5.30028844
1877,Hoka,0.05987,1.46994,0.29453,0.23081,979.78658,44.36047,0.73383,0.57768,19.25795,0.26607,0.04,0.036068944,0.11,9.757142539,10.09655449,10.30103471,18.63434361,-5.1120055,-0.557143512,-5.669149012,9.530376578,2.724681693,1.715878944
1878,Hoka,0.08748,1.34249,0.86072,0.63255,332.70342,128.89351,0.90732,0.42265,12.72464,-11.73628,0.04,0.036614779,0.11,-6.911548507,-5.821994813,-5.365961808,11.3546022,-11.4008251,-1.054063954,-12.45488906,-7.40974407,2.311376467,1.616584779
1879,Hoka,0.06077,2.98916,0.49031,0.42443,237.85184,13.56324,0.70517,0.19346,6.07548,-6.74603,0.04,0.038430388,0.11,-2.538248233,-2.374584292,-2.271084724,5.7792313,-2.587489203,-0.105680793,-2.693169996,-2.645975033,1.021074727,3.238360388
1880,Hoka,0.01323,3.35328,0.64199,0.8254,740.86085,45.45023,0.21591,0.69946,38.72662,-11.02269,0.04,0.038274332,0.11,14.57082167,14.66174651,14.92479169,37.97063114,-6.576129348,-0.296496692,-6.872626041,14.29591663,1.127170242,3.554784332
1881,Hoka,0.05549,3.10429,0.8103,0.59574,463.28938,56.05932,0.20678,0.86671,33.92897,33.08163,0.04,0.038250724,0.11,42.99698791,42.84487798,42.74002459,34.23050347,2.621334843,0.119878486,2.741213329,43.10663645,1.143296198,3.348030724
1882,Hoka,0.02021,5.04435,0.83296,0.35961,429.21424,93.98182,0.38568,0.5173,35.58465,19.243,0.04,0.0375686,0.11,22.64951455,22.69967047,22.79290587,35.31165887,-2.330885195,-0.150852391,-2.481737586,22.55024505,1.617973203,5.2521286
1883,Hoka,0.03669,6.15429,0.42825,0.81391,946.40291,36.63377,0.95218,0.05361,9.65801,20.27058,0.04,0.039517855,0.11,52.80699328,52.55730686,52.28837604,10.40659288,6.723270468,0.082028464,6.805298932,53.07920524,0.305016971,6.380497855
1884,Hoka,0.08556,2.17423,0.41553,0.28516,875.40183,72.24567,0.81328,0.90665,21.72368,37.09797,0.04,0.034151643,0.11,46.23829529,45.36578223,45.01751488,22.84542424,8.70668372,1.490991155,10.19767488,46.64620229,4.281168363,2.443941643
1885,Hoka,0.00627,0.96103,0.79057,0.83434,729.34908,17.21668,0.49733,0.15137,3.22616,-13.90276,0.04,0.038836521,0.11,11.66079176,11.61340944,11.31992226,4.057428824,7.337179382,0.219809931,7.556989313,11.96307133,0.748959237,1.156136521
1886,Hoka,0.06319,5.22038,0.70079,0.52718,585.10699,106.83781,0.45828,0.41888,-2.106,25.2104,0.04,0.037596421,0.11,35.09234373,34.65955211,34.40205225,-1.35260423,6.437496561,0.411555898,6.849052459,35.36630583,1.598276185,5.471166421
1887,Hoka,0.00131,0.23051,0.022,0.80477,203.61025,17.54049,0.71671,0.14952,15.34732,24.43188,0.04,0.038751589,0.11,29.99941541,29.9489801,28.45703485,19.5823458,37.29863114,1.201603375,38.50023451,31.53942479,0.805393749,0.420571589
1888,Hoka,0.00358,3.30748,0.77327,0.12766,95.46091,114.40923,0.36346,0.42716,5.93786,39.79375,0.04,0.037887364,0.11,36.12798648,36.09673979,35.76605412,6.897953798,8.267141717,0.460983722,8.728125439,36.4771115,1.394023888,3.498947364
1889,Hoka,0.05498,5.46482,0.25795,0.33374,275.82511,144.09638,0.46709,0.94602,30.08284,18.83094,0.04,0.036237776,0.11,21.27935916,21.36478312,21.42108676,29.91192993,-1.407591064,-0.146136812,-1.553727877,21.21721004,2.595512572,5.706037776
1890,Hoka,0.05155,6.84387,0.46796,0.60125,977.54917,3.49389,0.40625,0.48702,36.37526,31.62394,0.04,0.037561393,0.11,56.99018272,56.83929502,56.7293522,36.69723181,2.748570446,0.17844605,2.927016496,57.10726338,1.623080559,7.082981393
1891,Hoka,0.01351,4.41962,0.15657,0.44567,679.80088,39.01332,0.80398,0.4163,0.84575,39.40801,0.04,0.036824143,0.11,51.86927836,51.71876859,51.3085248,2.071218191,10.25609465,0.884525272,11.14061992,52.31490316,2.156096699,4.619954143
1892,Hoka,0.01895,2.5083,0.55901,0.96769,491.1197,83.01487,0.49169,0.49595,-0.12554,23.98307,0.04,0.037215717,0.11,41.99850752,41.70003643,41.11387201,1.607009869,14.65411039,1.096342957,15.75045335,42.62852565,1.870367644,2.714465717
1893,Hoka,0.021,2.26421,0.82267,0.40816,915.40545,100.41034,0.98239,0.88847,10.80623,20.68492,0.04,0.033345395,0.11,32.97317642,32.78149627,32.47713196,11.81026891,7.609107723,1.518518713,9.127626436,33.33828148,4.989148426,2.468555395
1894,Hoka,0.03796,3.99846,0.10203,0.71931,810.11318,81.69886,0.94555,0.41305,22.79348,-13.4599,0.04,0.036627821,0.11,11.62028079,11.72167447,11.81950982,22.49966268,-2.445883741,-0.225182833,-2.671066574,11.51343812,2.301651026,4.223047821
1895,Hoka,0.05523,6.45008,0.99348,0.62129,259.30428,51.38785,0.86884,0.87789,-4.98847,-3.71916,0.04,0.033987948,0.11,1.029436285,0.979450712,0.948690128,-4.888915175,0.7690146,0.13602926,0.905043861,1.065638039,4.422193689,6.689297948
1896,Hoka,0.08511,2.41362,0.14009,0.94733,936.16165,46.66635,0.99636,0.91816,18.55782,11.41808,0.04,0.033090149,0.11,49.22832712,48.24023304,47.85606924,19.83487733,9.604094879,2.005517203,11.60961208,49.69271161,5.220474256,2.681820149
1897,Hoka,0.01494,1.99795,0.30823,0.68582,27.25795,63.00222,0.62086,0.98307,15.68679,18.4354,0.04,0.035082233,0.11,18.35442566,18.33595717,18.29258932,15.82276947,1.084196258,0.15198075,1.236177008,18.40387274,3.504456609,2.197972233
1898,Hoka,0.02148,4.04549,0.35512,0.9617,516.69669,29.61048,0.85685,0.244,7.87195,28.2656,0.04,0.037968722,0.11,49.02255386,48.81284382,48.44215378,8.945884101,9.2672511,0.495786177,9.763037278,49.41307535,1.337468284,4.254938722
1899,Hoka,0.07223,2.46897,0.91424,0.90145,761.09138,36.33934,0.67069,0.59558,6.78734,16.48377,0.04,0.036193949,0.11,44.31060761,43.302082,42.79671686,8.323236678,12.63412848,1.328568587,13.96269707,44.86911549,2.628928044,2.727393949
1900,Hoka,0.01627,5.62615,0.15739,0.69544,525.29361,40.65836,0.98899,0.59357,24.90861,-2.00948,0.04,0.035255944,0.11,13.67299672,13.70458166,13.77302402,24.69506704,-1.711058781,-0.230240868,-1.94129965,13.59534473,3.364011673,5.827675944
1901,Hoka,0.08825,4.90006,0.51885,0.81177,46.72071,76.36721,0.65606,0.82037,-4.25047,22.51878,0.04,0.03536991,0.11,22.2386178,21.78325984,21.60075593,-3.682885011,4.562597767,0.597265774,5.159863541,22.44501234,3.272619047,5.17367991
1902,Hoka,0.0494,2.11865,0.28137,0.78686,253.90537,113.06298,0.81546,0.84403,34.14546,-2.16362,0.04,0.034431856,0.11,5.632855251,6.241950917,6.666491284,32.78917411,-10.61350918,-1.716362592,-12.32987177,5.139660381,4.042872539,2.352481856
1903,Hoka,0.01901,2.11237,0.56701,0.15242,651.58294,145.31186,0.52759,0.27911,20.17467,14.31963,0.04,0.038060566,0.11,15.14361124,15.18556909,15.26957433,19.93188391,-2.100130928,-0.107015349,-2.207146277,15.05532539,1.27391282,2.319440566
1904,Hoka,0.07137,3.53934,0.4582,0.67383,865.00652,107.95099,0.11347,0.65597,13.46026,25.3488,0.04,0.039045764,0.11,48.17099977,47.51209912,47.15162162,14.47579974,9.011937548,0.220241866,9.232179414,48.54028695,0.61097257,3.799755764
1905,Hoka,0.04512,4.54894,0.64979,0.8837,661.85671,143.18692,0.11429,0.86168,38.89178,-10.72572,0.04,0.039001159,0.11,10.89479533,11.16112628,11.39133939,38.24248027,-5.755327757,-0.147397029,-5.902724786,10.65868634,0.640263401,4.783061159
1906,Hoka,0.05348,6.87694,0.24755,0.42909,687.49995,14.28473,0.69298,0.07325,25.21653,18.67876,0.04,0.039362723,0.11,31.31660691,31.27052751,31.23661184,25.31130811,0.847891968,0.013727258,0.861619226,31.35107168,0.404746675,7.119782723
1907,Hoka,0.08308,0.79166,0.42598,0.6202,77.31192,57.69756,0.02365,0.2759,5.12779,8.74593,0.04,0.039797771,0.11,9.587921316,9.226248257,9.052996191,5.606654185,4.331301658,0.022009114,4.353310772,9.762053747,0.127035217,1.064537771
1908,Hoka,0.08923,5.0297,0.99905,0.69715,915.92176,31.12473,0.06438,0.55129,33.99818,29.48473,0.04,0.0394493,0.11,55.73015216,55.36207997,55.1993523,34.45192807,4.068191756,0.056790695,4.124982451,55.89515146,0.348992247,5.3083793
1909,Hoka,0.09762,0.36676,0.29649,0.96435,228.07966,108.94888,0.52098,0.59205,29.86759,-7.42207,0.04,0.03678225,0.11,2.525952397,6.893189844,8.538721682,24.94650703,-41.13829594,-3.598821932,-44.73711788,0.736467682,2.187026619,0.65116225
1910,Hoka,0.07936,4.14558,0.57122,0.43808,489.90877,134.21355,0.31426,0.56758,27.84922,36.36251,0.04,0.037812203,0.11,42.2289605,41.96798614,41.84364119,28.21095361,3.108623807,0.179863589,3.288487395,42.3605,1.446488863,4.412752203
1911,Hoka,0.0234,6.85855,0.87083,0.10106,550.46773,121.41608,0.8272,0.29071,20.27916,-7.27814,0.04,0.037645623,0.11,-9.288264022,-9.189840476,-9.031497928,19.81648522,-3.958563711,-0.247570697,-4.206134408,-9.456509398,1.563513403,7.069595623
1912,Hoka,0.02099,2.96673,0.48274,0.96693,622.9507,61.49465,0.19607,0.35011,19.00826,7.04689,0.04,0.038729544,0.11,31.78240363,31.69691548,31.53917765,19.45626842,3.943445828,0.129357975,4.072803803,31.94531578,0.820082112,3.176449544
1913,Hoka,0.00108,6.79277,0.35321,0.15219,159.93637,42.61228,0.41634,0.34277,26.81843,3.43333,0.04,0.037992782,0.11,3.968889753,3.972444645,4.097500431,26.45635764,-3.126394648,-0.165172298,-3.291566946,3.837227075,1.320788934,6.981842782
1914,Hoka,0.03918,2.90906,0.58166,0.29146,462.37547,148.96557,0.6752,0.89277,37.34871,25.13081,0.04,0.035010353,0.11,27.35210775,27.47872759,27.59187219,36.99321784,-2.828614986,-0.403131918,-3.231746904,27.22283787,3.562979761,3.133250353
1915,Hoka,0.05886,1.6942,0.04094,0.43355,547.65545,52.0591,0.8458,0.18912,12.76601,-11.95183,0.04,0.038398114,0.11,-1.422709151,-0.983494633,-0.696967125,11.94518776,-7.163187715,-0.29883264,-7.462020355,-1.721189966,1.042945726,1.941458114
1916,Hoka,0.05708,3.77715,0.58785,0.54386,712.50622,49.80787,0.7924,0.87809,31.67209,17.43628,0.04,0.034396754,0.11,32.99791042,32.97888932,32.9674271,31.70874593,0.286555648,0.046680038,0.333235686,33.01123984,4.072510736,4.018626754
1917,Hoka,0.09917,4.48776,0.70194,0.9122,350.65094,108.71306,0.64189,0.36276,10.25384,11.82603,0.04,0.037423519,0.11,22.31343304,22.06082203,21.96549488,10.53403776,2.383178671,0.164073661,2.547252332,22.41532314,1.721164083,4.774353519
1918,Hoka,0.08121,1.86298,0.1752,0.89726,967.0504,22.33267,0.09757,0.72308,35.10612,28.58136,0.04,0.03915952,0.11,65.55531356,64.37405884,63.80445696,36.70614487,14.24004686,0.305633771,14.54568063,66.13714079,0.536574377,2.13334952
1919,Hoka,0.04227,0.10303,0.96609,0.59433,486.06038,84.99896,0.06998,0.16025,23.38391,13.36451,0.04,0.039538026,0.11,22.47723865,22.60722527,22.72881066,23.04564343,-3.039634658,-0.035515997,-3.075150655,22.35423263,0.292107447,0.334838026
1920,Hoka,0.05835,6.52916,0.44904,0.10052,68.02988,120.71408,0.54178,0.88406,-4.31852,37.87223,0.04,0.035860612,0.11,35.57579681,35.23008089,35.01761158,-3.666784769,5.311732788,0.613132945,5.924865733,35.81279144,2.885748256,6.773370612
1921,Hoka,0.01086,6.93864,0.47849,0.54927,524.30553,61.36599,0.8285,0.72471,13.76734,-8.89389,0.04,0.034971072,0.11,2.414566347,2.431944827,2.487906527,13.59131488,-1.3990425,-0.201185838,-1.600228338,2.350557213,3.595063009,7.134471072
1922,Hoka,0.09866,2.82716,0.74864,0.79278,626.23854,138.90679,0.16606,0.16617,-3.97446,35.67346,0.04,0.03918994,0.11,52.00948592,50.21327186,49.4997758,-1.971788733,17.83740153,0.368700895,18.20610242,52.73773002,0.51675253,3.11500994
1923,Hoka,0.05834,5.2184,0.79697,0.38548,469.84731,79.45653,0.2885,0.81216,18.4563,-9.88787,0.04,0.037674852,0.11,-4.596474234,-4.348539869,-4.188428616,17.98882005,-4.002781336,-0.24703636,-4.249817697,-4.766466942,1.542904418,5.464414852
1924,Hoka,0.03571,2.89183,0.9664,0.25215,99.52272,4.8724,0.29456,0.37513,33.7398,17.02036,0.04,0.038274138,0.11,18.10996745,18.29142878,18.48591984,33.18083203,-4.862276582,-0.219250407,-5.081526988,17.90670637,1.127303245,3.115814138
1925,Hoka,0.04221,5.79656,0.27053,0.1199,91.20046,95.09122,0.16552,0.05453,24.55711,39.11701,0.04,0.039613365,0.11,38.38162031,38.28417622,38.1927266,24.81105101,2.286240447,0.022314211,2.308554658,38.4739625,0.244005511,6.028383365
1926,Hoka,0.04388,0.8251,0.63222,0.80272,683.39927,4.79967,0.41674,0.84736,9.30177,36.85874,0.04,0.036749255,0.11,58.63525537,56.5040247,54.71913093,14.64441753,44.62234428,3.947178692,48.56952297,60.57803629,2.211436196,1.055729255
1927,Hoka,0.09292,2.55652,0.20196,0.61915,608.95026,55.7309,0.48258,0.81702,20.38549,3.8917,0.04,0.036384101,0.11,19.80333933,19.82268728,19.83026323,20.36258564,-0.189398797,-0.018822695,-0.208221492,19.79501047,2.484532086,2.835824101
1928,Hoka,0.092,2.87673,0.69584,0.24345,654.90778,99.74937,0.74666,0.29616,31.93646,38.77408,0.04,0.037685677,0.11,42.55207357,42.23868905,42.11031831,32.31115889,3.209268492,0.197085048,3.40635354,42.68832771,1.535280145,3.156415677
1929,Hoka,0.07928,3.56139,0.61008,0.94272,911.38114,1.06093,0.58267,0.86502,-7.55689,-8.59626,0.04,0.035654413,0.11,28.35177905,27.59990495,27.26176632,-6.513674162,8.453465623,1.030314722,9.483780345,28.73113027,3.047018726,3.826324413
1930,Hoka,0.04585,1.37602,0.46512,0.26828,612.92071,127.92903,0.87198,0.18143,-9.75999,31.72574,0.04,0.038449441,0.11,35.1441791,33.83307252,32.73358909,-6.614478029,27.48708579,1.108477587,28.59556338,36.28800164,1.008180347,1.610319441
1931,Hoka,0.00256,4.51181,0.15874,0.28994,474.00999,12.87662,0.652,0.63389,15.0843,24.38877,0.04,0.036098396,0.11,30.14603777,30.13776434,30.02110127,15.43979885,2.916576856,0.31523087,3.231807727,30.27531008,2.702062091,4.700468396
1932,Hoka,0.0232,6.24813,0.37928,0.14382,255.28219,26.61348,0.63666,0.12184,35.53488,24.34398,0.04,0.038986519,0.11,25.56352653,25.5995583,25.66010802,35.36403969,-1.513742963,-0.039350789,-1.553093752,25.50140278,0.649892186,6.460316519
1933,Hoka,0.05479,2.46246,0.6773,0.76223,638.0182,34.57456,0.32531,0.47717,28.84458,15.7451,0.04,0.037924499,0.11,35.76725663,35.62494195,35.52643469,29.13030029,2.462681533,0.134775644,2.597457177,35.87115492,1.368179791,2.705174499
1934,Hoka,0.02521,2.88874,0.03287,0.31312,565.1079,22.56338,0.12055,0.5801,18.87856,39.12716,0.04,0.039012928,0.11,46.42846272,46.20171069,45.85080786,19.86795797,8.772570933,0.221956054,8.994526987,46.7882438,0.632528525,3.102962928
1935,Hoka,0.02437,5.16768,0.73423,0.39481,415.17627,54.86738,0.63408,0.46097,16.80467,23.09271,0.04,0.036931443,0.11,28.38121544,28.32837383,28.24829516,17.04318366,2.001966733,0.166339257,2.16830599,28.46794768,2.077198065,5.378981443
1936,Hoka,0.05144,2.58637,0.63509,0.62191,991.00199,104.47431,0.36975,0.31251,35.78043,-1.92591,0.04,0.038221612,0.11,22.18079921,22.4318965,22.61847005,35.2434801,-4.664338757,-0.217023944,-4.881362701,21.9855447,1.163208522,2.826031612
1937,Hoka,0.02231,3.48263,0.26176,0.7542,199.95368,85.13503,0.77301,0.83002,16.35304,3.51774,0.04,0.034713518,0.11,9.184142028,9.22796485,9.296151506,16.13697051,-1.704666404,-0.259601693,-1.964268097,9.105571304,3.807221347,3.689653518
1938,Hoka,0.02432,5.60367,0.70416,0.27609,40.28213,140.2137,0.98805,0.7859,17.48405,-0.85896,0.04,0.033965955,0.11,-4.515691161,-4.422995772,-4.293534939,17.06478631,-3.236520833,-0.574967219,-3.811488052,-4.668150683,4.441244541,5.811955955
1939,Hoka,0.0921,1.03302,0.49314,0.94477,186.47999,92.10796,0.06525,0.32652,-1.15759,-13.05605,0.04,0.03948186,0.11,-7.181839225,-6.746539881,-6.559933716,-1.677491497,-4.665154114,-0.061223129,-4.726377243,-7.370894315,0.328087387,1.31460186
1940,Hoka,0.09393,0.89904,0.866,0.4913,492.29403,24.92227,0.12416,0.7922,16.8537,6.32831,0.04,0.03893175,0.11,15.93784274,16.01317888,16.04440392,16.76547499,-0.78062596,-0.021419626,-0.802045586,15.90576092,0.685975985,1.18190175
1941,Hoka,0.01512,1.96375,0.88153,0.54751,997.72749,116.33629,0.18473,0.34429,4.95934,39.48119,0.04,0.038790384,0.11,57.7799818,57.40461734,56.4416192,7.690166142,24.0749535,0.750738697,24.8256922,58.77300949,0.779584784,2.167660384
1942,Hoka,0.03466,4.49706,0.67541,0.32387,990.3711,51.17404,0.96253,0.40891,27.66658,0.32144,0.04,0.0366351,0.11,12.89073152,13.00019968,13.11590588,27.31916231,-2.892654942,-0.265687715,-3.158342657,12.76439782,2.296227173,4.7183551
1943,Hoka,0.04466,5.15616,0.68105,0.96582,481.25409,60.59275,0.42729,0.5435,15.29049,12.99567,0.04,0.037322012,0.11,31.29070211,31.15709132,31.04543384,15.61958061,2.791437201,0.200295643,2.991732844,31.41037143,1.793839776,5.388142012
1944,Hoka,0.05878,4.70782,0.7993,0.79838,143.06983,90.91783,0.67286,0.17405,2.04453,-14.2909,0.04,0.038586999,0.11,-12.36694622,-12.19460149,-12.08146324,1.722006689,-2.828456043,-0.103574055,-2.932030098,-12.48422742,0.915464599,4.955186999
1945,Hoka,0.095,6.21546,0.09726,0.85531,719.9346,13.30818,0.92784,0.69216,11.5013,26.91021,0.04,0.034786261,0.11,53.36700219,52.7508767,52.52526932,12.21470845,5.640184642,0.845346737,6.485531379,53.62642344,3.746981663,6.495246261
1946,Hoka,0.09631,2.35531,0.65468,0.19262,249.71539,102.75797,0.64701,0.93486,-9.86771,26.04922,0.04,0.035048512,0.11,24.68335666,23.40186338,22.93551064,-8.404058666,11.65881851,1.64710271,13.30592122,25.21559351,3.531881701,2.636668512
1947,Hoka,0.0841,3.52865,0.98704,0.31957,961.94844,64.87748,0.9254,0.95004,27.20797,35.64674,0.04,0.033295268,0.11,46.02776191,45.60637602,45.43954895,27.75912872,4.170676631,0.839857208,5.010533838,46.22818327,5.03429828,3.796045268
1948,Hoka,0.02168,4.11328,0.21579,0.57067,299.88509,67.43547,0.06131,0.18292,14.66886,-8.85305,0.04,0.039565459,0.11,-1.890474017,-1.806682623,-1.653765418,14.24371916,-3.822930118,-0.041986586,-3.864916704,-2.045070685,0.274570715,4.324525459
1949,Hoka,0.04896,5.00121,0.72756,0.21931,512.84102,79.58471,0.22449,0.3808,14.84651,12.53009,0.04,0.038553162,0.11,14.90220549,14.90168097,14.90126793,14.84768846,0.010325791,0.00038751,0.010713302,14.90263402,0.938210005,5.238723162
1950,Hoka,0.04623,5.19819,0.8259,0.46166,866.01766,84.93775,0.60552,0.13327,35.86932,23.69583,0.04,0.038911184,0.11,38.01278611,37.99441297,37.97894854,35.91303719,0.386610806,0.010818173,0.39742898,38.02868327,0.69955193,5.433331184
1951,Hoka,0.00855,6.71625,0.69199,0.93251,881.53454,60.18561,0.0721,0.19512,17.61992,23.31704,0.04,0.039499102,0.11,57.01787623,56.9688745,56.7424974,18.25035157,5.659427523,0.07176858,5.731196103,57.24712407,0.317031095,6.914299102
1952,Hoka,0.06303,4.46482,0.91061,0.12347,334.38083,109.03119,0.7109,0.29236,29.55053,27.69557,0.04,0.037749171,0.11,25.21100397,25.26950349,25.30453933,29.44843659,-0.875895807,-0.052226102,-0.928121909,25.17387909,1.490648253,4.715599171
1953,Hoka,0.00984,6.37012,0.31889,0.55338,870.0977,133.66704,0.62261,0.19409,6.45944,-8.55607,0.04,0.038475292,0.11,10.50045673,10.4943659,10.47055019,6.527528573,0.595392661,0.023594362,0.618987024,10.52521621,0.990705953,6.568435292
1954,Hoka,0.05059,6.93066,0.85175,0.91417,773.03021,138.98584,0.08038,0.36727,23.54865,31.5417,0.04,0.039365768,0.11,56.93268229,56.69583063,56.51152845,24.06364669,4.607554669,0.074233465,4.681788134,57.11995382,0.402781252,7.170615768
1955,Hoka,0.0688,1.702,0.4234,0.2721,304.41592,9.45932,0.21179,0.20889,3.48581,-3.58978,0.04,0.038955279,0.11,-0.088075613,0.040004946,0.112525497,3.281030036,-1.813013764,-0.048622275,-1.861636039,-0.162541055,0.670462026,1.959755279
1956,Hoka,0.07991,2.62479,0.98649,0.63632,370.89615,145.78251,0.27724,0.9094,-7.79511,26.02914,0.04,0.037680241,0.11,29.51444067,28.46920618,27.97634311,-6.356293915,12.32157672,0.758569511,13.08014623,30.03764652,1.539108039,2.892380241
1957,Hoka,0.0089,6.16076,0.9804,0.16279,468.44635,10.83063,0.1866,0.74267,3.95108,-11.5863,0.04,0.038461714,0.11,-8.652591791,-8.634837673,-8.558112525,3.73164708,-1.918128694,-0.076716033,-1.994844728,-8.73238558,0.999881207,6.358121714
1958,Hoka,0.08765,5.42232,0.67471,0.85123,662.06636,60.96664,0.40576,0.21667,4.5985,-6.26302,0.04,0.038552986,0.11,16.36838523,16.18607079,16.10587951,4.82730306,2.004782063,0.075245757,2.08002782,16.45158635,0.938328392,5.698522986
1959,Hoka,0.09929,4.37358,0.40847,0.70693,58.35198,148.23001,0.62508,0.30898,19.86707,6.93265,0.04,0.037754234,0.11,6.211871853,6.50530074,6.616874742,19.54199016,-2.789350065,-0.165921226,-2.955271292,6.093661002,1.487095759,4.660624234
1960,Hoka,0.09785,2.268,0.31826,0.42297,268.22256,64.21095,0.72881,0.13258,-1.13915,8.38922,0.04,0.03887905,0.11,12.22081344,11.7009672,11.49441505,-0.554754644,5.163803696,0.148881357,5.312685053,12.43332084,0.72079307,2.55472905
1961,Hoka,0.03353,2.93306,0.29734,0.46965,271.966,114.63248,0.33362,0.92556,16.89461,32.18477,0.04,0.037239058,0.11,36.01068513,35.80484146,35.57622755,17.56990984,5.715347735,0.423741719,6.139089453,36.25624871,1.853525535,3.153829058
1962,Hoka,0.00159,4.56113,0.96399,0.44725,966.3376,107.45434,0.21459,0.76411,27.0439,27.38546,0.04,0.038243627,0.11,41.54966712,41.54477127,41.42701338,27.38260658,2.943947284,0.135203452,3.079150736,41.67283315,1.148147702,4.750963627
1963,Hoka,0.09262,4.551,0.06321,0.44195,537.99901,47.92121,0.11275,0.60166,1.79172,27.49352,0.04,0.039064722,0.11,37.4023795,36.71419334,36.42393421,2.609043227,7.256478272,0.173732887,7.430211159,37.69958795,0.59854409,4.832684722
1964,Hoka,0.03301,5.79258,0.77143,0.43023,41.11738,111.76359,0.67135,0.05388,4.54072,37.36852,0.04,0.039526505,0.11,34.19055923,34.02675637,33.83061717,5.086564138,4.903479789,0.058739643,4.962219432,34.38904801,0.29947938,6.015116505
1965,Hoka,0.08234,6.08144,0.10612,0.44373,627.48202,119.27464,0.82562,0.69115,-8.16073,29.1099,0.04,0.035160928,0.11,40.35772514,39.72449531,39.45409273,-7.314782934,6.760064507,0.930363363,7.69042787,40.66534226,3.44066008,6.348940928
1966,Hoka,0.03763,4.21302,0.93406,0.57659,299.24692,36.92434,0.06473,0.95289,38.09134,7.43689,0.04,0.039419589,0.11,13.66129229,13.87022142,14.08908669,37.48059847,-5.471631806,-0.080563953,-5.552195759,13.43920446,0.368098385,4.440069589
1967,Hoka,0.02718,0.39939,0.0472,0.73429,818.39534,15.50173,0.87655,0.65979,-6.06828,30.31884,0.04,0.035156807,0.11,52.32914532,49.55292073,45.96192762,5.167360351,89.77482768,12.36735733,102.142185,56.41483272,3.443993615,0.611726807
1968,Hoka,0.09759,1.14341,0.31895,0.2223,247.63663,129.36244,0.47981,0.60673,17.63445,20.74213,0.04,0.03691684,0.11,21.23782248,20.98445491,20.88860974,17.92003698,2.396129265,0.200115966,2.596245231,21.34167229,2.087908707,1.42791684
1969,Hoka,0.07504,0.4274,0.10008,0.1305,98.79334,78.66997,0.41471,0.61416,30.52168,21.83778,0.04,0.037206711,0.11,22.54702285,23.46816701,23.92489334,29.17138872,-11.41815838,-0.857216863,-12.27537525,22.05600784,1.876871983,0.689646711
1970,Hoka,0.03842,2.84225,0.34894,0.17267,610.11497,140.754,0.86737,0.79273,31.97319,35.41783,0.04,0.034442976,0.11,37.78592037,37.71209665,37.64591474,32.18455412,1.65454756,0.266944435,1.921491995,37.86278005,4.033495946,3.065112976
1971,Hoka,0.06754,2.61909,0.93109,0.85192,335.80375,45.62902,0.63509,0.16121,37.69174,29.91199,0.04,0.038697121,0.11,40.46389026,40.39785519,40.36002032,37.79928898,0.945871751,0.031846213,0.977717964,40.50299898,0.841715933,2.875327121
1972,Hoka,0.03943,6.95098,0.52881,0.60389,436.43781,97.78062,0.23323,0.1445,11.90096,36.11417,0.04,0.039125374,0.11,45.13895322,44.95538748,44.77323993,12.41306325,4.553688852,0.101795221,4.655484073,45.32517258,0.558861311,7.179535374
1973,Hoka,0.07173,2.27569,0.50837,0.24158,619.88136,83.28207,0.14953,0.87489,2.94939,27.02726,0.04,0.038706894,0.11,31.24396748,30.4308798,29.99212197,4.196283149,10.9689458,0.366446466,11.33539226,31.69738317,0.835190711,2.536126894
1974,Hoka,0.04882,0.16023,0.56326,0.83352,304.6849,144.18034,0.5729,0.64771,4.7915,12.98727,0.04,0.036374408,0.11,18.90929855,16.9701213,15.52529493,9.160805562,36.12065934,3.600300311,39.72095965,20.49813694,2.491856722,0.395424408
1975,Hoka,0.08758,3.2382,0.30316,0.65296,77.88588,69.77727,0.73999,0.23101,18.6931,9.53675,0.04,0.038140366,0.11,10.9177,11.11372335,11.19908991,18.44689574,-2.134163761,-0.104056803,-2.238220565,10.82817118,1.218941175,3.513920366
1976,Hoka,0.0565,6.11891,0.72403,0.60404,724.79315,61.75183,0.05081,0.18893,-2.69252,13.74987,0.04,0.039622855,0.11,30.63017282,30.33250921,30.12376085,-2.112997918,5.218708912,0.049673654,5.268382566,30.84090812,0.237959496,6.365032855
1977,Hoka,0.05376,6.67253,0.61556,0.54961,260.78766,15.90787,0.27903,0.27513,35.83051,-8.67532,0.04,0.03858411,0.11,-2.645401385,-2.34452824,-2.12858846,35.21488414,-5.398494492,-0.19810419,-5.596598682,-2.869265332,0.9174048,6.91487411
1978,Hoka,0.00609,3.92675,0.38088,0.56907,456.49481,147.81289,0.64901,0.55494,31.64757,-11.97975,0.04,0.03644971,0.11,-2.795125201,-2.743705461,-2.435949372,30.71880623,-7.693902217,-0.749404743,-8.44330696,-3.132857479,2.435060657,4.11928971
1979,Hoka,0.08931,4.92555,0.78229,0.67633,352.4599,106.62383,0.70776,0.49486,11.63142,38.72182,0.04,0.036570917,0.11,45.1994336,44.61859481,44.38075126,12.3468188,5.946088748,0.557536726,6.503625474,45.45957862,2.344132209,5.201430917
1980,Hoka,0.07644,1.5202,0.4037,0.98601,795.0757,71.23649,0.22203,0.56822,14.36,28.91097,0.04,0.038337975,0.11,60.68363673,58.65439691,57.63664513,17.28015149,25.44379434,1.103037423,26.54683176,61.74551,1.083798085,1.784977975
1981,Hoka,0.02057,6.2069,0.76793,0.74814,922.46549,147.54725,0.86174,0.59591,39.3719,37.29182,0.04,0.035583489,0.11,62.22781748,62.15404652,62.02643214,39.76639707,3.190359568,0.395977424,3.586336992,62.37127096,3.102921594,6.413053489
1982,Hoka,0.05898,2.48511,0.24803,0.21876,102.14956,0.28544,0.23399,0.20944,8.60559,4.00404,0.04,0.038897146,0.11,5.025710752,5.104114869,5.155822165,8.459363265,-1.292682408,-0.036651545,-1.329333953,4.972537394,0.708827336,2.732987146
1983,Hoka,0.0705,1.6059,0.50556,0.28728,238.85589,104.73129,0.58792,0.9318,-4.10937,22.18364,0.04,0.035441341,0.11,22.28544948,21.26404617,20.75057238,-2.515691078,12.83684495,1.65114525,14.4879902,22.86496909,3.215636819,1.861841341
1984,Hoka,0.03502,2.28222,0.76449,0.42161,277.09745,90.46806,0.13959,0.68372,-3.71257,-12.36891,0.04,0.038837907,0.11,-10.1914255,-10.0994213,-9.997386731,-4.001560912,-2.550864151,-0.076325962,-2.627190113,-10.2965131,0.748040249,2.506077907
1985,Hoka,0.00209,2.45001,0.67024,0.21316,375.02246,98.59829,0.36405,0.09956,-7.01793,20.37275,0.04,0.03924057,0.11,20.55123067,20.52908073,20.11320686,-5.852143517,10.39684673,0.20121221,10.59805894,20.97515303,0.483829894,2.64134057
1986,Hoka,0.02577,1.97452,0.06538,0.34037,702.40829,58.185,0.55081,0.86096,2.80244,23.40995,0.04,0.03586078,0.11,33.07505768,32.71155789,32.20572219,4.354049503,12.6458926,1.459648333,14.10554093,33.63927932,2.885617447,2.18615078
1987,Hoka,0.02805,3.24622,0.77858,0.36596,327.57109,73.31325,0.09504,0.59663,7.27697,22.02691,0.04,0.039201149,0.11,24.55536261,24.41379316,24.21594343,7.832144296,4.946243307,0.100795751,5.047039059,24.75724417,0.509456092,3.463471149
1988,Hoka,0.08113,3.17946,0.43269,0.90314,803.44906,6.84502,0.02492,0.7591,6.24644,3.24231,0.04,0.039775586,0.11,34.33310954,33.66494906,33.33737018,7.152364474,8.189472054,0.046204982,8.235677036,34.66253662,0.14104994,3.450365586
1989,Hoka,0.08994,3.83494,0.32574,0.33018,890.33932,61.04269,0.2232,0.96342,28.24277,24.37607,0.04,0.038076922,0.11,36.21465696,36.03861986,35.96409295,28.45806999,1.863172889,0.094099704,1.957272594,36.29294786,1.262627116,4.112956922
1990,Hoka,0.05212,5.82836,0.21804,0.52054,963.14446,68.7875,0.77231,0.30835,13.8985,-14.70548,0.04,0.037576314,0.11,6.489630002,6.553688844,6.599872557,13.76330291,-1.15459283,-0.074471667,-1.229064496,6.440467422,1.612509289,6.068056314
1991,Hoka,0.02108,2.30162,0.45024,0.42481,789.22922,75.07566,0.40827,0.1718,37.226,17.38575,0.04,0.038782681,0.11,30.60039162,30.65690337,30.76087289,36.93110944,-2.599237869,-0.081585441,-2.68082331,30.49315869,0.784705409,2.511482681
1992,Hoka,0.03745,3.34449,0.28644,0.45063,208.39002,6.61351,0.09642,0.24494,2.87395,39.72669,0.04,0.039332867,0.11,43.26965335,42.84124718,42.39130211,4.132285885,11.24862678,0.190790355,11.43941714,43.72723004,0.424030325,3.571272867
1993,Hoka,0.02895,1.63495,0.0779,0.30403,672.48201,149.42841,0.68414,0.97523,16.40921,-14.75162,0.04,0.034678549,0.11,-5.875525108,-5.518812328,-5.091514173,15.05382465,-10.68245387,-1.63923109,-12.32168496,-6.368392506,3.836269994,1.848578549
1994,Hoka,0.0468,4.81418,0.62952,0.43699,758.63982,123.37635,0.671,0.05278,36.01617,13.53441,0.04,0.039535837,0.11,24.662015,24.76806684,24.85765763,35.76690284,-2.239769515,-0.02629557,-2.266065086,24.5713724,0.29350755,5.050515837
1995,Hoka,0.066,5.8006,0.39577,0.8509,247.47572,138.17602,0.22792,0.48155,0.19161,25.51017,0.04,0.038396474,0.11,32.07601408,31.72616006,31.52262733,0.774700026,5.088318382,0.212500033,5.300818415,32.28804681,1.04405826,6.054996474
1996,Hoka,0.05666,0.49499,0.79494,0.13645,308.1389,41.85355,0.31641,0.15661,10.57422,29.03113,0.04,0.03895967,0.11,28.39517549,26.95395168,25.96295974,13.37221893,24.77479863,0.661555254,25.43635388,29.41262965,0.66756875,0.74060967
1997,Hoka,0.05337,3.06538,0.10772,0.31377,7.3877,41.12647,0.89579,0.98628,29.43278,0.42141,0.04,0.033280672,0.11,0.682128485,1.152517156,1.445843955,28.46326991,-7.333169974,-1.48055816,-8.813728135,0.32957936,5.047469804,3.302030672
1998,Hoka,0.06425,5.61457,0.0911,0.93756,904.41755,74.59796,0.56845,0.59902,3.75725,0.69326,0.04,0.03656431,0.11,37.03648052,36.6694334,36.46054896,4.385657529,5.222110901,0.490684813,5.712795714,37.26499235,2.349073116,5.86538431
1999,Hoka,0.00654,0.20119,0.12795,0.12092,632.67907,130.61715,0.46307,0.14169,26.31063,12.95553,0.04,0.038919194,0.11,16.6397773,16.81711508,17.87244283,23.32788445,-26.38319358,-0.732675092,-27.11586867,15.55514256,0.694263082,0.396649194
2000,Hoka,0.09892,5.41432,0.70028,0.31861,267.06993,74.26407,0.91693,0.14796,1.08323,22.83612,0.04,0.038710285,0.11,24.11192939,23.70959471,23.5521494,1.530630066,3.936132747,0.131140583,4.06727333,24.27462032,0.832927848,5.701950285
2001,Haji,0,0,0.02,0.1,0,0,0.02,0.02,-10,-15,0.04,0.039908012,0.11,-13.94685855,-13.94685855,-12.896139,-12.896139,-26.26798867,-0.060547683,-26.32853635,-15,0.057624971,0.189908012
2002,Haji,0.1,7,1,1,1000,150,1,1,40,40,0.04,0.032568121,0.11,76.75353553,76.24607002,76.08079804,40.55821207,4.131799608,0.94285553,5.074655139,76.95652174,5.704872088,7.282568121
